{"type": "FeatureCollection", "name": "infixo_hex_grid_1500m_indore", "crs": {"type": "name", "properties": {"name": "urn:ogc:def:crs:OGC:1.3:CRS84"}}, "grid_metadata": {"GRID_VERSION": 1, "CRS": "EPSG:32643", "FLAT_TO_FLAT": 1500.0, "ANCHOR_E": 500000.0, "ANCHOR_N": 2500000.0, "ORIENTATION": "pointy-top", "side_length_m": 866.0254037844387, "circumradius_m": 866.0254037844387, "col_spacing_dx": 1500.0, "row_spacing_dy": 1299.038105676658, "flat_to_flat_measured": 1500.0000000000002}, "features": [{"type": "Feature", "properties": {"hex_id": "H-R002-C058", "grid_row": 2, "grid_col": 58, "centroid_lon": 75.84661, "centroid_lat": 22.6280933, "area_m2_theoretical": 1948557.159, "area_m2_within_imc_boundary": 980972.92, "pct_within_imc_boundary": 50.3436, "primary_ward_sourcewardcode": "79", "primary_ward_name": "Sukhniwas", "num_intersecting_wards": 2, "is_multi_ward": true, "grid_version": 1}, "geometry": {"type": "Polygon", "coordinates": [[[75.84665792586186, 22.635916012215638], [75.8393359987955, 22.63204302315207], [75.83928850151628, 22.624220307053942], [75.84656210557087, 22.620270609409012], [75.85388358810141, 22.62414328708902], [75.85393191110785, 22.63196597367086], [75.84665792586186, 22.635916012215638]]]}}, {"type": "Feature", "properties": {"hex_id": "H-R002-C059", "grid_row": 2, "grid_col": 59, "centroid_lon": 75.8612055, "centroid_lat": 22.6280156, "area_m2_theoretical": 1948557.159, "area_m2_within_imc_boundary": 806676.564, "pct_within_imc_boundary": 41.3987, "primary_ward_sourcewardcode": "77", "primary_ward_name": "Billavali", "num_intersecting_wards": 1, "is_multi_ward": false, "grid_version": 1}, "geometry": {"type": "Polygon", "coordinates": [[[75.86125421935756, 22.635838283858423], [75.85393191110785, 22.63196597367086], [75.85388358810141, 22.62414328708902], [75.86115674762823, 22.620192940593068], [75.8684786108044, 22.624064939659792], [75.86852775952188, 22.631887596216647], [75.86125421935756, 22.635838283858423]]]}}, {"type": "Feature", "properties": {"hex_id": "H-R002-C060", "grid_row": 2, "grid_col": 60, "centroid_lon": 75.8758009, "centroid_lat": 22.6279366, "area_m2_theoretical": 1948557.159, "area_m2_within_imc_boundary": 718897.773, "pct_within_imc_boundary": 36.8939, "primary_ward_sourcewardcode": "77", "primary_ward_name": "Billavali", "num_intersecting_wards": 1, "is_multi_ward": false, "grid_version": 1}, "geometry": {"type": "Polygon", "coordinates": [[[75.87585044840093, 22.635759227285746], [75.86852775952188, 22.631887596216647], [75.8684786108044, 22.624064939659792], [75.87575132526585, 22.620113944579042], [75.8830735685338, 22.623985264790146], [75.88312354294588, 22.631807890813345], [75.87585044840093, 22.635759227285746]]]}}, {"type": "Feature", "properties": {"hex_id": "H-R003-C057", "grid_row": 3, "grid_col": 57, "centroid_lon": 75.8393835, "centroid_lat": 22.6398657, "area_m2_theoretical": 1948557.159, "area_m2_within_imc_boundary": 1948557.158, "pct_within_imc_boundary": 100.0, "primary_ward_sourcewardcode": "79", "primary_ward_name": "Sukhniwas", "num_intersecting_wards": 1, "is_multi_ward": false, "grid_version": 1}, "geometry": {"type": "Polygon", "coordinates": [[[75.83943105616582, 22.647688432184303], [75.83210868454769, 22.643815131419856], [75.83206156900573, 22.635992412333696], [75.8393359987955, 22.63204302315207], [75.84665792586186, 22.635916012215638], [75.84670586768492, 22.64373870203504], [75.83943105616582, 22.647688432184303]]]}}, {"type": "Feature", "properties": {"hex_id": "H-R003-C058", "grid_row": 3, "grid_col": 58, "centroid_lon": 75.8539803, "centroid_lat": 22.6397887, "area_m2_theoretical": 1948557.159, "area_m2_within_imc_boundary": 1948557.159, "pct_within_imc_boundary": 100.0, "primary_ward_sourcewardcode": "77", "primary_ward_name": "Billavali", "num_intersecting_wards": 2, "is_multi_ward": true, "grid_version": 1}, "geometry": {"type": "Polygon", "coordinates": [[[75.8540286210244, 22.647611323660794], [75.84670586768492, 22.64373870203504], [75.84665792586186, 22.635916012215638], [75.85393191110785, 22.63196597367086], [75.86125421935756, 22.635838283858423], [75.86130298744567, 22.643660943902276], [75.8540286210244, 22.647611323660794]]]}}, {"type": "Feature", "properties": {"hex_id": "H-R003-C059", "grid_row": 3, "grid_col": 59, "centroid_lon": 75.8685769, "centroid_lat": 22.6397102, "area_m2_theoretical": 1948557.159, "area_m2_within_imc_boundary": 1948557.158, "pct_within_imc_boundary": 100.0, "primary_ward_sourcewardcode": "77", "primary_ward_name": "Billavali", "num_intersecting_wards": 1, "is_multi_ward": false, "grid_version": 1}, "geometry": {"type": "Polygon", "coordinates": [[[75.86862612195233, 22.64753288614672], [75.86130298744567, 22.643660943902276], [75.86125421935756, 22.635838283858423], [75.86852775952188, 22.631887596216647], [75.87585044840093, 22.635759227285746], [75.8759000427378, 22.643581857045287], [75.86862612195233, 22.64753288614672]]]}}, {"type": "Feature", "properties": {"hex_id": "H-R003-C060", "grid_row": 3, "grid_col": 60, "centroid_lon": 75.8831735, "centroid_lat": 22.6396305, "area_m2_theoretical": 1948557.159, "area_m2_within_imc_boundary": 1702337.899, "pct_within_imc_boundary": 87.364, "primary_ward_sourcewardcode": "77", "primary_ward_name": "Billavali", "num_intersecting_wards": 1, "is_multi_ward": false, "grid_version": 1}, "geometry": {"type": "Polygon", "coordinates": [[[75.88322355785735, 22.647453119666036], [75.8759000427378, 22.643581857045287], [75.87585044840093, 22.635759227285746], [75.88312354294588, 22.631807890813345], [75.89044661190013, 22.63567884252172], [75.89049703246917, 22.643501441488198], [75.88322355785735, 22.647453119666036]]]}}, {"type": "Feature", "properties": {"hex_id": "H-R004-C056", "grid_row": 4, "grid_col": 56, "centroid_lon": 75.8175577, "centroid_lat": 22.651713, "area_m2_theoretical": 1948557.159, "area_m2_within_imc_boundary": 1176176.304, "pct_within_imc_boundary": 60.3614, "primary_ward_sourcewardcode": "79", "primary_ward_name": "Sukhniwas", "num_intersecting_wards": 1, "is_multi_ward": false, "grid_version": 1}, "geometry": {"type": "Polygon", "coordinates": [[[75.81760407881364, 22.659535704562444], [75.81028164544175, 22.65566141262131], [75.81023573902597, 22.647838662166], [75.81751143912618, 22.643890232033403], [75.8248334284689, 22.64776421169375], [75.82488016173544, 22.655586933640794], [75.81760407881364, 22.659535704562444]]]}}, {"type": "Feature", "properties": {"hex_id": "H-R004-C057", "grid_row": 4, "grid_col": 57, "centroid_lon": 75.8321558, "centroid_lat": 22.6516378, "area_m2_theoretical": 1948557.159, "area_m2_within_imc_boundary": 1948539.171, "pct_within_imc_boundary": 99.9991, "primary_ward_sourcewardcode": "79", "primary_ward_name": "Sukhniwas", "num_intersecting_wards": 2, "is_multi_ward": true, "grid_version": 1}, "geometry": {"type": "Polygon", "coordinates": [[[75.83220297792117, 22.659460546423478], [75.82488016173544, 22.655586933640794], [75.8248334284689, 22.64776421169375], [75.83210868454769, 22.643815131419856], [75.83943105616582, 22.647688432184296], [75.8394786162675, 22.655511125114188], [75.83220297792117, 22.659460546423478]]]}}, {"type": "Feature", "properties": {"hex_id": "H-R004-C058", "grid_row": 4, "grid_col": 58, "centroid_lon": 75.8467538, "centroid_lat": 22.6515614, "area_m2_theoretical": 1948557.159, "area_m2_within_imc_boundary": 1948557.158, "pct_within_imc_boundary": 100.0, "primary_ward_sourcewardcode": "79", "primary_ward_name": "Sukhniwas", "num_intersecting_wards": 2, "is_multi_ward": true, "grid_version": 1}, "geometry": {"type": "Polygon", "coordinates": [[[75.84680181471285, 22.659384058495498], [75.8394786162675, 22.655511125114188], [75.83943105616582, 22.647688432184296], [75.84670586768492, 22.643738702035037], [75.8540286210244, 22.64761132366079], [75.8540770079453, 22.655433987064658], [75.84680181471285, 22.659384058495498]]]}}, {"type": "Feature", "properties": {"hex_id": "H-R004-C059", "grid_row": 4, "grid_col": 59, "centroid_lon": 75.8613518, "centroid_lat": 22.6514836, "area_m2_theoretical": 1948557.159, "area_m2_within_imc_boundary": 1948557.159, "pct_within_imc_boundary": 100.0, "primary_ward_sourcewardcode": "77", "primary_ward_name": "Billavali", "num_intersecting_wards": 2, "is_multi_ward": true, "grid_version": 1}, "geometry": {"type": "Polygon", "coordinates": [[[75.86140058809596, 22.659306240801843], [75.8540770079453, 22.655433987064658], [75.8540286210244, 22.64761132366079], [75.86130298744567, 22.643660943902272], [75.86862612195233, 22.647532886146717], [75.86867533567629, 22.65535551951572], [75.86140058809596, 22.659306240801843]]]}}, {"type": "Feature", "properties": {"hex_id": "H-R004-C060", "grid_row": 4, "grid_col": 60, "centroid_lon": 75.8759497, "centroid_lat": 22.6514045, "area_m2_theoretical": 1948557.159, "area_m2_within_imc_boundary": 1948557.158, "pct_within_imc_boundary": 100.0, "primary_ward_sourcewardcode": "77", "primary_ward_name": "Billavali", "num_intersecting_wards": 1, "is_multi_ward": false, "grid_version": 1}, "geometry": {"type": "Polygon", "coordinates": [[[75.87599929697781, 22.659227093366265], [75.86867533567629, 22.65535551951572], [75.86862612195233, 22.647532886146717], [75.8759000427378, 22.643581857045287], [75.88322355785735, 22.64745311966603], [75.88327359836788, 22.655275722491318], [75.87599929697781, 22.659227093366265]]]}}, {"type": "Feature", "properties": {"hex_id": "H-R005-C054", "grid_row": 5, "grid_col": 54, "centroid_lon": 75.7957282, "centroid_lat": 22.6635573, "area_m2_theoretical": 1948557.159, "area_m2_within_imc_boundary": 1366643.912, "pct_within_imc_boundary": 70.1362, "primary_ward_sourcewardcode": "79", "primary_ward_name": "Sukhniwas", "num_intersecting_wards": 1, "is_multi_ward": false, "grid_version": 1}, "geometry": {"type": "Polygon", "coordinates": [[[75.7957732871597, 22.671380095787654], [75.78845079364994, 22.667504812070693], [75.78840609802215, 22.659682031381994], [75.79568306847904, 22.655734562033032], [75.80300511848304, 22.659609532889462], [75.8030506415309, 22.667432285828657], [75.7957732871597, 22.671380095787654]]]}}, {"type": "Feature", "properties": {"hex_id": "H-R005-C055", "grid_row": 5, "grid_col": 55, "centroid_lon": 75.8103276, "centroid_lat": 22.6634842, "area_m2_theoretical": 1948557.159, "area_m2_within_imc_boundary": 1921179.108, "pct_within_imc_boundary": 98.595, "primary_ward_sourcewardcode": "79", "primary_ward_name": "Sukhniwas", "num_intersecting_wards": 1, "is_multi_ward": false, "grid_version": 1}, "geometry": {"type": "Polygon", "coordinates": [[[75.81037351894742, 22.671306890367955], [75.8030506415309, 22.667432285828657], [75.80300511848304, 22.659609532889462], [75.81028164544175, 22.65566141262131], [75.81760407881364, 22.659535704562444], [75.81765042926634, 22.667358429243162], [75.81037351894742, 22.671306890367955]]]}}, {"type": "Feature", "properties": {"hex_id": "H-R005-C056", "grid_row": 5, "grid_col": 56, "centroid_lon": 75.8249269, "centroid_lat": 22.6634096, "area_m2_theoretical": 1948557.159, "area_m2_within_imc_boundary": 1948557.159, "pct_within_imc_boundary": 100.0, "primary_ward_sourcewardcode": "79", "primary_ward_name": "Sukhniwas", "num_intersecting_wards": 4, "is_multi_ward": true, "grid_version": 1}, "geometry": {"type": "Polygon", "coordinates": [[[75.82497369003538, 22.671232354361493], [75.81765042926634, 22.667358429243162], [75.81760407881364, 22.659535704562444], [75.82488016173544, 22.655586933640794], [75.83220297792117, 22.659460546423478], [75.83225015576319, 22.667283242336744], [75.82497369003538, 22.671232354361493]]]}}, {"type": "Feature", "properties": {"hex_id": "H-R005-C057", "grid_row": 5, "grid_col": 57, "centroid_lon": 75.8395262, "centroid_lat": 22.6633338, "area_m2_theoretical": 1948557.159, "area_m2_within_imc_boundary": 1948557.158, "pct_within_imc_boundary": 100.0, "primary_ward_sourcewardcode": "77", "primary_ward_name": "Billavali", "num_intersecting_wards": 3, "is_multi_ward": true, "grid_version": 1}, "geometry": {"type": "Polygon", "coordinates": [[[75.83957379933041, 22.67115648779104], [75.83225015576319, 22.667283242336744], [75.83220297792117, 22.659460546423478], [75.8394786162675, 22.655511125114188], [75.84680181471285, 22.659384058495498], [75.84684981992842, 22.667206725132367], [75.83957379933041, 22.67115648779104]]]}}, {"type": "Feature", "properties": {"hex_id": "H-R005-C058", "grid_row": 5, "grid_col": 58, "centroid_lon": 75.8541254, "centroid_lat": 22.6632566, "area_m2_theoretical": 1948557.159, "area_m2_within_imc_boundary": 1948557.159, "pct_within_imc_boundary": 100.0, "primary_ward_sourcewardcode": "77", "primary_ward_name": "Billavali", "num_intersecting_wards": 2, "is_multi_ward": true, "grid_version": 1}, "geometry": {"type": "Polygon", "coordinates": [[[75.85417384573934, 22.67107929067975], [75.84684981992842, 22.667206725132367], [75.84680181471285, 22.659384058495498], [75.8540770079453, 22.655433987064658], [75.86140058809596, 22.659306240801843], [75.86144942066903, 22.667128877653358], [75.85417384573934, 22.67107929067975]]]}}, {"type": "Feature", "properties": {"hex_id": "H-R005-C059", "grid_row": 5, "grid_col": 59, "centroid_lon": 75.8687246, "centroid_lat": 22.6631781, "area_m2_theoretical": 1948557.159, "area_m2_within_imc_boundary": 1948557.159, "pct_within_imc_boundary": 100.0, "primary_ward_sourcewardcode": "77", "primary_ward_name": "Billavali", "num_intersecting_wards": 1, "is_multi_ward": false, "grid_version": 1}, "geometry": {"type": "Polygon", "coordinates": [[[75.86877382816905, 22.67100076305117], [75.86144942066903, 22.667128877653358], [75.86140058809596, 22.659306240801843], [75.86867533567629, 22.65535551951572], [75.87599929697781, 22.659227093366265], [75.87604895689202, 22.667049699923485], [75.86877382816905, 22.67100076305117]]]}}, {"type": "Feature", "properties": {"hex_id": "H-R005-C060", "grid_row": 5, "grid_col": 60, "centroid_lon": 75.8833237, "centroid_lat": 22.6630983, "area_m2_theoretical": 1948557.159, "area_m2_within_imc_boundary": 1948557.158, "pct_within_imc_boundary": 100.0, "primary_ward_sourcewardcode": "77", "primary_ward_name": "Billavali", "num_intersecting_wards": 1, "is_multi_ward": false, "grid_version": 1}, "geometry": {"type": "Polygon", "coordinates": [[[75.88337374552643, 22.67092090492926], [75.87604895689202, 22.667049699923485], [75.87599929697781, 22.659227093366265], [75.88327359836788, 22.655275722491318], [75.89059794026569, 22.659146616212897], [75.89064842750444, 22.66696919196691], [75.88337374552643, 22.67092090492926]]]}}, {"type": "Feature", "properties": {"hex_id": "H-R005-C061", "grid_row": 5, "grid_col": 61, "centroid_lon": 75.8979227, "centroid_lat": 22.6630172, "area_m2_theoretical": 1948557.159, "area_m2_within_imc_boundary": 1710964.418, "pct_within_imc_boundary": 87.8067, "primary_ward_sourcewardcode": "77", "primary_ward_name": "Billavali", "num_intersecting_wards": 2, "is_multi_ward": true, "grid_version": 1}, "geometry": {"type": "Polygon", "coordinates": [[[75.8979735967184, 22.670839716338403], [75.89064842750444, 22.66696919196691], [75.89059794026569, 22.659146616212897], [75.89787179492757, 22.655194596015807], [75.90519651686698, 22.659064809366313], [75.90524783141338, 22.66688735380819], [75.8979735967184, 22.670839716338403]]]}}, {"type": "Feature", "properties": {"hex_id": "H-R005-C062", "grid_row": 5, "grid_col": 62, "centroid_lon": 75.9125216, "centroid_lat": 22.6629347, "area_m2_theoretical": 1948557.159, "area_m2_within_imc_boundary": 1948557.159, "pct_within_imc_boundary": 100.0, "primary_ward_sourcewardcode": "75", "primary_ward_name": "Paalada", "num_intersecting_wards": 1, "is_multi_ward": false, "grid_version": 1}, "geometry": {"type": "Polygon", "coordinates": [[[75.9125733806519, 22.670757197303367], [75.90524783141338, 22.66688735380819], [75.90519651686698, 22.659064809366313], [75.91246992426287, 22.655112140113932], [75.91979502568906, 22.65898167285146], [75.91984716752594, 22.666804185472312], [75.9125733806519, 22.670757197303367]]]}}, {"type": "Feature", "properties": {"hex_id": "H-R006-C054", "grid_row": 6, "grid_col": 54, "centroid_lon": 75.7884955, "centroid_lat": 22.6753276, "area_m2_theoretical": 1948557.159, "area_m2_within_imc_boundary": 764755.082, "pct_within_imc_boundary": 39.2472, "primary_ward_sourcewardcode": "79", "primary_ward_name": "Sukhniwas", "num_intersecting_wards": 1, "is_multi_ward": false, "grid_version": 1}, "geometry": {"type": "Polygon", "coordinates": [[[75.78854024396293, 22.683150350288486], [75.78121730693238, 22.679274753393578], [75.78117299576546, 22.671451970598284], [75.78845079364994, 22.667504812070685], [75.7957732871597, 22.671380095787654], [75.7958184263008, 22.679202851083417], [75.78854024396293, 22.683150350288486]]]}}, {"type": "Feature", "properties": {"hex_id": "H-R006-C055", "grid_row": 6, "grid_col": 55, "centroid_lon": 75.8030962, "centroid_lat": 22.675255, "area_m2_theoretical": 1948557.159, "area_m2_within_imc_boundary": 1948557.159, "pct_within_imc_boundary": 100.0, "primary_ward_sourcewardcode": "79", "primary_ward_name": "Sukhniwas", "num_intersecting_wards": 1, "is_multi_ward": false, "grid_version": 1}, "geometry": {"type": "Polygon", "coordinates": [[[75.80314174777722, 22.68307776853829], [75.7958184263008, 22.679202851083417], [75.7957732871597, 22.671380095787654], [75.8030506415309, 22.667432285828657], [75.81037351894742, 22.67130689036795], [75.81041948604756, 22.67912961765509], [75.80314174777722, 22.68307776853829]]]}}, {"type": "Feature", "properties": {"hex_id": "H-R006-C056", "grid_row": 6, "grid_col": 56, "centroid_lon": 75.8176968, "centroid_lat": 22.6751811, "area_m2_theoretical": 1948557.159, "area_m2_within_imc_boundary": 1948557.159, "pct_within_imc_boundary": 100.0, "primary_ward_sourcewardcode": "79", "primary_ward_name": "Sukhniwas", "num_intersecting_wards": 4, "is_multi_ward": true, "grid_version": 1}, "geometry": {"type": "Polygon", "coordinates": [[[75.81774319141549, 22.683003855426506], [75.81041948604756, 22.67912961765509], [75.81037351894742, 22.67130689036795], [75.81765042926634, 22.66735842924316], [75.82497369003538, 22.67123235436149], [75.82502048507921, 22.679055053130966], [75.81774319141549, 22.683003855426506]]]}}, {"type": "Feature", "properties": {"hex_id": "H-R006-C057", "grid_row": 6, "grid_col": 57, "centroid_lon": 75.8322974, "centroid_lat": 22.6751059, "area_m2_theoretical": 1948557.159, "area_m2_within_imc_boundary": 1948557.159, "pct_within_imc_boundary": 100.0, "primary_ward_sourcewardcode": "80", "primary_ward_name": "Dr Rajendra Prasaad", "num_intersecting_wards": 3, "is_multi_ward": true, "grid_version": 1}, "geometry": {"type": "Polygon", "coordinates": [[[75.83234457378414, 22.682928610975715], [75.82502048507921, 22.679055053130966], [75.82497369003538, 22.67123235436149], [75.83225015576319, 22.66728324233674], [75.83957379933041, 22.671156487791038], [75.83962142230226, 22.678979157533803], [75.83234457378414, 22.682928610975715]]]}}, {"type": "Feature", "properties": {"hex_id": "H-R006-C058", "grid_row": 6, "grid_col": 58, "centroid_lon": 75.8468978, "centroid_lat": 22.6750294, "area_m2_theoretical": 1948557.159, "area_m2_within_imc_boundary": 1948557.158, "pct_within_imc_boundary": 100.0, "primary_ward_sourcewardcode": "78", "primary_ward_name": "Choithram", "num_intersecting_wards": 2, "is_multi_ward": true, "grid_version": 1}, "geometry": {"type": "Polygon", "coordinates": [[[75.84694589378957, 22.682852035208864], [75.83962142230226, 22.678979157533803], [75.83957379933041, 22.671156487791038], [75.84684981992842, 22.667206725132367], [75.85417384573934, 22.671079290679742], [75.85422229662328, 22.678901930886752], [75.84694589378957, 22.682852035208864]]]}}, {"type": "Feature", "properties": {"hex_id": "H-R006-C059", "grid_row": 6, "grid_col": 59, "centroid_lon": 75.8614983, "centroid_lat": 22.6749515, "area_m2_theoretical": 1948557.159, "area_m2_within_imc_boundary": 1948557.158, "pct_within_imc_boundary": 100.0, "primary_ward_sourcewardcode": "77", "primary_ward_name": "Billavali", "num_intersecting_wards": 2, "is_multi_ward": true, "grid_version": 1}, "geometry": {"type": "Polygon", "coordinates": [[[75.86154715033823, 22.682774128149326], [75.85422229662328, 22.678901930886752], [75.85417384573934, 22.671079290679742], [75.86144942066903, 22.667128877653358], [75.86877382816905, 22.671000763051165], [75.86882310694887, 22.678823373213394], [75.86154715033823, 22.682774128149326]]]}}, {"type": "Feature", "properties": {"hex_id": "H-R006-C060", "grid_row": 6, "grid_col": 60, "centroid_lon": 75.8760986, "centroid_lat": 22.6748723, "area_m2_theoretical": 1948557.159, "area_m2_within_imc_boundary": 1948557.159, "pct_within_imc_boundary": 100.0, "primary_ward_sourcewardcode": "77", "primary_ward_name": "Billavali", "num_intersecting_wards": 4, "is_multi_ward": true, "grid_version": 1}, "geometry": {"type": "Polygon", "coordinates": [[[75.87614834233656, 22.682694889820883], [75.86882310694887, 22.678823373213394], [75.86877382816905, 22.671000763051165], [75.87604895689202, 22.66704969992348], [75.88337374552643, 22.670920904929257], [75.88342385218562, 22.6787434845377], [75.87614834233656, 22.682694889820883]]]}}, {"type": "Feature", "properties": {"hex_id": "H-R006-C061", "grid_row": 6, "grid_col": 61, "centroid_lon": 75.8906989, "centroid_lat": 22.6747918, "area_m2_theoretical": 1948557.159, "area_m2_within_imc_boundary": 1948557.158, "pct_within_imc_boundary": 100.0, "primary_ward_sourcewardcode": "75", "primary_ward_name": "Paalada", "num_intersecting_wards": 2, "is_multi_ward": true, "grid_version": 1}, "geometry": {"type": "Polygon", "coordinates": [[[75.89074946869107, 22.682614320247726], [75.88342385218562, 22.6787434845377], [75.88337374552643, 22.670920904929257], [75.89064842750444, 22.666969191966906], [75.8979735967184, 22.6708397163384], [75.8980245312402, 22.67866226488405], [75.89074946869107, 22.682614320247726]]]}}, {"type": "Feature", "properties": {"hex_id": "H-R006-C062", "grid_row": 6, "grid_col": 62, "centroid_lon": 75.9052992, "centroid_lat": 22.6747099, "area_m2_theoretical": 1948557.159, "area_m2_within_imc_boundary": 1948557.158, "pct_within_imc_boundary": 100.0, "primary_ward_sourcewardcode": "75", "primary_ward_name": "Paalada", "num_intersecting_wards": 2, "is_multi_ward": true, "grid_version": 1}, "geometry": {"type": "Polygon", "coordinates": [[[75.90535052830829, 22.68253241945443], [75.8980245312402, 22.67866226488405], [75.8979735967184, 22.6708397163384], [75.90524783141338, 22.666887353808185], [75.9125733806519, 22.670757197303363], [75.91262514301928, 22.678579714277227], [75.90535052830829, 22.68253241945443]]]}}, {"type": "Feature", "properties": {"hex_id": "H-R006-C063", "grid_row": 6, "grid_col": 63, "centroid_lon": 75.9198993, "centroid_lat": 22.6746267, "area_m2_theoretical": 1948557.159, "area_m2_within_imc_boundary": 1623435.817, "pct_within_imc_boundary": 83.3148, "primary_ward_sourcewardcode": "75", "primary_ward_name": "Paalada", "num_intersecting_wards": 1, "is_multi_ward": false, "grid_version": 1}, "geometry": {"type": "Polygon", "coordinates": [[[75.91995152009477, 22.682449187465995], [75.91262514301928, 22.678579714277227], [75.9125733806519, 22.670757197303363], [75.91984716752594, 22.66680418547231], [75.92717309623394, 22.670673347849334], [75.92722568642957, 22.678495832742442], [75.91995152009477, 22.682449187465995]]]}}, {"type": "Feature", "properties": {"hex_id": "H-R007-C054", "grid_row": 7, "grid_col": 54, "centroid_lon": 75.7958636, "centroid_lat": 22.6870256, "area_m2_theoretical": 1948557.159, "area_m2_within_imc_boundary": 1072014.137, "pct_within_imc_boundary": 55.0158, "primary_ward_sourcewardcode": "79", "primary_ward_name": "Sukhniwas", "num_intersecting_wards": 2, "is_multi_ward": true, "grid_version": 1}, "geometry": {"type": "Polygon", "coordinates": [[[75.79590876420964, 22.694848338501334], [75.78858499865812, 22.690973107813402], [75.78854024396293, 22.683150350288486], [75.7958184263008, 22.679202851083417], [75.80314174777722, 22.68307776853829], [75.80318733098585, 22.690900498304543], [75.79590876420964, 22.694848338501334]]]}}, {"type": "Feature", "properties": {"hex_id": "H-R007-C055", "grid_row": 7, "grid_col": 55, "centroid_lon": 75.8104655, "centroid_lat": 22.6869523, "area_m2_theoretical": 1948557.159, "area_m2_within_imc_boundary": 1948557.159, "pct_within_imc_boundary": 100.0, "primary_ward_sourcewardcode": "79", "primary_ward_name": "Sukhniwas", "num_intersecting_wards": 3, "is_multi_ward": true, "grid_version": 1}, "geometry": {"type": "Polygon", "coordinates": [[[75.81051148096813, 22.694775049046545], [75.80318733098585, 22.690900498304543], [75.80314174777722, 22.68307776853829], [75.81041948604756, 22.67912961765509], [75.81774319141549, 22.683003855426506], [75.81778960312229, 22.69082655692496], [75.81051148096813, 22.694775049046545]]]}}, {"type": "Feature", "properties": {"hex_id": "H-R007-C056", "grid_row": 7, "grid_col": 56, "centroid_lon": 75.8250673, "centroid_lat": 22.6868777, "area_m2_theoretical": 1948557.159, "area_m2_within_imc_boundary": 1948557.158, "pct_within_imc_boundary": 100.0, "primary_ward_sourcewardcode": "82", "primary_ward_name": "Sudaama Nagar", "num_intersecting_wards": 7, "is_multi_ward": true, "grid_version": 1}, "geometry": {"type": "Polygon", "coordinates": [[[75.82511413698069, 22.694700427477674], [75.81778960312229, 22.69082655692496], [75.81774319141549, 22.683003855426506], [75.82502048507921, 22.679055053130966], [75.83234457378414, 22.682928610975715], [75.83239181397359, 22.69075128369722], [75.82511413698069, 22.694700427477674]]]}}, {"type": "Feature", "properties": {"hex_id": "H-R007-C057", "grid_row": 7, "grid_col": 57, "centroid_lon": 75.8396691, "centroid_lat": 22.6868018, "area_m2_theoretical": 1948557.159, "area_m2_within_imc_boundary": 1948557.159, "pct_within_imc_boundary": 100.0, "primary_ward_sourcewardcode": "81", "primary_ward_name": "Annapurna", "num_intersecting_wards": 6, "is_multi_ward": true, "grid_version": 1}, "geometry": {"type": "Polygon", "coordinates": [[[75.8397167311533, 22.694624473817505], [75.83239181397359, 22.69075128369722], [75.83234457378414, 22.682928610975715], [75.83962142230226, 22.678979157533803], [75.84694589378957, 22.682852035208864], [75.84699396244585, 22.690674678644307], [75.8397167311533, 22.694624473817505]]]}}, {"type": "Feature", "properties": {"hex_id": "H-R007-C058", "grid_row": 7, "grid_col": 58, "centroid_lon": 75.8542708, "centroid_lat": 22.6867246, "area_m2_theoretical": 1948557.159, "area_m2_within_imc_boundary": 1948557.158, "pct_within_imc_boundary": 100.0, "primary_ward_sourcewardcode": "78", "primary_ward_name": "Choithram", "num_intersecting_wards": 4, "is_multi_ward": true, "grid_version": 1}, "geometry": {"type": "Polygon", "coordinates": [[[75.854319262392, 22.694547188089217], [75.84699396244585, 22.690674678644307], [75.84694589378957, 22.682852035208864], [75.85422229662328, 22.678901930886752], [75.86154715033823, 22.682774128149326], [75.86159604744525, 22.690596741789594], [75.854319262392, 22.694547188089217]]]}}, {"type": "Feature", "properties": {"hex_id": "H-R007-C059", "grid_row": 7, "grid_col": 59, "centroid_lon": 75.8688724, "centroid_lat": 22.686646, "area_m2_theoretical": 1948557.159, "area_m2_within_imc_boundary": 1948557.158, "pct_within_imc_boundary": 100.0, "primary_ward_sourcewardcode": "74", "primary_ward_name": "Vishnupuree", "num_intersecting_wards": 2, "is_multi_ward": true, "grid_version": 1}, "geometry": {"type": "Polygon", "coordinates": [[[75.8689217296028, 22.694468570316385], [75.86159604744525, 22.690596741789594], [75.86154715033823, 22.682774128149326], [75.86882310694887, 22.678823373213394], [75.87614834233656, 22.682694889820883], [75.87619806787797, 22.69051747315687], [75.8689217296028, 22.694468570316385]]]}}, {"type": "Feature", "properties": {"hex_id": "H-R007-C060", "grid_row": 7, "grid_col": 60, "centroid_lon": 75.883474, "centroid_lat": 22.6865661, "area_m2_theoretical": 1948557.159, "area_m2_within_imc_boundary": 1948557.158, "pct_within_imc_boundary": 100.0, "primary_ward_sourcewardcode": "64", "primary_ward_name": "Chitaavad", "num_intersecting_wards": 5, "is_multi_ward": true, "grid_version": 1}, "geometry": {"type": "Polygon", "coordinates": [[[75.88352413169177, 22.694388620523032], [75.87619806787797, 22.69051747315687], [75.87614834233656, 22.682694889820883], [75.88342385218562, 22.6787434845377], [75.89074946869107, 22.682614320247726], [75.89080002265023, 22.690436872770334], [75.88352413169177, 22.694388620523032]]]}}, {"type": "Feature", "properties": {"hex_id": "H-R007-C061", "grid_row": 7, "grid_col": 61, "centroid_lon": 75.8980755, "centroid_lat": 22.6864848, "area_m2_theoretical": 1948557.159, "area_m2_within_imc_boundary": 1948557.158, "pct_within_imc_boundary": 100.0, "primary_ward_sourcewardcode": "75", "primary_ward_name": "Paalada", "num_intersecting_wards": 4, "is_multi_ward": true, "grid_version": 1}, "geometry": {"type": "Polygon", "coordinates": [[[75.89812646756499, 22.694307338733548], [75.89080002265023, 22.690436872770334], [75.89074946869107, 22.682614320247726], [75.8980245312402, 22.67866226488405], [75.90535052830829, 22.68253241945443], [75.90540191066826, 22.690354940654583], [75.89812646756499, 22.694307338733548]]]}}, {"type": "Feature", "properties": {"hex_id": "H-R007-C062", "grid_row": 7, "grid_col": 62, "centroid_lon": 75.9126769, "centroid_lat": 22.6864022, "area_m2_theoretical": 1948557.159, "area_m2_within_imc_boundary": 1785669.877, "pct_within_imc_boundary": 91.6406, "primary_ward_sourcewardcode": "51", "primary_ward_name": "Maam Bhagavatee Nagar", "num_intersecting_wards": 4, "is_multi_ward": true, "grid_version": 1}, "geometry": {"type": "Polygon", "coordinates": [[[75.91272873612861, 22.694224724972734], [75.90540191066826, 22.690354940654583], [75.90535052830829, 22.68253241945443], [75.91262514301928, 22.678579714277227], [75.91995152009477, 22.682449187465995], [75.92000373083835, 22.69027167683462], [75.91272873612861, 22.694224724972734]]]}}, {"type": "Feature", "properties": {"hex_id": "H-R007-C063", "grid_row": 7, "grid_col": 63, "centroid_lon": 75.9272783, "centroid_lat": 22.6863183, "area_m2_theoretical": 1948557.159, "area_m2_within_imc_boundary": 977860.355, "pct_within_imc_boundary": 50.1838, "primary_ward_sourcewardcode": "76", "primary_ward_name": "Mundlaa Naayta", "num_intersecting_wards": 1, "is_multi_ward": false, "grid_version": 1}, "geometry": {"type": "Polygon", "coordinates": [[[75.92733093628877, 22.694140779265826], [75.92000373083835, 22.69027167683462], [75.91995152009477, 22.682449187465995], [75.92722568642957, 22.678495832742442], [75.93455244295707, 22.68236462430783], [75.9346054820668, 22.690187081335868], [75.92733093628877, 22.694140779265826]]]}}, {"type": "Feature", "properties": {"hex_id": "H-R008-C055", "grid_row": 8, "grid_col": 55, "centroid_lon": 75.8032329, "centroid_lat": 22.6987232, "area_m2_theoretical": 1948557.159, "area_m2_within_imc_boundary": 939573.632, "pct_within_imc_boundary": 48.2189, "primary_ward_sourcewardcode": "85", "primary_ward_name": "Prajaapat Nagar", "num_intersecting_wards": 1, "is_multi_ward": false, "grid_version": 1}, "geometry": {"type": "Polygon", "coordinates": [[[75.80327855759946, 22.70654593464944], [75.7959539629875, 22.702671070619328], [75.79590876420964, 22.694848338501327], [75.80318733098585, 22.69090049830454], [75.81051148096813, 22.69477504904654], [75.8105575087988, 22.702597753146676], [75.80327855759946, 22.70654593464944]]]}}, {"type": "Feature", "properties": {"hex_id": "H-R008-C056", "grid_row": 8, "grid_col": 56, "centroid_lon": 75.817836, "centroid_lat": 22.6986493, "area_m2_theoretical": 1948557.159, "area_m2_within_imc_boundary": 1948557.158, "pct_within_imc_boundary": 100.0, "primary_ward_sourcewardcode": "85", "primary_ward_name": "Prajaapat Nagar", "num_intersecting_wards": 4, "is_multi_ward": true, "grid_version": 1}, "geometry": {"type": "Polygon", "coordinates": [[[75.81788248782625, 22.70647193672492], [75.8105575087988, 22.702597753146676], [75.81051148096813, 22.69477504904654], [75.81778960312229, 22.690826556924954], [75.82511413698069, 22.694700427477674], [75.82516099384878, 22.70252310305072], [75.81788248782625, 22.70647193672492]]]}}, {"type": "Feature", "properties": {"hex_id": "H-R008-C057", "grid_row": 8, "grid_col": 57, "centroid_lon": 75.8324391, "centroid_lat": 22.6985739, "area_m2_theoretical": 1948557.159, "area_m2_within_imc_boundary": 1948557.159, "pct_within_imc_boundary": 100.0, "primary_ward_sourcewardcode": "83", "primary_ward_name": "Gumaastaa Nagar", "num_intersecting_wards": 7, "is_multi_ward": true, "grid_version": 1}, "geometry": {"type": "Polygon", "coordinates": [[[75.8324863567368, 22.706396605933797], [75.82516099384878, 22.70252310305072], [75.82511413698069, 22.694700427477674], [75.83239181397359, 22.690751283697214], [75.8397167311533, 22.694624473817502], [75.83976441704314, 22.702447120354254], [75.8324863567368, 22.706396605933797]]]}}, {"type": "Feature", "properties": {"hex_id": "H-R008-C058", "grid_row": 8, "grid_col": 58, "centroid_lon": 75.8470421, "centroid_lat": 22.6984973, "area_m2_theoretical": 1948557.159, "area_m2_within_imc_boundary": 1948557.158, "pct_within_imc_boundary": 100.0, "primary_ward_sourcewardcode": "66", "primary_ward_name": "Shaheed Hemu Kolonee", "num_intersecting_wards": 6, "is_multi_ward": true, "grid_version": 1}, "geometry": {"type": "Polygon", "coordinates": [[[75.84709016323666, 22.706319942299082], [75.83976441704314, 22.702447120354254], [75.8397167311533, 22.694624473817502], [75.84699396244585, 22.6906746786443], [75.854319262392, 22.694547188089214], [75.8543677772876, 22.70236980508045], [75.84709016323666, 22.706319942299082]]]}}, {"type": "Feature", "properties": {"hex_id": "H-R008-C059", "grid_row": 8, "grid_col": 59, "centroid_lon": 75.861645, "centroid_lat": 22.6984193, "area_m2_theoretical": 1948557.159, "area_m2_within_imc_boundary": 1948557.159, "pct_within_imc_boundary": 100.0, "primary_ward_sourcewardcode": "65", "primary_ward_name": "Sant Kavar Raam", "num_intersecting_wards": 8, "is_multi_ward": true, "grid_version": 1}, "geometry": {"type": "Polygon", "coordinates": [[[75.86169390623145, 22.706241945844162], [75.8543677772876, 22.70236980508045], [75.854319262392, 22.694547188089214], [75.86159604744525, 22.69059674178959], [75.8689217296028, 22.69446857031638], [75.86897107348793, 22.702291157252933], [75.86169390623145, 22.706241945844162]]]}}, {"type": "Feature", "properties": {"hex_id": "H-R008-C060", "grid_row": 8, "grid_col": 60, "centroid_lon": 75.8762478, "centroid_lat": 22.69834, "area_m2_theoretical": 1948557.159, "area_m2_within_imc_boundary": 1948557.159, "pct_within_imc_boundary": 100.0, "primary_ward_sourcewardcode": "63", "primary_ward_name": "Navalakha", "num_intersecting_wards": 4, "is_multi_ward": true, "grid_version": 1}, "geometry": {"type": "Polygon", "coordinates": [[[75.8762975846268, 22.706162616592877], [75.86897107348793, 22.702291157252933], [75.8689217296028, 22.69446857031638], [75.87619806787797, 22.690517473156866], [75.88352413169177, 22.69438862052303], [75.88357430454991, 22.702211176895702], [75.8762975846268, 22.706162616592877]]]}}, {"type": "Feature", "properties": {"hex_id": "H-R008-C061", "grid_row": 8, "grid_col": 61, "centroid_lon": 75.8908506, "centroid_lat": 22.6982594, "area_m2_theoretical": 1948557.159, "area_m2_within_imc_boundary": 1948557.158, "pct_within_imc_boundary": 100.0, "primary_ward_sourcewardcode": "54", "primary_ward_name": "Residency", "num_intersecting_wards": 6, "is_multi_ward": true, "grid_version": 1}, "geometry": {"type": "Polygon", "coordinates": [[[75.89090119732838, 22.70608195456942], [75.88357430454991, 22.702211176895702], [75.88352413169177, 22.69438862052303], [75.89080002265023, 22.690436872770327], [75.89812646756499, 22.694307338733545], [75.89817746937936, 22.702129864033175], [75.89090119732838, 22.70608195456942]]]}}, {"type": "Feature", "properties": {"hex_id": "H-R008-C062", "grid_row": 8, "grid_col": 62, "centroid_lon": 75.9054533, "centroid_lat": 22.6981775, "area_m2_theoretical": 1948557.159, "area_m2_within_imc_boundary": 1948557.158, "pct_within_imc_boundary": 100.0, "primary_ward_sourcewardcode": "54", "primary_ward_name": "Residency", "num_intersecting_wards": 4, "is_multi_ward": true, "grid_version": 1}, "geometry": {"type": "Polygon", "coordinates": [[[75.90550474324188, 22.705999959798405], [75.89817746937936, 22.702129864033175], [75.89812646756499, 22.694307338733545], [75.90540191066826, 22.690354940654572], [75.91272873612861, 22.69422472497273], [75.91278056688212, 22.70204721869016], [75.90550474324188, 22.705999959798405]]]}}, {"type": "Feature", "properties": {"hex_id": "H-R008-C063", "grid_row": 8, "grid_col": 63, "centroid_lon": 75.920056, "centroid_lat": 22.6980942, "area_m2_theoretical": 1948557.159, "area_m2_within_imc_boundary": 1948557.159, "pct_within_imc_boundary": 100.0, "primary_ward_sourcewardcode": "76", "primary_ward_name": "Mundlaa Naayta", "num_intersecting_wards": 3, "is_multi_ward": true, "grid_version": 1}, "geometry": {"type": "Polygon", "coordinates": [[[75.920108221273, 22.705916632304884], [75.91278056688212, 22.70204721869016], [75.91272873612861, 22.69422472497273], [75.92000373083835, 22.69027167683461], [75.92733093628877, 22.694140779265826], [75.92738359596407, 22.701963240891896], [75.920108221273, 22.705916632304884]]]}}, {"type": "Feature", "properties": {"hex_id": "H-R008-C064", "grid_row": 8, "grid_col": 64, "centroid_lon": 75.9346585, "centroid_lat": 22.6980095, "area_m2_theoretical": 1948557.159, "area_m2_within_imc_boundary": 1915428.601, "pct_within_imc_boundary": 98.2998, "primary_ward_sourcewardcode": "76", "primary_ward_name": "Mundlaa Naayta", "num_intersecting_wards": 1, "is_multi_ward": false, "grid_version": 1}, "geometry": {"type": "Polygon", "coordinates": [[[75.9347116303275, 22.70583197211428], [75.92738359596407, 22.701963240891896], [75.92733093628877, 22.694140779265826], [75.9346054820668, 22.690187081335864], [75.94193306695162, 22.694055501638438], [75.9419865555311, 22.701877930664015], [75.9347116303275, 22.70583197211428]]]}}, {"type": "Feature", "properties": {"hex_id": "H-R009-C055", "grid_row": 9, "grid_col": 55, "centroid_lon": 75.8106036, "centroid_lat": 22.7104204, "area_m2_theoretical": 1948557.159, "area_m2_within_imc_boundary": 1376024.37, "pct_within_imc_boundary": 70.6176, "primary_ward_sourcewardcode": "1", "primary_ward_name": "Sirapur", "num_intersecting_wards": 3, "is_multi_ward": true, "grid_version": 1}, "geometry": {"type": "Polygon", "coordinates": [[[75.81064962522662, 22.718243138145283], [75.80332420101462, 22.714368641223913], [75.80327855759946, 22.70654593464944], [75.8105575087988, 22.702597753146676], [75.81788248782625, 22.70647193672492], [75.81792896083377, 22.714294615022247], [75.81064962522662, 22.718243138145283]]]}}, {"type": "Feature", "properties": {"hex_id": "H-R009-C056", "grid_row": 9, "grid_col": 56, "centroid_lon": 75.8252079, "centroid_lat": 22.7103458, "area_m2_theoretical": 1948557.159, "area_m2_within_imc_boundary": 1948557.159, "pct_within_imc_boundary": 100.0, "primary_ward_sourcewardcode": "1", "primary_ward_name": "Sirapur", "num_intersecting_wards": 7, "is_multi_ward": true, "grid_version": 1}, "geometry": {"type": "Polygon", "coordinates": [[[75.82525476944583, 22.718168430985745], [75.81792896083377, 22.714294615022247], [75.81788248782625, 22.70647193672492], [75.82516099384878, 22.70252310305072], [75.8324863567368, 22.706396605933797], [75.8325336593211, 22.714219255444682], [75.82525476944583, 22.718168430985745]]]}}, {"type": "Feature", "properties": {"hex_id": "H-R009-C057", "grid_row": 9, "grid_col": 57, "centroid_lon": 75.8398121, "centroid_lat": 22.7102698, "area_m2_theoretical": 1948557.159, "area_m2_within_imc_boundary": 1948557.158, "pct_within_imc_boundary": 100.0, "primary_ward_sourcewardcode": "70", "primary_ward_name": "Lok Naayak Nagar", "num_intersecting_wards": 8, "is_multi_ward": true, "grid_version": 1}, "geometry": {"type": "Polygon", "coordinates": [[[75.83985985177802, 22.718092390207083], [75.8325336593211, 22.714219255444682], [75.8324863567368, 22.706396605933797], [75.83976441704314, 22.702447120354254], [75.84709016323666, 22.706319942299082], [75.84713829538191, 22.714142562514226], [75.83985985177802, 22.718092390207083]]]}}, {"type": "Feature", "properties": {"hex_id": "H-R009-C058", "grid_row": 9, "grid_col": 58, "centroid_lon": 75.8544163, "centroid_lat": 22.7101924, "area_m2_theoretical": 1948557.159, "area_m2_within_imc_boundary": 1948557.158, "pct_within_imc_boundary": 100.0, "primary_ward_sourcewardcode": "59", "primary_ward_name": "Harasiddhee", "num_intersecting_wards": 8, "is_multi_ward": true, "grid_version": 1}, "geometry": {"type": "Polygon", "coordinates": [[[75.85446487112836, 22.71801501583252], [75.84713829538191, 22.714142562514226], [75.84709016323666, 22.706319942299082], [75.8543677772876, 22.70236980508045], [75.86169390623145, 22.706241945844162], [75.86174286792154, 22.714064536254295], [75.85446487112836, 22.71801501583252]]]}}, {"type": "Feature", "properties": {"hex_id": "H-R009-C059", "grid_row": 9, "grid_col": 59, "centroid_lon": 75.8690204, "centroid_lat": 22.7101137, "area_m2_theoretical": 1948557.159, "area_m2_within_imc_boundary": 1948557.159, "pct_within_imc_boundary": 100.0, "primary_ward_sourcewardcode": "62", "primary_ward_name": "Raavajee Baazaar", "num_intersecting_wards": 6, "is_multi_ward": true, "grid_version": 1}, "geometry": {"type": "Polygon", "coordinates": [[[75.86906982640207, 22.717936307885687], [75.86174286792154, 22.714064536254295], [75.86169390623145, 22.706241945844162], [75.86897107348793, 22.702291157252933], [75.8762975846268, 22.706162616592877], [75.87634737584533, 22.713985176688702], [75.86906982640207, 22.717936307885687]]]}}, {"type": "Feature", "properties": {"hex_id": "H-R009-C060", "grid_row": 9, "grid_col": 60, "centroid_lon": 75.8836245, "centroid_lat": 22.7100337, "area_m2_theoretical": 1948557.159, "area_m2_within_imc_boundary": 1948557.159, "pct_within_imc_boundary": 100.0, "primary_ward_sourcewardcode": "55", "primary_ward_name": "Saaooth Tukoganj", "num_intersecting_wards": 4, "is_multi_ward": true, "grid_version": 1}, "geometry": {"type": "Polygon", "coordinates": [[[75.88367471650434, 22.717856266390605], [75.87634737584533, 22.713985176688702], [75.8762975846268, 22.706162616592877], [75.88357430454991, 22.702211176895702], [75.89090119732838, 22.70608195456942], [75.89095181805868, 22.713904483841688], [75.88367471650434, 22.717856266390605]]]}}, {"type": "Feature", "properties": {"hex_id": "H-R009-C061", "grid_row": 9, "grid_col": 61, "centroid_lon": 75.8982285, "centroid_lat": 22.7099524, "area_m2_theoretical": 1948557.159, "area_m2_within_imc_boundary": 1948557.158, "pct_within_imc_boundary": 100.0, "primary_ward_sourcewardcode": "50", "primary_ward_name": "Brajeshvaree", "num_intersecting_wards": 5, "is_multi_ward": true, "grid_version": 1}, "geometry": {"type": "Polygon", "coordinates": [[[75.89827954034048, 22.717774891371715], [75.89095181805868, 22.713904483841688], [75.89090119732838, 22.70608195456942], [75.89817746937936, 22.702129864033175], [75.90550474324188, 22.705999959798405], [75.90555619346699, 22.713822457737876], [75.89827954034048, 22.717774891371715]]]}}, {"type": "Feature", "properties": {"hex_id": "H-R009-C062", "grid_row": 9, "grid_col": 62, "centroid_lon": 75.9128324, "centroid_lat": 22.7098697, "area_m2_theoretical": 1948557.159, "area_m2_within_imc_boundary": 1948557.158, "pct_within_imc_boundary": 100.0, "primary_ward_sourcewardcode": "50", "primary_ward_name": "Brajeshvaree", "num_intersecting_wards": 4, "is_multi_ward": true, "grid_version": 1}, "geometry": {"type": "Polygon", "coordinates": [[[75.91288429681575, 22.717692182853853], [75.90555619346699, 22.713822457737876], [75.90550474324188, 22.705999959798405], [75.91278056688212, 22.70204721869016], [75.920108221273, 22.705916632304884], [75.92016050097571, 22.713739098402314], [75.91288429681575, 22.717692182853853]]]}}, {"type": "Feature", "properties": {"hex_id": "H-R009-C063", "grid_row": 9, "grid_col": 63, "centroid_lon": 75.9274363, "centroid_lat": 22.7097857, "area_m2_theoretical": 1948557.159, "area_m2_within_imc_boundary": 1948557.159, "pct_within_imc_boundary": 100.0, "primary_ward_sourcewardcode": "76", "primary_ward_name": "Mundlaa Naayta", "num_intersecting_wards": 1, "is_multi_ward": false, "grid_version": 1}, "geometry": {"type": "Polygon", "coordinates": [[[75.92748898483548, 22.71760814086228], [75.92016050097571, 22.713739098402314], [75.920108221273, 22.705916632304884], [75.92738359596407, 22.701963240891896], [75.9347116303275, 22.70583197211428], [75.93476473949032, 22.713654405860446], [75.92748898483548, 22.71760814086228]]]}}, {"type": "Feature", "properties": {"hex_id": "H-R009-C064", "grid_row": 9, "grid_col": 64, "centroid_lon": 75.9420401, "centroid_lat": 22.7097004, "area_m2_theoretical": 1948557.159, "area_m2_within_imc_boundary": 1576429.436, "pct_within_imc_boundary": 80.9024, "primary_ward_sourcewardcode": "76", "primary_ward_name": "Mundlaa Naayta", "num_intersecting_wards": 1, "is_multi_ward": false, "grid_version": 1}, "geometry": {"type": "Polygon", "coordinates": [[[75.942093603305, 22.71752276542265], [75.93476473949032, 22.713654405860446], [75.9347116303275, 22.70583197211428], [75.9419865555311, 22.701877930664015], [75.94931496931117, 22.705745979252438], [75.9493689079163, 22.71356838013813], [75.942093603305, 22.71752276542265]]]}}, {"type": "Feature", "properties": {"hex_id": "H-R009-C065", "grid_row": 9, "grid_col": 65, "centroid_lon": 75.9566438, "centroid_lat": 22.7096137, "area_m2_theoretical": 1948557.159, "area_m2_within_imc_boundary": 823392.948, "pct_within_imc_boundary": 42.2565, "primary_ward_sourcewardcode": "76", "primary_ward_name": "Mundlaa Naayta", "num_intersecting_wards": 1, "is_multi_ward": false, "grid_version": 1}, "geometry": {"type": "Polygon", "coordinates": [[[75.9566981511297, 22.717436056561002], [75.9493689079163, 22.71356838013813], [75.94931496931117, 22.705745979252438], [75.95658944448914, 22.701791288032553], [75.96391823712982, 22.705658653745616], [75.96397300515919, 22.713481021261618], [75.9566981511297, 22.717436056561002]]]}}, {"type": "Feature", "properties": {"hex_id": "H-R010-C055", "grid_row": 10, "grid_col": 55, "centroid_lon": 75.8033699, "centroid_lat": 22.7221913, "area_m2_theoretical": 1948557.159, "area_m2_within_imc_boundary": 1381980.262, "pct_within_imc_boundary": 70.9233, "primary_ward_sourcewardcode": "14", "primary_ward_name": "Ashok Nagar", "num_intersecting_wards": 2, "is_multi_ward": true, "grid_version": 1}, "geometry": {"type": "Polygon", "coordinates": [[[75.80341554808714, 22.730014031166437], [75.79608967867523, 22.72613922058431], [75.79604442021524, 22.718316511662895], [75.80332420101462, 22.71436864122391], [75.81064962522662, 22.718243138145276], [75.81069571383405, 22.72606581903957], [75.80341554808714, 22.730014031166437]]]}}, {"type": "Feature", "properties": {"hex_id": "H-R010-C056", "grid_row": 10, "grid_col": 56, "centroid_lon": 75.8179755, "centroid_lat": 22.7221173, "area_m2_theoretical": 1948557.159, "area_m2_within_imc_boundary": 1948557.159, "pct_within_imc_boundary": 100.0, "primary_ward_sourcewardcode": "3", "primary_ward_name": "Kaalaani Nagar", "num_intersecting_wards": 6, "is_multi_ward": true, "grid_version": 1}, "geometry": {"type": "Polygon", "coordinates": [[[75.8180219681858, 22.729939948401135], [75.81069571383405, 22.72606581903957], [75.81064962522662, 22.718243138145276], [75.81792896083377, 22.714294615022244], [75.82525476944583, 22.718168430985738], [75.82530168818525, 22.72599108334351], [75.8180219681858, 22.729939948401135]]]}}, {"type": "Feature", "properties": {"hex_id": "H-R010-C057", "grid_row": 10, "grid_col": 57, "centroid_lon": 75.832581, "centroid_lat": 22.7220419, "area_m2_theoretical": 1948557.159, "area_m2_within_imc_boundary": 1948557.159, "pct_within_imc_boundary": 100.0, "primary_ward_sourcewardcode": "4", "primary_ward_name": "Sukhadev Nagar", "num_intersecting_wards": 8, "is_multi_ward": true, "grid_version": 1}, "geometry": {"type": "Polygon", "coordinates": [[[75.83262832692151, 22.72986453124116], [75.82530168818525, 22.72599108334351], [75.82525476944583, 22.718168430985738], [75.8325336593211, 22.714219255444682], [75.83985985177802, 22.718092390207076], [75.83990760063372, 22.72591501351896], [75.83262832692151, 22.72986453124116]]]}}, {"type": "Feature", "properties": {"hex_id": "H-R010-C058", "grid_row": 10, "grid_col": 58, "centroid_lon": 75.8471864, "centroid_lat": 22.7219652, "area_m2_theoretical": 1948557.159, "area_m2_within_imc_boundary": 1948557.158, "pct_within_imc_boundary": 100.0, "primary_ward_sourcewardcode": "7", "primary_ward_name": "Janata Colony", "num_intersecting_wards": 10, "is_multi_ward": true, "grid_version": 1}, "geometry": {"type": "Polygon", "coordinates": [[[75.84723462319899, 22.729787779709536], [75.83990760063372, 22.72591501351896], [75.83985985177802, 22.718092390207076], [75.84713829538191, 22.714142562514223], [75.85446487112836, 22.718015015832513], [75.85451345008435, 22.72583760958914], [75.84723462319899, 22.729787779709536]]]}}, {"type": "Feature", "properties": {"hex_id": "H-R010-C059", "grid_row": 10, "grid_col": 59, "centroid_lon": 75.8617919, "centroid_lat": 22.7218871, "area_m2_theoretical": 1948557.159, "area_m2_within_imc_boundary": 1948557.159, "pct_within_imc_boundary": 100.0, "primary_ward_sourcewardcode": "57", "primary_ward_name": "Devi Ahilyaabai", "num_intersecting_wards": 7, "is_multi_ward": true, "grid_version": 1}, "geometry": {"type": "Polygon", "coordinates": [[[75.86184085592302, 22.72970969382972], [75.85451345008435, 22.72583760958914], [75.85446487112836, 22.718015015832513], [75.86174286792154, 22.71406453625429], [75.86906982640207, 22.71793630788568], [75.86911923544208, 22.72575887157767], [75.86184085592302, 22.72970969382972]]]}}, {"type": "Feature", "properties": {"hex_id": "H-R010-C060", "grid_row": 10, "grid_col": 60, "centroid_lon": 75.8763972, "centroid_lat": 22.7218077, "area_m2_theoretical": 1948557.159, "area_m2_within_imc_boundary": 1948557.159, "pct_within_imc_boundary": 100.0, "primary_ward_sourcewardcode": "47", "primary_ward_name": "Saradaar Vallabh Bhai", "num_intersecting_wards": 4, "is_multi_ward": true, "grid_version": 1}, "geometry": {"type": "Polygon", "coordinates": [[[75.8764470239984, 22.72963027362552], [75.86911923544208, 22.72575887157767], [75.86906982640207, 22.71793630788568], [75.87634737584533, 22.7139851766887], [75.88367471650434, 22.717856266390598], [75.88372495561184, 22.725678799508614], [75.8764470239984, 22.72963027362552]]]}}, {"type": "Feature", "properties": {"hex_id": "H-R010-C061", "grid_row": 10, "grid_col": 61, "centroid_lon": 75.8910025, "centroid_lat": 22.721727, "area_m2_theoretical": 1948557.159, "area_m2_within_imc_boundary": 1948557.158, "pct_within_imc_boundary": 100.0, "primary_ward_sourcewardcode": "48", "primary_ward_name": "Geeta Bhavan", "num_intersecting_wards": 7, "is_multi_ward": true, "grid_version": 1}, "geometry": {"type": "Polygon", "coordinates": [[[75.89105312632996, 22.729549519121203], [75.88372495561184, 22.725678799508614], [75.88367471650434, 22.717856266390598], [75.89095181805868, 22.713904483841684], [75.89827954034048, 22.71777489137171], [75.89833060949863, 22.725597393406407], [75.89105312632996, 22.729549519121203]]]}}, {"type": "Feature", "properties": {"hex_id": "H-R010-C062", "grid_row": 10, "grid_col": 62, "centroid_lon": 75.9056077, "centroid_lat": 22.7216449, "area_m2_theoretical": 1948557.159, "area_m2_within_imc_boundary": 1948557.158, "pct_within_imc_boundary": 100.0, "primary_ward_sourcewardcode": "41", "primary_ward_name": "Kailaashapuree", "num_intersecting_wards": 5, "is_multi_ward": true, "grid_version": 1}, "geometry": {"type": "Polygon", "coordinates": [[[75.90565916182258, 22.729467430341433], [75.89833060949863, 22.725597393406407], [75.89827954034048, 22.71777489137171], [75.90555619346699, 22.713822457737873], [75.91288429681575, 22.717692182853845], [75.91293619600745, 22.725514653295907], [75.90565916182258, 22.729467430341433]]]}}, {"type": "Feature", "properties": {"hex_id": "H-R010-C063", "grid_row": 10, "grid_col": 63, "centroid_lon": 75.9202128, "centroid_lat": 22.7215616, "area_m2_theoretical": 1948557.159, "area_m2_within_imc_boundary": 1948557.159, "pct_within_imc_boundary": 100.0, "primary_ward_sourcewardcode": "50", "primary_ward_name": "Brajeshvaree", "num_intersecting_wards": 4, "is_multi_ward": true, "grid_version": 1}, "geometry": {"type": "Polygon", "coordinates": [[[75.92026512938111, 22.72938400731126], [75.91293619600745, 22.725514653295907], [75.91288429681575, 22.717692182853845], [75.92016050097571, 22.71373909840231], [75.92748898483548, 22.71760814086227], [75.92754171404334, 22.72543057920237], [75.92026512938111, 22.72938400731126]]]}}, {"type": "Feature", "properties": {"hex_id": "H-R010-C064", "grid_row": 10, "grid_col": 64, "centroid_lon": 75.9348179, "centroid_lat": 22.7214768, "area_m2_theoretical": 1948557.159, "area_m2_within_imc_boundary": 1948557.158, "pct_within_imc_boundary": 100.0, "primary_ward_sourcewardcode": "76", "primary_ward_name": "Mundlaa Naayta", "num_intersecting_wards": 3, "is_multi_ward": true, "grid_version": 1}, "geometry": {"type": "Polygon", "coordinates": [[[75.93487102791049, 22.72929925005616], [75.92754171404334, 22.72543057920237], [75.92748898483548, 22.71760814086227], [75.93476473949032, 22.713654405860442], [75.942093603305, 22.71752276542264], [75.94214716251138, 22.72534517115147], [75.93487102791049, 22.72929925005616]]]}}, {"type": "Feature", "properties": {"hex_id": "H-R010-C065", "grid_row": 10, "grid_col": 65, "centroid_lon": 75.9494229, "centroid_lat": 22.7213908, "area_m2_theoretical": 1948557.159, "area_m2_within_imc_boundary": 1948557.159, "pct_within_imc_boundary": 100.0, "primary_ward_sourcewardcode": "76", "primary_ward_name": "Mundlaa Naayta", "num_intersecting_wards": 1, "is_multi_ward": false, "grid_version": 1}, "geometry": {"type": "Polygon", "coordinates": [[[75.94947685631566, 22.729213158602022], [75.94214716251138, 22.72534517115147], [75.942093603305, 22.71752276542264], [75.9493689079163, 22.713568380138124], [75.9566981511297, 22.717436056561], [75.95675254031666, 22.725258429169276], [75.94947685631566, 22.729213158602022]]]}}, {"type": "Feature", "properties": {"hex_id": "H-R010-C066", "grid_row": 10, "grid_col": 66, "centroid_lon": 75.9640278, "centroid_lat": 22.7213034, "area_m2_theoretical": 1948557.159, "area_m2_within_imc_boundary": 1947614.214, "pct_within_imc_boundary": 99.9516, "primary_ward_sourcewardcode": "76", "primary_ward_name": "Mundlaa Naayta", "num_intersecting_wards": 1, "is_multi_ward": false, "grid_version": 1}, "geometry": {"type": "Polygon", "coordinates": [[[75.96408261350159, 22.729125732975106], [75.95675254031666, 22.725258429169276], [75.9566981511297, 22.717436056561], [75.96397300515919, 22.71348102126161], [75.971302627215, 22.717348014303848], [75.97135784636431, 22.72517035328228], [75.96408261350159, 22.729125732975106]]]}}, {"type": "Feature", "properties": {"hex_id": "H-R010-C067", "grid_row": 10, "grid_col": 67, "centroid_lon": 75.9786327, "centroid_lat": 22.7212147, "area_m2_theoretical": 1948557.159, "area_m2_within_imc_boundary": 843783.682, "pct_within_imc_boundary": 43.303, "primary_ward_sourcewardcode": "76", "primary_ward_name": "Mundlaa Naayta", "num_intersecting_wards": 1, "is_multi_ward": false, "grid_version": 1}, "geometry": {"type": "Polygon", "coordinates": [[[75.97868829837329, 22.729036973202128], [75.97135784636431, 22.72517035328228], [75.971302627215, 22.717348014303848], [75.97857703012457, 22.713392329257587], [75.98590703046632, 22.717258638678043], [75.98596307955951, 22.72508094351736], [75.97868829837329, 22.729036973202128]]]}}, {"type": "Feature", "properties": {"hex_id": "H-R011-C054", "grid_row": 11, "grid_col": 54, "centroid_lon": 75.796135, "centroid_lat": 22.7339619, "area_m2_theoretical": 1948557.159, "area_m2_within_imc_boundary": 818792.868, "pct_within_imc_boundary": 42.0205, "primary_ward_sourcewardcode": "15", "primary_ward_name": "Bijaasan", "num_intersecting_wards": 2, "is_multi_ward": true, "grid_version": 1}, "geometry": {"type": "Polygon", "coordinates": [[[75.79618025531273, 22.74178461521591], [75.78885394068568, 22.737909490655333], [75.78880906772079, 22.730086779514437], [75.79608967867523, 22.72613922058431], [75.80341554808714, 22.730014031166437], [75.8034612517547, 22.737836714530303], [75.79618025531273, 22.74178461521591]]]}}, {"type": "Feature", "properties": {"hex_id": "H-R011-C055", "grid_row": 11, "grid_col": 55, "centroid_lon": 75.8107418, "centroid_lat": 22.7338885, "area_m2_theoretical": 1948557.159, "area_m2_within_imc_boundary": 1948557.158, "pct_within_imc_boundary": 100.0, "primary_ward_sourcewardcode": "15", "primary_ward_name": "Bijaasan", "num_intersecting_wards": 3, "is_multi_ward": true, "grid_version": 1}, "geometry": {"type": "Polygon", "coordinates": [[[75.81078795186166, 22.74171115760767], [75.8034612517547, 22.737836714530303], [75.80341554808714, 22.730014031166437], [75.81069571383405, 22.72606581903957], [75.8180219681858, 22.729939948401135], [75.81806850254071, 22.73776260347852], [75.81078795186166, 22.74171115760767]]]}}, {"type": "Feature", "properties": {"hex_id": "H-R011-C056", "grid_row": 11, "grid_col": 56, "centroid_lon": 75.8253486, "centroid_lat": 22.7338137, "area_m2_theoretical": 1948557.159, "area_m2_within_imc_boundary": 1948557.158, "pct_within_imc_boundary": 100.0, "primary_ward_sourcewardcode": "14", "primary_ward_name": "Ashok Nagar", "num_intersecting_wards": 5, "is_multi_ward": true, "grid_version": 1}, "geometry": {"type": "Polygon", "coordinates": [[[75.82539558757207, 22.741636364829155], [75.81806850254071, 22.73776260347852], [75.8180219681858, 22.729939948401135], [75.82530168818525, 22.72599108334351], [75.83262832692151, 22.72986453124116], [75.83267569194817, 22.73768715752258], [75.82539558757207, 22.741636364829155]]]}}, {"type": "Feature", "properties": {"hex_id": "H-R011-C057", "grid_row": 11, "grid_col": 57, "centroid_lon": 75.8399554, "centroid_lat": 22.7337376, "area_m2_theoretical": 1948557.159, "area_m2_within_imc_boundary": 1948557.158, "pct_within_imc_boundary": 100.0, "primary_ward_sourcewardcode": "13", "primary_ward_name": "Sangamanagar", "num_intersecting_wards": 5, "is_multi_ward": true, "grid_version": 1}, "geometry": {"type": "Polygon", "coordinates": [[[75.8400031613483, 22.7415602369032], [75.83267569194817, 22.73768715752258], [75.83262832692151, 22.72986453124116], [75.83990760063372, 22.72591501351896], [75.84723462319899, 22.729787779709536], [75.84728281888155, 22.73761037668553], [75.8400031613483, 22.7415602369032]]]}}, {"type": "Feature", "properties": {"hex_id": "H-R011-C058", "grid_row": 11, "grid_col": 58, "centroid_lon": 75.8545621, "centroid_lat": 22.7336602, "area_m2_theoretical": 1948557.159, "area_m2_within_imc_boundary": 1948557.159, "pct_within_imc_boundary": 100.0, "primary_ward_sourcewardcode": "57", "primary_ward_name": "Devi Ahilyaabai", "num_intersecting_wards": 6, "is_multi_ward": true, "grid_version": 1}, "geometry": {"type": "Polygon", "coordinates": [[[75.85461067209468, 22.74148277385308], [75.84728281888155, 22.73761037668553], [75.84723462319899, 22.729787779709536], [75.85451345008435, 22.72583760958914], [75.86184085592302, 22.72970969382972], [75.86188988224534, 22.737532260990832], [75.85461067209468, 22.74148277385308]]]}}, {"type": "Feature", "properties": {"hex_id": "H-R011-C059", "grid_row": 11, "grid_col": 59, "centroid_lon": 75.8691687, "centroid_lat": 22.7335814, "area_m2_theoretical": 1948557.159, "area_m2_within_imc_boundary": 1948557.159, "pct_within_imc_boundary": 100.0, "primary_ward_sourcewardcode": "56", "primary_ward_name": "Snehalata Ganj", "num_intersecting_wards": 7, "is_multi_ward": true, "grid_version": 1}, "geometry": {"type": "Polygon", "coordinates": [[[75.8692181187156, 22.741403975702408], [75.86188988224534, 22.737532260990832], [75.86184085592302, 22.72970969382972], [75.86911923544208, 22.72575887157767], [75.8764470239984, 22.72963027362552], [75.87649688094406, 22.737452810462315], [75.8692181187156, 22.741403975702408]]]}}, {"type": "Feature", "properties": {"hex_id": "H-R011-C060", "grid_row": 11, "grid_col": 60, "centroid_lon": 75.8837752, "centroid_lat": 22.7335013, "area_m2_theoretical": 1948557.159, "area_m2_within_imc_boundary": 1948557.159, "pct_within_imc_boundary": 100.0, "primary_ward_sourcewardcode": "45", "primary_ward_name": "Dr. Bheemrao Ambedkar", "num_intersecting_wards": 10, "is_multi_ward": true, "grid_version": 1}, "geometry": {"type": "Polygon", "coordinates": [[[75.88382550011542, 22.74132384247529], [75.87649688094406, 22.737452810462315], [75.8764470239984, 22.72963027362552], [75.88372495561184, 22.725678799508614], [75.89105312632996, 22.729549519121203], [75.89110381388227, 22.73737202512426], [75.88382550011542, 22.74132384247529]]]}}, {"type": "Feature", "properties": {"hex_id": "H-R011-C061", "grid_row": 11, "grid_col": 61, "centroid_lon": 75.8983817, "centroid_lat": 22.7334199, "area_m2_theoretical": 1948557.159, "area_m2_within_imc_boundary": 1948557.158, "pct_within_imc_boundary": 100.0, "primary_ward_sourcewardcode": "42", "primary_ward_name": "Swami Vivekaanand", "num_intersecting_wards": 7, "is_multi_ward": true, "grid_version": 1}, "geometry": {"type": "Polygon", "coordinates": [[[75.89843281519859, 22.741242374196162], [75.89110381388227, 22.73737202512426], [75.89105312632996, 22.729549519121203], [75.89833060949863, 22.725597393406407], [75.90565916182258, 22.729467430341433], [75.90571067996453, 22.73728990500132], [75.89843281519859, 22.741242374196162]]]}}, {"type": "Feature", "properties": {"hex_id": "H-R011-C062", "grid_row": 11, "grid_col": 62, "centroid_lon": 75.9129881, "centroid_lat": 22.7333371, "area_m2_theoretical": 1948557.159, "area_m2_within_imc_boundary": 1948557.159, "pct_within_imc_boundary": 100.0, "primary_ward_sourcewardcode": "39", "primary_ward_name": "Naaharasha Havelee", "num_intersecting_wards": 4, "is_multi_ward": true, "grid_version": 1}, "geometry": {"type": "Polygon", "coordinates": [[[75.91304006286956, 22.741159570889927], [75.90571067996453, 22.73728990500132], [75.90565916182258, 22.729467430341433], [75.91293619600745, 22.725514653295907], [75.92026512938111, 22.72938400731126], [75.92031747809547, 22.737206450118578], [75.91304006286956, 22.741159570889927]]]}}, {"type": "Feature", "properties": {"hex_id": "H-R011-C063", "grid_row": 11, "grid_col": 63, "centroid_lon": 75.9275945, "centroid_lat": 22.733253, "area_m2_theoretical": 1948557.159, "area_m2_within_imc_boundary": 1948557.158, "pct_within_imc_boundary": 100.0, "primary_ward_sourcewardcode": "39", "primary_ward_name": "Naaharasha Havelee", "num_intersecting_wards": 4, "is_multi_ward": true, "grid_version": 1}, "geometry": {"type": "Polygon", "coordinates": [[[75.92764724203282, 22.741075432581855], [75.92031747809547, 22.737206450118578], [75.92026512938111, 22.72938400731126], [75.92754171404334, 22.72543057920237], [75.93487102791049, 22.72929925005616], [75.93492420717972, 22.737121660501515], [75.92764724203282, 22.741075432581855]]]}}, {"type": "Feature", "properties": {"hex_id": "H-R011-C064", "grid_row": 11, "grid_col": 64, "centroid_lon": 75.9422007, "centroid_lat": 22.7331676, "area_m2_theoretical": 1948557.159, "area_m2_within_imc_boundary": 1948557.159, "pct_within_imc_boundary": 100.0, "primary_ward_sourcewardcode": "76", "primary_ward_name": "Mundlaa Naayta", "num_intersecting_wards": 1, "is_multi_ward": false, "grid_version": 1}, "geometry": {"type": "Polygon", "coordinates": [[[75.94225435159287, 22.74098995929763], [75.93492420717972, 22.737121660501515], [75.93487102791049, 22.72929925005616], [75.94214716251138, 22.72534517115147], [75.94947685631566, 22.729213158602022], [75.94953086612193, 22.737035536176013], [75.94225435159287, 22.74098995929763]]]}}, {"type": "Feature", "properties": {"hex_id": "H-R011-C065", "grid_row": 11, "grid_col": 65, "centroid_lon": 75.956807, "centroid_lat": 22.7330808, "area_m2_theoretical": 1948557.159, "area_m2_within_imc_boundary": 1948557.158, "pct_within_imc_boundary": 100.0, "primary_ward_sourcewardcode": "76", "primary_ward_name": "Mundlaa Naayta", "num_intersecting_wards": 1, "is_multi_ward": false, "grid_version": 1}, "geometry": {"type": "Polygon", "coordinates": [[[75.95686139045426, 22.740903151063364], [75.94953086612193, 22.737035536176013], [75.94947685631566, 22.729213158602022], [75.95675254031666, 22.725258429169276], [75.96408261350159, 22.729125732975106], [75.96413745382684, 22.736948077168385], [75.95686139045426, 22.740903151063364]]]}}, {"type": "Feature", "properties": {"hex_id": "H-R011-C066", "grid_row": 11, "grid_col": 66, "centroid_lon": 75.9714131, "centroid_lat": 22.7329927, "area_m2_theoretical": 1948557.159, "area_m2_within_imc_boundary": 1947792.264, "pct_within_imc_boundary": 99.9607, "primary_ward_sourcewardcode": "76", "primary_ward_name": "Mundlaa Naayta", "num_intersecting_wards": 1, "is_multi_ward": false, "grid_version": 1}, "geometry": {"type": "Polygon", "coordinates": [[[75.97146835752159, 22.74081500790557], [75.96413745382684, 22.736948077168385], [75.96408261350159, 22.729125732975106], [75.97135784636431, 22.72517035328228], [75.97868829837329, 22.729036973202128], [75.97874396919913, 22.73685928350533], [75.97146835752159, 22.74081500790557]]]}}, {"type": "Feature", "properties": {"hex_id": "H-R012-C053", "grid_row": 12, "grid_col": 53, "centroid_lon": 75.7742906, "centroid_lat": 22.7458037, "area_m2_theoretical": 1948557.159, "area_m2_within_imc_boundary": 765160.878, "pct_within_imc_boundary": 39.2681, "primary_ward_sourcewardcode": "15", "primary_ward_name": "Bijaasan", "num_intersecting_wards": 1, "is_multi_ward": false, "grid_version": 1}, "geometry": {"type": "Polygon", "coordinates": [[[75.77433471302038, 22.75362638544116], [75.76700833973888, 22.749750265082355], [75.76696468408225, 22.741927524832278], [75.77424657042927, 22.737980931831345], [75.78157249902102, 22.74185673763146], [75.78161698595059, 22.749679450864296], [75.77433471302038, 22.75362638544116]]]}}, {"type": "Feature", "properties": {"hex_id": "H-R012-C054", "grid_row": 12, "grid_col": 54, "centroid_lon": 75.7888988, "centroid_lat": 22.7457322, "area_m2_theoretical": 1948557.159, "area_m2_within_imc_boundary": 1842520.911, "pct_within_imc_boundary": 94.5582, "primary_ward_sourcewardcode": "15", "primary_ward_name": "Bijaasan", "num_intersecting_wards": 1, "is_multi_ward": false, "grid_version": 1}, "geometry": {"type": "Polygon", "coordinates": [[[75.7889437458079, 22.75355488972107], [75.78161698595059, 22.749679450864296], [75.78157249902102, 22.74185673763146], [75.78885394068568, 22.73790949065533], [75.79618025531273, 22.741784615215906], [75.79622557350035, 22.749607300921934], [75.7889437458079, 22.75355488972107]]]}}, {"type": "Feature", "properties": {"hex_id": "H-R012-C055", "grid_row": 12, "grid_col": 55, "centroid_lon": 75.803507, "centroid_lat": 22.7456594, "area_m2_theoretical": 1948557.159, "area_m2_within_imc_boundary": 1948557.158, "pct_within_imc_boundary": 100.0, "primary_ward_sourcewardcode": "15", "primary_ward_name": "Bijaasan", "num_intersecting_wards": 2, "is_multi_ward": true, "grid_version": 1}, "geometry": {"type": "Polygon", "coordinates": [[[75.8035527193779, 22.753482058032834], [75.79622557350035, 22.749607300921934], [75.79618025531273, 22.741784615215906], [75.8034612517547, 22.737836714530303], [75.81078795186166, 22.741711157607668], [75.81083410129214, 22.749533815277292], [75.8035527193779, 22.753482058032834]]]}}, {"type": "Feature", "properties": {"hex_id": "H-R012-C056", "grid_row": 12, "grid_col": 56, "centroid_lon": 75.8181151, "centroid_lat": 22.7455853, "area_m2_theoretical": 1948557.159, "area_m2_within_imc_boundary": 1948557.159, "pct_within_imc_boundary": 100.0, "primary_ward_sourcewardcode": "16", "primary_ward_name": "Nandabaag", "num_intersecting_wards": 2, "is_multi_ward": true, "grid_version": 1}, "geometry": {"type": "Polygon", "coordinates": [[[75.81816163263427, 22.753407890398687], [75.81083410129214, 22.749533815277292], [75.81078795186166, 22.741711157607668], [75.81806850254071, 22.737762603478508], [75.82539558757207, 22.74163636482915], [75.82544256822996, 22.749458993952825], [75.81816163263427, 22.753407890398687]]]}}, {"type": "Feature", "properties": {"hex_id": "H-R012-C057", "grid_row": 12, "grid_col": 57, "centroid_lon": 75.8327231, "centroid_lat": 22.7455098, "area_m2_theoretical": 1948557.159, "area_m2_within_imc_boundary": 1948557.159, "pct_within_imc_boundary": 100.0, "primary_ward_sourcewardcode": "16", "primary_ward_name": "Nandabaag", "num_intersecting_wards": 4, "is_multi_ward": true, "grid_version": 1}, "geometry": {"type": "Polygon", "coordinates": [[[75.8327704844809, 22.753332386841294], [75.82544256822996, 22.749458993952825], [75.82539558757207, 22.74163636482915], [75.83267569194817, 22.737687157522576], [75.8400031613483, 22.741560236903197], [75.84005097321786, 22.749382836971375], [75.8327704844809, 22.753332386841294]]]}}, {"type": "Feature", "properties": {"hex_id": "H-R012-C058", "grid_row": 12, "grid_col": 58, "centroid_lon": 75.847331, "centroid_lat": 22.745433, "area_m2_theoretical": 1948557.159, "area_m2_within_imc_boundary": 1948557.158, "pct_within_imc_boundary": 100.0, "primary_ward_sourcewardcode": "12", "primary_ward_name": "Govind Colony", "num_intersecting_wards": 10, "is_multi_ward": true, "grid_version": 1}, "geometry": {"type": "Polygon", "coordinates": [[[75.84737927382167, 22.75325554738369], [75.84005097321786, 22.749382836971375], [75.8400031613483, 22.741560236903197], [75.84728281888155, 22.737610376685524], [75.85461067209468, 22.741482773853075], [75.85465931515988, 22.749305344356202], [75.84737927382167, 22.75325554738369]]]}}, {"type": "Feature", "properties": {"hex_id": "H-R012-C059", "grid_row": 12, "grid_col": 59, "centroid_lon": 75.8619389, "centroid_lat": 22.7453548, "area_m2_theoretical": 1948557.159, "area_m2_within_imc_boundary": 1948557.158, "pct_within_imc_boundary": 100.0, "primary_ward_sourcewardcode": "11", "primary_ward_name": "Bhaageerathpura", "num_intersecting_wards": 6, "is_multi_ward": true, "grid_version": 1}, "geometry": {"type": "Polygon", "coordinates": [[[75.86198799956055, 22.75317737204936], [75.85465931515988, 22.749305344356202], [75.85461067209468, 22.741482773853075], [75.86188988224534, 22.737532260990825], [75.8692181187156, 22.741403975702404], [75.86926759296013, 22.749226516130964], [75.86198799956055, 22.75317737204936]]]}}, {"type": "Feature", "properties": {"hex_id": "H-R012-C060", "grid_row": 12, "grid_col": 60, "centroid_lon": 75.8765468, "centroid_lat": 22.7452753, "area_m2_theoretical": 1948557.159, "area_m2_within_imc_boundary": 1948557.159, "pct_within_imc_boundary": 100.0, "primary_ward_sourcewardcode": "27", "primary_ward_name": "Pashupati Naath", "num_intersecting_wards": 8, "is_multi_ward": true, "grid_version": 1}, "geometry": {"type": "Polygon", "coordinates": [[[75.87659666060148, 22.75309786086218], [75.86926759296013, 22.749226516130964], [75.8692181187156, 22.741403975702404], [75.87649688094406, 22.737452810462308], [75.88382550011542, 22.741323842475285], [75.88387580552272, 22.749146352319745], [75.87659666060148, 22.75309786086218]]]}}, {"type": "Feature", "properties": {"hex_id": "H-R012-C061", "grid_row": 12, "grid_col": 61, "centroid_lon": 75.8911545, "centroid_lat": 22.7451945, "area_m2_theoretical": 1948557.159, "area_m2_within_imc_boundary": 1948557.158, "pct_within_imc_boundary": 100.0, "primary_ward_sourcewardcode": "28", "primary_ward_name": "Maam Tulaja Bhavaanee", "num_intersecting_wards": 7, "is_multi_ward": true, "grid_version": 1}, "geometry": {"type": "Polygon", "coordinates": [[[75.89120525584848, 22.753017013846424], [75.88387580552272, 22.749146352319745], [75.88382550011542, 22.741323842475285], [75.89110381388227, 22.73737202512425], [75.89843281519859, 22.74124237419616], [75.89848395175181, 22.749064852947026], [75.89120525584848, 22.753017013846424]]]}}, {"type": "Feature", "properties": {"hex_id": "H-R012-C062", "grid_row": 12, "grid_col": 62, "centroid_lon": 75.9057622, "centroid_lat": 22.7451124, "area_m2_theoretical": 1948557.159, "area_m2_within_imc_boundary": 1948557.158, "pct_within_imc_boundary": 100.0, "primary_ward_sourcewardcode": "37", "primary_ward_name": "Saamee Kripa", "num_intersecting_wards": 5, "is_multi_ward": true, "grid_version": 1}, "geometry": {"type": "Polygon", "coordinates": [[[75.90581378420553, 22.75293483102678], [75.89848395175181, 22.749064852947026], [75.89843281519859, 22.74124237419616], [75.90571067996453, 22.737289905001315], [75.91304006286956, 22.741159570889927], [75.91309203055158, 22.748982018037683], [75.90581378420553, 22.75293483102678]]]}}, {"type": "Feature", "properties": {"hex_id": "H-R012-C063", "grid_row": 12, "grid_col": 63, "centroid_lon": 75.9203698, "centroid_lat": 22.7450289, "area_m2_theoretical": 1948557.159, "area_m2_within_imc_boundary": 1948557.159, "pct_within_imc_boundary": 100.0, "primary_ward_sourcewardcode": "38", "primary_ward_name": "Haajee Colony", "num_intersecting_wards": 4, "is_multi_ward": true, "grid_version": 1}, "geometry": {"type": "Polygon", "coordinates": [[[75.92042224457673, 22.752851312428362], [75.91309203055158, 22.748982018037683], [75.91304006286956, 22.741159570889927], [75.92031747809547, 22.73720645011857], [75.92764724203282, 22.74107543258185], [75.92770004082621, 22.74889784761702], [75.92042224457673, 22.752851312428362]]]}}, {"type": "Feature", "properties": {"hex_id": "H-R012-C064", "grid_row": 12, "grid_col": 64, "centroid_lon": 75.9349774, "centroid_lat": 22.7449441, "area_m2_theoretical": 1948557.159, "area_m2_within_imc_boundary": 1948557.159, "pct_within_imc_boundary": 100.0, "primary_ward_sourcewardcode": "76", "primary_ward_name": "Mundlaa Naayta", "num_intersecting_wards": 4, "is_multi_ward": true, "grid_version": 1}, "geometry": {"type": "Polygon", "coordinates": [[[75.93503063586614, 22.752766458076653], [75.92770004082621, 22.74889784761702], [75.92764724203282, 22.74107543258185], [75.93492420717972, 22.737121660501508], [75.94225435159287, 22.74098995929762], [75.94230798147996, 22.748812341710753], [75.93503063586614, 22.752766458076653]]]}}, {"type": "Feature", "properties": {"hex_id": "H-R012-C065", "grid_row": 12, "grid_col": 65, "centroid_lon": 75.9495849, "centroid_lat": 22.7448579, "area_m2_theoretical": 1948557.159, "area_m2_within_imc_boundary": 1805905.904, "pct_within_imc_boundary": 92.6791, "primary_ward_sourcewardcode": "76", "primary_ward_name": "Mundlaa Naayta", "num_intersecting_wards": 1, "is_multi_ward": false, "grid_version": 1}, "geometry": {"type": "Polygon", "coordinates": [[[75.94963895697786, 22.752680267997594], [75.94230798147996, 22.748812341710753], [75.94225435159287, 22.74098995929762], [75.94953086612193, 22.73703553617601], [75.95686139045426, 22.74090315106336], [75.95691585141708, 22.748725500344978], [75.94963895697786, 22.752680267997594]]]}}, {"type": "Feature", "properties": {"hex_id": "H-R012-C066", "grid_row": 12, "grid_col": 66, "centroid_lon": 75.9641923, "centroid_lat": 22.7447704, "area_m2_theoretical": 1948557.159, "area_m2_within_imc_boundary": 1478287.98, "pct_within_imc_boundary": 75.8658, "primary_ward_sourcewardcode": "76", "primary_ward_name": "Mundlaa Naayta", "num_intersecting_wards": 1, "is_multi_ward": false, "grid_version": 1}, "geometry": {"type": "Polygon", "coordinates": [[[75.96424720681605, 22.752592742217466], [75.95691585141708, 22.748725500344978], [75.95686139045426, 22.74090315106336], [75.96413745382684, 22.73694807716838], [75.97146835752159, 22.74081500790557], [75.97152364954188, 22.748637323546205], [75.96424720681605, 22.752592742217466]]]}}, {"type": "Feature", "properties": {"hex_id": "H-R013-C053", "grid_row": 13, "grid_col": 53, "centroid_lon": 75.7816615, "centroid_lat": 22.7575022, "area_m2_theoretical": 1948557.159, "area_m2_within_imc_boundary": 1795853.9, "pct_within_imc_boundary": 92.1633, "primary_ward_sourcewardcode": "15", "primary_ward_name": "Bijaasan", "num_intersecting_wards": 1, "is_multi_ward": false, "grid_version": 1}, "geometry": {"type": "Polygon", "coordinates": [[[75.78170601847667, 22.76532485410911], [75.77437881337414, 22.761449100638384], [75.77433471302038, 22.75362638544116], [75.78161698595059, 22.749679450864296], [75.7889437458079, 22.75355488972107], [75.78898867797524, 22.761377577641746], [75.78170601847667, 22.76532485410911]]]}}, {"type": "Feature", "properties": {"hex_id": "H-R013-C054", "grid_row": 13, "grid_col": 54, "centroid_lon": 75.7962709, "centroid_lat": 22.75743, "area_m2_theoretical": 1948557.159, "area_m2_within_imc_boundary": 1948557.159, "pct_within_imc_boundary": 100.0, "primary_ward_sourcewardcode": "15", "primary_ward_name": "Bijaasan", "num_intersecting_wards": 1, "is_multi_ward": false, "grid_version": 1}, "geometry": {"type": "Polygon", "coordinates": [[[75.79631626963864, 22.765252649103996], [75.78898867797524, 22.761377577641746], [75.7889437458079, 22.75355488972107], [75.79622557350035, 22.749607300921934], [75.8035527193779, 22.753482058032834], [75.80359848334378, 22.76130471816731], [75.79631626963864, 22.765252649103996]]]}}, {"type": "Feature", "properties": {"hex_id": "H-R013-C055", "grid_row": 13, "grid_col": 55, "centroid_lon": 75.8108803, "centroid_lat": 22.7573565, "area_m2_theoretical": 1948557.159, "area_m2_within_imc_boundary": 1948557.158, "pct_within_imc_boundary": 100.0, "primary_ward_sourcewardcode": "15", "primary_ward_name": "Bijaasan", "num_intersecting_wards": 2, "is_multi_ward": true, "grid_version": 1}, "geometry": {"type": "Polygon", "coordinates": [[[75.81092646101223, 22.76517910737728], [75.80359848334378, 22.76130471816731], [75.8035527193779, 22.753482058032834], [75.81083410129214, 22.749533815277292], [75.81816163263427, 22.753407890398687], [75.81820822838334, 22.7612305222373], [75.81092646101223, 22.76517910737728]]]}}, {"type": "Feature", "properties": {"hex_id": "H-R013-C056", "grid_row": 13, "grid_col": 56, "centroid_lon": 75.8254896, "centroid_lat": 22.7572816, "area_m2_theoretical": 1948557.159, "area_m2_within_imc_boundary": 1948557.159, "pct_within_imc_boundary": 100.0, "primary_ward_sourcewardcode": "15", "primary_ward_name": "Bijaasan", "num_intersecting_wards": 3, "is_multi_ward": true, "grid_version": 1}, "geometry": {"type": "Polygon", "coordinates": [[[75.8255365915009, 22.76510422895145], [75.81820822838334, 22.7612305222373], [75.81816163263427, 22.753407890398687], [75.82544256822996, 22.749458993952825], [75.8327704844809, 22.753332386841294], [75.83281791199754, 22.761154989874406], [75.8255365915009, 22.76510422895145]]]}}, {"type": "Feature", "properties": {"hex_id": "H-R013-C057", "grid_row": 13, "grid_col": 57, "centroid_lon": 75.8400988, "centroid_lat": 22.7572054, "area_m2_theoretical": 1948557.159, "area_m2_within_imc_boundary": 1948557.158, "pct_within_imc_boundary": 100.0, "primary_ward_sourcewardcode": "17", "primary_ward_name": "Kushavaah Nagar", "num_intersecting_wards": 3, "is_multi_ward": true, "grid_version": 1}, "geometry": {"type": "Polygon", "coordinates": [[[75.84014666000814, 22.76502801384936], [75.83281791199754, 22.761154989874406], [75.8327704844809, 22.753332386841294], [75.84005097321786, 22.749382836971375], [75.84737927382167, 22.75325554738369], [75.84742753309, 22.761078121101676], [75.84014666000814, 22.76502801384936]]]}}, {"type": "Feature", "properties": {"hex_id": "H-R013-C058", "grid_row": 13, "grid_col": 58, "centroid_lon": 75.854708, "centroid_lat": 22.7571279, "area_m2_theoretical": 1948557.159, "area_m2_within_imc_boundary": 1948557.159, "pct_within_imc_boundary": 100.0, "primary_ward_sourcewardcode": "19", "primary_ward_name": "Vishvakarma", "num_intersecting_wards": 6, "is_multi_ward": true, "grid_version": 1}, "geometry": {"type": "Polygon", "coordinates": [[[75.85475666543746, 22.7649504620943], [75.84742753309, 22.761078121101676], [75.84737927382167, 22.75325554738369], [75.85465931515988, 22.749305344356202], [75.86198799956055, 22.75317737204936], [75.86203709056439, 22.7609999159426], [75.85475666543746, 22.7649504620943]]]}}, {"type": "Feature", "properties": {"hex_id": "H-R013-C059", "grid_row": 13, "grid_col": 59, "centroid_lon": 75.8693171, "centroid_lat": 22.757049, "area_m2_theoretical": 1948557.159, "area_m2_within_imc_boundary": 1948557.158, "pct_within_imc_boundary": 100.0, "primary_ward_sourcewardcode": "21", "primary_ward_name": "Shyaam Nagar", "num_intersecting_wards": 6, "is_multi_ward": true, "grid_version": 1}, "geometry": {"type": "Polygon", "coordinates": [[[75.86936660669238, 22.76487157370996], [75.86203709056439, 22.7609999159426], [75.86198799956055, 22.75317737204936], [75.86926759296013, 22.749226516130964], [75.87659666060148, 22.75309786086218], [75.87664658332437, 22.760920374421055], [75.86936660669238, 22.76487157370996]]]}}, {"type": "Feature", "properties": {"hex_id": "H-R013-C060", "grid_row": 13, "grid_col": 60, "centroid_lon": 75.8839261, "centroid_lat": 22.7569689, "area_m2_theoretical": 1948557.159, "area_m2_within_imc_boundary": 1948557.158, "pct_within_imc_boundary": 100.0, "primary_ward_sourcewardcode": "29", "primary_ward_name": "Dr Shyaamaaprasaad Mukharjee Nagar", "num_intersecting_wards": 6, "is_multi_ward": true, "grid_version": 1}, "geometry": {"type": "Polygon", "coordinates": [[[75.88397648267647, 22.764791348720426], [75.87664658332437, 22.760920374421055], [75.87659666060148, 22.75309786086218], [75.88387580552272, 22.749146352319745], [75.89120525584848, 22.753017013846424], [75.8912560102737, 22.760839496561353], [75.88397648267647, 22.764791348720426]]]}}, {"type": "Feature", "properties": {"hex_id": "H-R013-C061", "grid_row": 13, "grid_col": 61, "centroid_lon": 75.8985351, "centroid_lat": 22.7568873, "area_m2_theoretical": 1948557.159, "area_m2_within_imc_boundary": 1948557.159, "pct_within_imc_boundary": 100.0, "primary_ward_sourcewardcode": "31", "primary_ward_name": "Mahaaraaja Chhatrasaal", "num_intersecting_wards": 4, "is_multi_ward": true, "grid_version": 1}, "geometry": {"type": "Polygon", "coordinates": [[[75.89858629229332, 22.76470978715021], [75.8912560102737, 22.760839496561353], [75.89120525584848, 22.753017013846424], [75.89848395175181, 22.749064852947026], [75.90581378420553, 22.75293483102678], [75.90586537031609, 22.76075728238817], [75.89858629229332, 22.76470978715021]]]}}, {"type": "Feature", "properties": {"hex_id": "H-R013-C062", "grid_row": 13, "grid_col": 62, "centroid_lon": 75.913144, "centroid_lat": 22.7568045, "area_m2_theoretical": 1948557.159, "area_m2_within_imc_boundary": 1948557.158, "pct_within_imc_boundary": 100.0, "primary_ward_sourcewardcode": "36", "primary_ward_name": "Nepaaniya", "num_intersecting_wards": 2, "is_multi_ward": true, "grid_version": 1}, "geometry": {"type": "Polygon", "coordinates": [[[75.91319603444654, 22.764626889024207], [75.90586537031609, 22.76075728238817], [75.90581378420553, 22.75293483102678], [75.91309203055158, 22.748982018037683], [75.92042224457673, 22.752851312428362], [75.92047466235533, 22.76067373192663], [75.91319603444654, 22.764626889024207]]]}}, {"type": "Feature", "properties": {"hex_id": "H-R013-C063", "grid_row": 13, "grid_col": 63, "centroid_lon": 75.9277529, "centroid_lat": 22.7567203, "area_m2_theoretical": 1948557.159, "area_m2_within_imc_boundary": 1948557.159, "pct_within_imc_boundary": 100.0, "primary_ward_sourcewardcode": "36", "primary_ward_name": "Nepaaniya", "num_intersecting_wards": 3, "is_multi_ward": true, "grid_version": 1}, "geometry": {"type": "Polygon", "coordinates": [[[75.92780570803978, 22.76454265436776], [75.92047466235533, 22.76067373192663], [75.92042224457673, 22.752851312428362], [75.92770004082621, 22.74889784761702], [75.93503063586614, 22.752766458076653], [75.93508388529521, 22.76058884520225], [75.92780570803978, 22.76454265436776]]]}}, {"type": "Feature", "properties": {"hex_id": "H-R013-C064", "grid_row": 13, "grid_col": 64, "centroid_lon": 75.9423616, "centroid_lat": 22.7566347, "area_m2_theoretical": 1948557.159, "area_m2_within_imc_boundary": 1343854.269, "pct_within_imc_boundary": 68.9666, "primary_ward_sourcewardcode": "36", "primary_ward_name": "Nepaaniya", "num_intersecting_wards": 2, "is_multi_ward": true, "grid_version": 1}, "geometry": {"type": "Polygon", "coordinates": [[[75.94241531197675, 22.76445708320657], [75.93508388529521, 22.76058884520225], [75.93503063586614, 22.752766458076653], [75.94230798147996, 22.748812341710753], [75.94963895697786, 22.752680267997594], [75.94969303803958, 22.76050262224094], [75.94241531197675, 22.76445708320657]]]}}, {"type": "Feature", "properties": {"hex_id": "H-R014-C054", "grid_row": 14, "grid_col": 54, "centroid_lon": 75.7890336, "centroid_lat": 22.7692003, "area_m2_theoretical": 1948557.159, "area_m2_within_imc_boundary": 1589819.061, "pct_within_imc_boundary": 81.5896, "primary_ward_sourcewardcode": "15", "primary_ward_name": "Bijaasan", "num_intersecting_wards": 1, "is_multi_ward": false, "grid_version": 1}, "geometry": {"type": "Polygon", "coordinates": [[[75.7890786015475, 22.777022930248314], [75.78175056408313, 22.773147544116902], [75.78170601847667, 22.765324854109103], [75.78898867797524, 22.761377577641742], [75.79631626963864, 22.765252649103985], [75.79636164759943, 22.77307531157584], [75.7890786015475, 22.777022930248314]]]}}, {"type": "Feature", "properties": {"hex_id": "H-R014-C055", "grid_row": 14, "grid_col": 55, "centroid_lon": 75.8036443, "centroid_lat": 22.7691274, "area_m2_theoretical": 1948557.159, "area_m2_within_imc_boundary": 1460718.217, "pct_within_imc_boundary": 74.9641, "primary_ward_sourcewardcode": "15", "primary_ward_name": "Bijaasan", "num_intersecting_wards": 1, "is_multi_ward": false, "grid_version": 1}, "geometry": {"type": "Polygon", "coordinates": [[[75.80369007160961, 22.77695001519224], [75.79636164759943, 22.77307531157584], [75.79631626963864, 22.765252649103985], [75.80359848334378, 22.76130471816731], [75.81092646101223, 22.765179107377275], [75.81097267131216, 22.77300174180345], [75.80369007160961, 22.77695001519224]]]}}, {"type": "Feature", "properties": {"hex_id": "H-R014-C056", "grid_row": 14, "grid_col": 56, "centroid_lon": 75.8182548, "centroid_lat": 22.7690531, "area_m2_theoretical": 1948557.159, "area_m2_within_imc_boundary": 1433315.625, "pct_within_imc_boundary": 73.5578, "primary_ward_sourcewardcode": "15", "primary_ward_name": "Bijaasan", "num_intersecting_wards": 1, "is_multi_ward": false, "grid_version": 1}, "geometry": {"type": "Polygon", "coordinates": [[[75.81830148131203, 22.776875762661156], [75.81097267131216, 22.77300174180345], [75.81092646101223, 22.765179107377275], [75.81820822838334, 22.761230522237298], [75.8255365915009, 22.765104228951444], [75.82558363412447, 22.7729268348222], [75.81830148131203, 22.776875762661156]]]}}, {"type": "Feature", "properties": {"hex_id": "H-R014-C057", "grid_row": 14, "grid_col": 57, "centroid_lon": 75.8328654, "centroid_lat": 22.7689776, "area_m2_theoretical": 1948557.159, "area_m2_within_imc_boundary": 1948557.159, "pct_within_imc_boundary": 100.0, "primary_ward_sourcewardcode": "15", "primary_ward_name": "Bijaasan", "num_intersecting_wards": 1, "is_multi_ward": false, "grid_version": 1}, "geometry": {"type": "Polygon", "coordinates": [[[75.83291282955786, 22.776800172677707], [75.82558363412447, 22.7729268348222], [75.8255365915009, 22.765104228951444], [75.83281791199754, 22.761154989874406], [75.84014666000814, 22.765028013849356], [75.8401945349396, 22.772850590654993], [75.83291282955786, 22.776800172677707]]]}}, {"type": "Feature", "properties": {"hex_id": "H-R014-C058", "grid_row": 14, "grid_col": 58, "centroid_lon": 75.8474758, "centroid_lat": 22.7689007, "area_m2_theoretical": 1948557.159, "area_m2_within_imc_boundary": 1948557.158, "pct_within_imc_boundary": 100.0, "primary_ward_sourcewardcode": "19", "primary_ward_name": "Vishvakarma", "num_intersecting_wards": 3, "is_multi_ward": true, "grid_version": 1}, "geometry": {"type": "Polygon", "coordinates": [[[75.84752411525011, 22.776723245265], [75.8401945349396, 22.772850590654993], [75.84014666000814, 22.765028013849356], [75.84742753309, 22.761078121101676], [75.85475666543746, 22.764950462094298], [75.85480537266075, 22.772773009325093], [75.84752411525011, 22.776723245265]]]}}, {"type": "Feature", "properties": {"hex_id": "H-R014-C059", "grid_row": 14, "grid_col": 59, "centroid_lon": 75.8620862, "centroid_lat": 22.7688225, "area_m2_theoretical": 1948557.159, "area_m2_within_imc_boundary": 1948557.159, "pct_within_imc_boundary": 100.0, "primary_ward_sourcewardcode": "20", "primary_ward_name": "Gauree Nagar", "num_intersecting_wards": 3, "is_multi_ward": true, "grid_version": 1}, "geometry": {"type": "Polygon", "coordinates": [[[75.86213533729193, 22.776644980446548], [75.85480537266075, 22.772773009325093], [75.85475666543746, 22.764950462094298], [75.86203709056439, 22.760999915942598], [75.86936660669238, 22.764871573709957], [75.86941614619117, 22.772694090856213], [75.86213533729193, 22.776644980446548]]]}}, {"type": "Feature", "properties": {"hex_id": "H-R014-C060", "grid_row": 14, "grid_col": 60, "centroid_lon": 75.8766965, "centroid_lat": 22.7687429, "area_m2_theoretical": 1948557.159, "area_m2_within_imc_boundary": 1948557.158, "pct_within_imc_boundary": 100.0, "primary_ward_sourcewardcode": "21", "primary_ward_name": "Shyaam Nagar", "num_intersecting_wards": 5, "is_multi_ward": true, "grid_version": 1}, "geometry": {"type": "Polygon", "coordinates": [[[75.87674649458643, 22.776565378246243], [75.86941614619117, 22.772694090856213], [75.86936660669238, 22.764871573709957], [75.87664658332437, 22.76092037442105], [75.88397648267647, 22.76479134872042], [75.88402685443415, 22.77261383527246], [75.87674649458643, 22.776565378246243]]]}}, {"type": "Feature", "properties": {"hex_id": "H-R014-C061", "grid_row": 14, "grid_col": 61, "centroid_lon": 75.8913068, "centroid_lat": 22.768662, "area_m2_theoretical": 1948557.159, "area_m2_within_imc_boundary": 1948557.159, "pct_within_imc_boundary": 100.0, "primary_ward_sourcewardcode": "34", "primary_ward_name": "Shaheed BhagatSinh", "num_intersecting_wards": 3, "is_multi_ward": true, "grid_version": 1}, "geometry": {"type": "Polygon", "coordinates": [[[75.89135758603676, 22.776484438688403], [75.88402685443415, 22.77261383527246], [75.88397648267647, 22.76479134872042], [75.8912560102737, 22.76083949656135], [75.89858629229332, 22.764709787150203], [75.89863749629302, 22.772532242598338], [75.89135758603676, 22.776484438688403]]]}}, {"type": "Feature", "properties": {"hex_id": "H-R014-C062", "grid_row": 14, "grid_col": 62, "centroid_lon": 75.905917, "centroid_lat": 22.7685797, "area_m2_theoretical": 1948557.159, "area_m2_within_imc_boundary": 1948557.159, "pct_within_imc_boundary": 100.0, "primary_ward_sourcewardcode": "36", "primary_ward_name": "Nepaaniya", "num_intersecting_wards": 6, "is_multi_ward": true, "grid_version": 1}, "geometry": {"type": "Polygon", "coordinates": [[[75.90596861054614, 22.77640216179774], [75.89863749629302, 22.772532242598338], [75.89858629229332, 22.764709787150203], [75.90586537031609, 22.760757282388166], [75.91319603444654, 22.7646268890242], [75.91324807067112, 22.77244931285877], [75.90596861054614, 22.77640216179774]]]}}, {"type": "Feature", "properties": {"hex_id": "H-R014-C063", "grid_row": 14, "grid_col": 63, "centroid_lon": 75.9205271, "centroid_lat": 22.7684961, "area_m2_theoretical": 1948557.159, "area_m2_within_imc_boundary": 1948557.158, "pct_within_imc_boundary": 100.0, "primary_ward_sourcewardcode": "36", "primary_ward_name": "Nepaaniya", "num_intersecting_wards": 2, "is_multi_ward": true, "grid_version": 1}, "geometry": {"type": "Polygon", "coordinates": [[[75.92057956701774, 22.776318547599416], [75.91324807067112, 22.77244931285877], [75.91319603444654, 22.7646268890242], [75.92047466235533, 22.760673731926627], [75.92780570803978, 22.76454265436775], [75.92785857647178, 22.772365046079095], [75.92057956701774, 22.776318547599416]]]}}, {"type": "Feature", "properties": {"hex_id": "H-R014-C064", "grid_row": 14, "grid_col": 64, "centroid_lon": 75.9351372, "centroid_lat": 22.7684112, "area_m2_theoretical": 1948557.159, "area_m2_within_imc_boundary": 1948557.159, "pct_within_imc_boundary": 100.0, "primary_ward_sourcewardcode": "36", "primary_ward_name": "Nepaaniya", "num_intersecting_wards": 2, "is_multi_ward": true, "grid_version": 1}, "geometry": {"type": "Polygon", "coordinates": [[[75.93519045435485, 22.776233596118956], [75.92785857647178, 22.772365046079095], [75.92780570803978, 22.76454265436775], [75.93508388529521, 22.760588845202246], [75.94241531197675, 22.764457083206562], [75.94246901259844, 22.772279442285043], [75.93519045435485, 22.776233596118956]]]}}, {"type": "Feature", "properties": {"hex_id": "H-R015-C056", "grid_row": 15, "grid_col": 56, "centroid_lon": 75.8256307, "centroid_lat": 22.7807494, "area_m2_theoretical": 1948557.159, "area_m2_within_imc_boundary": 1574414.877, "pct_within_imc_boundary": 80.799, "primary_ward_sourcewardcode": "15", "primary_ward_name": "Bijaasan", "num_intersecting_wards": 2, "is_multi_ward": true, "grid_version": 1}, "geometry": {"type": "Polygon", "coordinates": [[[75.82567778137407, 22.788572023296194], [75.8183481385021, 22.784698371242204], [75.81830148131203, 22.776875762661156], [75.82558363412447, 22.7729268348222], [75.83291282955786, 22.776800172677707], [75.83296031961213, 22.784622752443706], [75.82567778137407, 22.788572023296194]]]}}, {"type": "Feature", "properties": {"hex_id": "H-R015-C057", "grid_row": 15, "grid_col": 57, "centroid_lon": 75.8402424, "centroid_lat": 22.7806732, "area_m2_theoretical": 1948557.159, "area_m2_within_imc_boundary": 1948557.159, "pct_within_imc_boundary": 100.0, "primary_ward_sourcewardcode": "15", "primary_ward_name": "Bijaasan", "num_intersecting_wards": 2, "is_multi_ward": true, "grid_version": 1}, "geometry": {"type": "Polygon", "coordinates": [[[75.84029034790181, 22.788495720989086], [75.83296031961213, 22.784622752443706], [75.83291282955786, 22.776800172677707], [75.8401945349396, 22.772850590654993], [75.84752411525011, 22.776723245265], [75.8475724381527, 22.78454579570617], [75.84029034790181, 22.788495720989086]]]}}, {"type": "Feature", "properties": {"hex_id": "H-R015-C058", "grid_row": 15, "grid_col": 58, "centroid_lon": 75.8548541, "centroid_lat": 22.7805955, "area_m2_theoretical": 1948557.159, "area_m2_within_imc_boundary": 1948557.158, "pct_within_imc_boundary": 100.0, "primary_ward_sourcewardcode": "19", "primary_ward_name": "Vishvakarma", "num_intersecting_wards": 2, "is_multi_ward": true, "grid_version": 1}, "geometry": {"type": "Polygon", "coordinates": [[[75.85490285130346, 22.788418080499707], [75.8475724381527, 22.78454579570617], [75.84752411525011, 22.776723245265], [75.85480537266075, 22.772773009325093], [75.86213533729193, 22.776644980446548], [75.86218449302662, 22.784467501053072], [75.85490285130346, 22.788418080499707]]]}}, {"type": "Feature", "properties": {"hex_id": "H-R015-C059", "grid_row": 15, "grid_col": 59, "centroid_lon": 75.8694657, "centroid_lat": 22.7805166, "area_m2_theoretical": 1948557.159, "area_m2_within_imc_boundary": 1948557.159, "pct_within_imc_boundary": 100.0, "primary_ward_sourcewardcode": "19", "primary_ward_name": "Vishvakarma", "num_intersecting_wards": 3, "is_multi_ward": true, "grid_version": 1}, "geometry": {"type": "Polygon", "coordinates": [[[75.86951529048171, 22.788339101851772], [75.86218449302662, 22.784467501053072], [75.86213533729193, 22.776644980446548], [75.86941614619117, 22.772694090856213], [75.87674649458643, 22.776565378246243], [75.87679648313674, 22.78438786850835], [75.86951529048171, 22.788339101851772]]]}}, {"type": "Feature", "properties": {"hex_id": "H-R015-C060", "grid_row": 15, "grid_col": 60, "centroid_lon": 75.8840772, "centroid_lat": 22.7804363, "area_m2_theoretical": 1948557.159, "area_m2_within_imc_boundary": 1948557.158, "pct_within_imc_boundary": 100.0, "primary_ward_sourcewardcode": "35", "primary_ward_name": "Lasudiya Moree", "num_intersecting_wards": 4, "is_multi_ward": true, "grid_version": 1}, "geometry": {"type": "Polygon", "coordinates": [[[75.88412766433929, 22.788258785069416], [75.87679648313674, 22.78438786850835], [75.87674649458643, 22.776565378246243], [75.88402685443415, 22.77261383527246], [75.89135758603676, 22.776484438688403], [75.89140840738595, 22.78430689809634], [75.88412766433929, 22.788258785069416]]]}}, {"type": "Feature", "properties": {"hex_id": "H-R015-C061", "grid_row": 15, "grid_col": 61, "centroid_lon": 75.8986887, "centroid_lat": 22.7803547, "area_m2_theoretical": 1948557.159, "area_m2_within_imc_boundary": 1948557.159, "pct_within_imc_boundary": 100.0, "primary_ward_sourcewardcode": "35", "primary_ward_name": "Lasudiya Moree", "num_intersecting_wards": 3, "is_multi_ward": true, "grid_version": 1}, "geometry": {"type": "Polygon", "coordinates": [[[75.89873997177895, 22.788177130177182], [75.89140840738595, 22.78430689809634], [75.89135758603676, 22.776484438688403], [75.89863749629302, 22.772532242598338], [75.90596861054614, 22.77640216179774], [75.90602026467715, 22.784224589841745], [75.89873997177895, 22.788177130177182]]]}}, {"type": "Feature", "properties": {"hex_id": "H-R015-C062", "grid_row": 15, "grid_col": 62, "centroid_lon": 75.9133001, "centroid_lat": 22.7802717, "area_m2_theoretical": 1948557.159, "area_m2_within_imc_boundary": 1948557.158, "pct_within_imc_boundary": 100.0, "primary_ward_sourcewardcode": "35", "primary_ward_name": "Lasudiya Moree", "num_intersecting_wards": 2, "is_multi_ward": true, "grid_version": 1}, "geometry": {"type": "Polygon", "coordinates": [[[75.91335221170348, 22.78809413720001], [75.90602026467715, 22.784224589841745], [75.90596861054614, 22.77640216179774], [75.91324807067112, 22.77244931285877], [75.92057956701774, 22.776318547599416], [75.92063205391328, 22.784140943769746], [75.91335221170348, 22.78809413720001]]]}}, {"type": "Feature", "properties": {"hex_id": "H-R015-C063", "grid_row": 15, "grid_col": 63, "centroid_lon": 75.9279115, "centroid_lat": 22.7801874, "area_m2_theoretical": 1948557.159, "area_m2_within_imc_boundary": 1948557.158, "pct_within_imc_boundary": 100.0, "primary_ward_sourcewardcode": "35", "primary_ward_name": "Lasudiya Moree", "num_intersecting_wards": 2, "is_multi_ward": true, "grid_version": 1}, "geometry": {"type": "Polygon", "coordinates": [[[75.92796438301568, 22.788009806163238], [75.92063205391328, 22.784140943769746], [75.92057956701774, 22.776318547599416], [75.92785857647178, 22.772365046079095], [75.93519045435485, 22.776233596118956], [75.9352437739973, 22.784055959905867], [75.92796438301568, 22.788009806163238]]]}}, {"type": "Feature", "properties": {"hex_id": "H-R015-C064", "grid_row": 15, "grid_col": 64, "centroid_lon": 75.9425227, "centroid_lat": 22.7801018, "area_m2_theoretical": 1948557.159, "area_m2_within_imc_boundary": 1371973.751, "pct_within_imc_boundary": 70.4097, "primary_ward_sourcewardcode": "36", "primary_ward_name": "Nepaaniya", "num_intersecting_wards": 1, "is_multi_ward": false, "grid_version": 1}, "geometry": {"type": "Polygon", "coordinates": [[[75.9425764846184, 22.78792413709265], [75.9352437739973, 22.784055959905867], [75.93519045435485, 22.776233596118956], [75.94246901259844, 22.772279442285043], [75.94980127146071, 22.776147307382292], [75.94985542383222, 22.783969638276083], [75.9425764846184, 22.78792413709265]]]}}, {"type": "Feature", "properties": {"hex_id": "H-R016-C057", "grid_row": 16, "grid_col": 57, "centroid_lon": 75.8330078, "centroid_lat": 22.7924453, "area_m2_theoretical": 1948557.159, "area_m2_within_imc_boundary": 1948557.158, "pct_within_imc_boundary": 100.0, "primary_ward_sourcewardcode": "18", "primary_ward_name": "Sant Kabeer", "num_intersecting_wards": 2, "is_multi_ward": true, "grid_version": 1}, "geometry": {"type": "Polygon", "coordinates": [[[75.83305536229547, 22.80026788869399], [75.82572488601063, 22.796394605895244], [75.82567778137407, 22.78857202329619], [75.83296031961213, 22.784622752443703], [75.84029034790181, 22.788495720989086], [75.84033828594329, 22.79631827451336], [75.83305536229547, 22.80026788869399]]]}}, {"type": "Feature", "properties": {"hex_id": "H-R016-C058", "grid_row": 16, "grid_col": 58, "centroid_lon": 75.8476208, "centroid_lat": 22.7923683, "area_m2_theoretical": 1948557.159, "area_m2_within_imc_boundary": 1919167.688, "pct_within_imc_boundary": 98.4917, "primary_ward_sourcewardcode": "18", "primary_ward_name": "Sant Kabeer", "num_intersecting_wards": 1, "is_multi_ward": false, "grid_version": 1}, "geometry": {"type": "Polygon", "coordinates": [[[75.84766914762992, 22.80019087329702], [75.84033828594329, 22.79631827451336], [75.84029034790181, 22.788495720989086], [75.8475724381527, 22.784545795706165], [75.85490285130346, 22.788418080499703], [75.8549516227338, 22.79624060443933], [75.84766914762992, 22.80019087329702]]]}}, {"type": "Feature", "properties": {"hex_id": "H-R016-C059", "grid_row": 16, "grid_col": 59, "centroid_lon": 75.8622337, "centroid_lat": 22.79229, "area_m2_theoretical": 1948557.159, "area_m2_within_imc_boundary": 1084915.579, "pct_within_imc_boundary": 55.6779, "primary_ward_sourcewardcode": "19", "primary_ward_name": "Vishvakarma", "num_intersecting_wards": 2, "is_multi_ward": true, "grid_version": 1}, "geometry": {"type": "Polygon", "coordinates": [[[75.86228286926529, 22.80011251896476], [75.8549516227338, 22.79624060443933], [75.85490285130346, 22.788418080499703], [75.86218449302662, 22.78446750105307], [75.86951529048171, 22.78833910185177], [75.86956489528455, 22.796161595696883], [75.86228286926529, 22.80011251896476]]]}}, {"type": "Feature", "properties": {"hex_id": "H-R016-C060", "grid_row": 16, "grid_col": 60, "centroid_lon": 75.8768465, "centroid_lat": 22.7922104, "area_m2_theoretical": 1948557.159, "area_m2_within_imc_boundary": 735637.671, "pct_within_imc_boundary": 37.7529, "primary_ward_sourcewardcode": "35", "primary_ward_name": "Lasudiya Moree", "num_intersecting_wards": 2, "is_multi_ward": true, "grid_version": 1}, "geometry": {"type": "Polygon", "coordinates": [[[75.87689652610388, 22.800032825721146], [75.86956489528455, 22.796161595696883], [75.86951529048171, 22.78833910185177], [75.87679648313674, 22.784387868508347], [75.88412766433929, 22.788258785069416], [75.884178102498, 22.79608124831016], [75.87689652610388, 22.800032825721146]]]}}, {"type": "Feature", "properties": {"hex_id": "H-R016-C062", "grid_row": 16, "grid_col": 62, "centroid_lon": 75.9060719, "centroid_lat": 22.792047, "area_m2_theoretical": 1948557.159, "area_m2_within_imc_boundary": 1775976.617, "pct_within_imc_boundary": 91.1432, "primary_ward_sourcewardcode": "35", "primary_ward_name": "Lasudiya Moree", "num_intersecting_wards": 1, "is_multi_ward": false, "grid_version": 1}, "geometry": {"type": "Polygon", "coordinates": [[[75.90612364100004, 22.79986942259769], [75.89879124327662, 22.795999562303706], [75.89873997177895, 22.78817713017718], [75.90602026467715, 22.78422458984174], [75.91335221170348, 22.788094137200005], [75.91340431652291, 22.795916537702475], [75.90612364100004, 22.79986942259769]]]}}, {"type": "Feature", "properties": {"hex_id": "H-R016-C063", "grid_row": 16, "grid_col": 63, "centroid_lon": 75.9206846, "centroid_lat": 22.7919633, "area_m2_theoretical": 1948557.159, "area_m2_within_imc_boundary": 1948557.159, "pct_within_imc_boundary": 100.0, "primary_ward_sourcewardcode": "35", "primary_ward_name": "Lasudiya Moree", "num_intersecting_wards": 2, "is_multi_ward": true, "grid_version": 1}, "geometry": {"type": "Polygon", "coordinates": [[[75.92073709686233, 22.79978571276775], [75.91340431652291, 22.795916537702475], [75.91335221170348, 22.788094137200005], [75.92063205391328, 22.784140943769742], [75.92796438301568, 22.788009806163238], [75.92801732113942, 22.795832174531835], [75.92073709686233, 22.79978571276775]]]}}, {"type": "Feature", "properties": {"hex_id": "H-R016-C064", "grid_row": 16, "grid_col": 64, "centroid_lon": 75.9352971, "centroid_lat": 22.7918783, "area_m2_theoretical": 1948557.159, "area_m2_within_imc_boundary": 1948557.158, "pct_within_imc_boundary": 100.0, "primary_ward_sourcewardcode": "36", "primary_ward_name": "Nepaaniya", "num_intersecting_wards": 1, "is_multi_ward": false, "grid_version": 1}, "geometry": {"type": "Polygon", "coordinates": [[[75.93535048353729, 22.799700664126313], [75.92801732113942, 22.795832174531835], [75.92796438301568, 22.788009806163238], [75.9352437739973, 22.784055959905864], [75.9425764846184, 22.787924137092645], [75.94263025602869, 22.795746472817566], [75.93535048353729, 22.799700664126313]]]}}, {"type": "Feature", "properties": {"hex_id": "H-R017-C056", "grid_row": 17, "grid_col": 56, "centroid_lon": 75.825772, "centroid_lat": 22.8042172, "area_m2_theoretical": 1948557.159, "area_m2_within_imc_boundary": 1019570.452, "pct_within_imc_boundary": 52.3244, "primary_ward_sourcewardcode": "18", "primary_ward_name": "Sant Kabeer", "num_intersecting_wards": 1, "is_multi_ward": false, "grid_version": 1}, "geometry": {"type": "Polygon", "coordinates": [[[75.82581915733356, 22.812039747807013], [75.81848823303767, 22.808166150436843], [75.8184415143597, 22.80034356513213], [75.82572488601063, 22.796394605895244], [75.83305536229547, 22.80026788869399], [75.83310291493515, 22.80809044517408], [75.82581915733356, 22.812039747807013]]]}}, {"type": "Feature", "properties": {"hex_id": "H-R017-C057", "grid_row": 17, "grid_col": 57, "centroid_lon": 75.8403862, "centroid_lat": 22.8041408, "area_m2_theoretical": 1948557.159, "area_m2_within_imc_boundary": 1938534.818, "pct_within_imc_boundary": 99.4857, "primary_ward_sourcewardcode": "18", "primary_ward_name": "Sant Kabeer", "num_intersecting_wards": 1, "is_multi_ward": false, "grid_version": 1}, "geometry": {"type": "Polygon", "coordinates": [[[75.84043422517378, 22.811963358265942], [75.83310291493515, 22.80809044517408], [75.83305536229547, 22.80026788869399], [75.84033828594329, 22.79631827451336], [75.84766914762992, 22.80019087329702], [75.84771753421536, 22.808013400442537], [75.84043422517378, 22.811963358265942]]]}}, {"type": "Feature", "properties": {"hex_id": "H-R017-C060", "grid_row": 17, "grid_col": 60, "centroid_lon": 75.8842286, "centroid_lat": 22.8039037, "area_m2_theoretical": 1948557.159, "area_m2_within_imc_boundary": 1321289.892, "pct_within_imc_boundary": 67.8086, "primary_ward_sourcewardcode": "35", "primary_ward_name": "Lasudiya Moree", "num_intersecting_wards": 1, "is_multi_ward": false, "grid_version": 1}, "geometry": {"type": "Polygon", "coordinates": [[[75.88427904525588, 22.811726151465702], [75.87694658053188, 22.80785529266765], [75.87689652610388, 22.800032825721146], [75.884178102498, 22.79608124831016], [75.89151011704801, 22.79995179359054], [75.89156100537225, 22.80777422967262], [75.88427904525588, 22.811726151465702]]]}}, {"type": "Feature", "properties": {"hex_id": "H-R017-C062", "grid_row": 17, "grid_col": 62, "centroid_lon": 75.9134564, "centroid_lat": 22.8037389, "area_m2_theoretical": 1948557.159, "area_m2_within_imc_boundary": 1484601.438, "pct_within_imc_boundary": 76.1898, "primary_ward_sourcewardcode": "35", "primary_ward_name": "Lasudiya Moree", "num_intersecting_wards": 1, "is_multi_ward": false, "grid_version": 1}, "geometry": {"type": "Polygon", "coordinates": [[[75.9135085947974, 22.811561315360652], [75.90617536320345, 22.807691827305423], [75.90612364100004, 22.79986942259769], [75.91340431652291, 22.795916537702475], [75.92073709686233, 22.79978571276775], [75.92078965292757, 22.807608085591244], [75.9135085947974, 22.811561315360652]]]}}, {"type": "Feature", "properties": {"hex_id": "H-R017-C063", "grid_row": 17, "grid_col": 63, "centroid_lon": 75.9280703, "centroid_lat": 22.8036545, "area_m2_theoretical": 1948557.159, "area_m2_within_imc_boundary": 817279.861, "pct_within_imc_boundary": 41.9428, "primary_ward_sourcewardcode": "36", "primary_ward_name": "Nepaaniya", "num_intersecting_wards": 2, "is_multi_ward": true, "grid_version": 1}, "geometry": {"type": "Polygon", "coordinates": [[[75.92812326712004, 22.811476887911606], [75.92078965292757, 22.807608085591244], [75.92073709686233, 22.79978571276775], [75.92801732113942, 22.795832174531835], [75.93535048353729, 22.799700664126313], [75.93540387344675, 22.807523004555645], [75.92812326712004, 22.811476887911606]]]}}, {"type": "Feature", "properties": {"hex_id": "H-R017-C064", "grid_row": 17, "grid_col": 64, "centroid_lon": 75.9426841, "centroid_lat": 22.8035688, "area_m2_theoretical": 1948557.159, "area_m2_within_imc_boundary": 759907.673, "pct_within_imc_boundary": 38.9985, "primary_ward_sourcewardcode": "36", "primary_ward_name": "Nepaaniya", "num_intersecting_wards": 1, "is_multi_ward": false, "grid_version": 1}, "geometry": {"type": "Polygon", "coordinates": [[[75.94273786967992, 22.811391120899128], [75.93540387344675, 22.807523004555645], [75.93535048353729, 22.799700664126313], [75.94263025602869, 22.795746472817566], [75.94996379992737, 22.799614276699355], [75.95001802366313, 22.807436584224643], [75.94273786967992, 22.811391120899128]]]}}, {"type": "Feature", "properties": {"hex_id": "H-R018-C057", "grid_row": 18, "grid_col": 57, "centroid_lon": 75.8331505, "centroid_lat": 22.815913, "area_m2_theoretical": 1948557.159, "area_m2_within_imc_boundary": 1060235.426, "pct_within_imc_boundary": 54.4113, "primary_ward_sourcewardcode": "18", "primary_ward_name": "Sant Kabeer", "num_intersecting_wards": 1, "is_multi_ward": false, "grid_version": 1}, "geometry": {"type": "Polygon", "coordinates": [[[75.83319808283713, 22.823735534833748], [75.82586632403047, 22.81986230711557], [75.82581915733356, 22.81203974780701], [75.83310291493515, 22.808090445174077], [75.84043422517378, 22.81196335826594], [75.84048222637352, 22.819785888490067], [75.83319808283713, 22.823735534833748]]]}}, {"type": "Feature", "properties": {"hex_id": "H-R018-C058", "grid_row": 18, "grid_col": 58, "centroid_lon": 75.8477659, "centroid_lat": 22.8158359, "area_m2_theoretical": 1948557.159, "area_m2_within_imc_boundary": 605823.708, "pct_within_imc_boundary": 31.0909, "primary_ward_sourcewardcode": "18", "primary_ward_name": "Sant Kabeer", "num_intersecting_wards": 1, "is_multi_ward": false, "grid_version": 1}, "geometry": {"type": "Polygon", "coordinates": [[[75.84781437110696, 22.823658431423308], [75.84048222637352, 22.819785888490067], [75.84043422517378, 22.81196335826594], [75.84771753421536, 22.808013400442533], [75.85504922983966, 22.811885629012796], [75.85509806552612, 22.81970812964245], [75.84781437110696, 22.823658431423308]]]}}]}