{"type": "FeatureCollection", "name": "wards_indore_cleaned", "crs": {"type": "name", "properties": {"name": "urn:ogc:def:crs:OGC:1.3:CRS84"}}, "features": [{"type": "Feature", "properties": {"tessellate": -1, "extrude": 0, "visibility": -1, "objectid": 55.0, "townname": "Indore", "towncensuscode2011": "802273", "town_lgd_code": 250901.0, "ward_lgd_code": 22629.0, "ward_lgd_name": "Sirapur", "sourcewardcode": "1", "state": "Madhya Pradesh", "topology_cleaned": true, "cleaning_method": "vertex_cluster_snap_5m"}, "geometry": {"type": "MultiPolygon", "coordinates": [[[[75.81122958396166, 22.707060535097895], [75.81027649314522, 22.71000447807187], [75.80910680214976, 22.710460520424252], [75.80891568842003, 22.71052923559616], [75.80832274019342, 22.71069618469368], [75.80697967834536, 22.711077751408563], [75.80685197803007, 22.711101791477205], [75.80565589548938, 22.711211159773594], [75.80413947595315, 22.71127037007149], [75.80368275694238, 22.71132460618565], [75.80249592212041, 22.71310476576236], [75.80257498931549, 22.714675413685622], [75.81632653175916, 22.71839096119828], [75.81695096167783, 22.7183566983442], [75.81814061347453, 22.718369134005826], [75.81973251793472, 22.718204166515825], [75.81963136709248, 22.716097891595528], [75.81950766199958, 22.7139804401667], [75.81956921936388, 22.711138305116954], [75.81984912174049, 22.711199741177055], [75.82009481495969, 22.711190080821822], [75.82018226480153, 22.711160003780908], [75.82026932284914, 22.711080517532146], [75.82038712438468, 22.711046039157463], [75.8205023359103, 22.711034427778166], [75.82059096987487, 22.711072363838806], [75.82070532062411, 22.711128685791653], [75.8207829414775, 22.71117295626992], [75.82093397689228, 22.711201041963236], [75.82102513899105, 22.711205722921967], [75.82110479099582, 22.711174240109145], [75.82107835264839, 22.711132823482075], [75.8208919215733, 22.71033669788774], [75.82078604912267, 22.710150887921326], [75.82044500525556, 22.709272811524535], [75.82142043424427, 22.709278554847117], [75.82236835138613, 22.70925877960438], [75.82218955308828, 22.708502452281113], [75.8225589303308, 22.708531627218516], [75.82272284370978, 22.706731296299232], [75.82433173361723, 22.707247837984458], [75.82440500868309, 22.707273837080205], [75.82488997637567, 22.706153037012783], [75.82555279698471, 22.70442826679066], [75.82613269573604, 22.702873202734157], [75.82680439572955, 22.7009945474984], [75.82675600614176, 22.70097790560418], [75.82510550374147, 22.700411105762292], [75.82414630977217, 22.700081642836356], [75.82406227539495, 22.700290740873367], [75.82261067282366, 22.70311130680805], [75.82221945056183, 22.703676984905496], [75.82158795773894, 22.70449059082403], [75.82121891069731, 22.704874135205152], [75.82109223439264, 22.704954186590356], [75.820788558864, 22.70500217516683], [75.82041885411657, 22.704981759701006], [75.81989660702841, 22.704834306460594], [75.81927829684903, 22.70464299079197], [75.81854234080427, 22.70439654023648], [75.81824445798983, 22.70432155342194], [75.81697902762885, 22.70410273413239], [75.81535819733831, 22.703795294685158], [75.8152880442887, 22.703802698043113], [75.81526756273632, 22.70384598080801], [75.81527873892163, 22.703908342829706], [75.81532326012044, 22.703962314766553], [75.81592296282867, 22.70464604670493], [75.8159972273426, 22.70483951900074], [75.81602374847463, 22.705026821261807], [75.81601101948507, 22.705129683255063], [75.81593566429588, 22.705212269121898], [75.81583234774321, 22.705242424708036], [75.8154167729157, 22.7052363232806], [75.81514588533813, 22.70516580000785], [75.8148293629153, 22.705034083382742], [75.81473331483048, 22.70499274913422], [75.8137419631469, 22.704511721544645], [75.81315361092337, 22.70423143380708], [75.81231992554237, 22.703953383329985], [75.81122958396166, 22.707060535097895]]]]}}, {"type": "Feature", "properties": {"tessellate": -1, "extrude": 0, "visibility": -1, "objectid": 56.0, "townname": "Indore", "towncensuscode2011": "802273", "town_lgd_code": 250901.0, "ward_lgd_code": 22630.0, "ward_lgd_name": "Chandan Nagar", "sourcewardcode": "2", "state": "Madhya Pradesh", "topology_cleaned": true, "cleaning_method": "vertex_cluster_snap_5m"}, "geometry": {"type": "MultiPolygon", "coordinates": [[[[75.82685984360361, 22.712271924462723], [75.8269376381997, 22.712287962520197], [75.82698703716675, 22.712293668957965], [75.8270674793803, 22.712288510622418], [75.82710581329975, 22.712267581405918], [75.82774984131379, 22.70844559291302], [75.8272573005447, 22.70828708049577], [75.82433173361723, 22.707247837984458], [75.82272284370978, 22.706731296299232], [75.8225589303308, 22.708531627218516], [75.82218955308828, 22.708502452281113], [75.82236835138613, 22.70925877960438], [75.82142043424427, 22.709278554847117], [75.82044500525556, 22.709272811524535], [75.82078604912267, 22.710150887921326], [75.8208919215733, 22.71033669788774], [75.82107835264839, 22.711132823482075], [75.82110479099582, 22.711174240109145], [75.82116304744635, 22.711146932006503], [75.82128633455358, 22.711020106333727], [75.8213489145494, 22.710983110527696], [75.82140962918146, 22.710959854618274], [75.82153812958354, 22.71093986378188], [75.82166591579248, 22.710955196005816], [75.82171776742751, 22.7109722732192], [75.82179174715198, 22.711001883091456], [75.82184046419661, 22.71102394458428], [75.82191538470278, 22.711048039361856], [75.82197148489945, 22.711051002995116], [75.82204220646688, 22.711040432117873], [75.82210094570047, 22.711012488879494], [75.82218693960398, 22.71090175249629], [75.82231309534572, 22.710717460681437], [75.82234999935328, 22.71068529371368], [75.82240483740922, 22.710656286450632], [75.82248779614885, 22.71064059391604], [75.82259608198095, 22.710626939036032], [75.82270949897139, 22.710640989361078], [75.82285622427362, 22.710689194099796], [75.82303253844735, 22.710751970431996], [75.8231909181343, 22.710811496614742], [75.82327312929853, 22.710866175495443], [75.82329870440293, 22.71090967380618], [75.8233162881187, 22.710968208219757], [75.82333329165657, 22.71114137585665], [75.82336332795886, 22.71150751407412], [75.82339871291332, 22.71157137670274], [75.82348157293606, 22.711661190934915], [75.82356151836444, 22.711711364754347], [75.82397721139431, 22.711896660899882], [75.8240757161682, 22.711940505991286], [75.82427313970088, 22.71201599915034], [75.82438875351316, 22.712055239313734], [75.82449860617663, 22.712075449222443], [75.82498201593577, 22.71212200631954], [75.82508554878235, 22.712143693716918], [75.82513800041603, 22.712179510409044], [75.82517907692083, 22.712234355305196], [75.82520802939612, 22.71230511585413], [75.82524355939421, 22.71238487556991], [75.82544123320822, 22.71242071060303], [75.82552743660861, 22.7124264082044], [75.82559569723543, 22.71239507229409], [75.82572685729117, 22.712315174825147], [75.8259509038629, 22.712235158928046], [75.82616089364754, 22.712197851611574], [75.82635796329045, 22.7121654886553], [75.82644633378155, 22.71215916053207], [75.826508991429, 22.71216768920374], [75.82685984360361, 22.712271924462723]]]]}}, {"type": "Feature", "properties": {"tessellate": -1, "extrude": 0, "visibility": -1, "objectid": 57.0, "townname": "Indore", "towncensuscode2011": "802273", "town_lgd_code": 250901.0, "ward_lgd_code": 22631.0, "ward_lgd_name": "Kaalaani Nagar", "sourcewardcode": "3", "state": "Madhya Pradesh", "topology_cleaned": true, "cleaning_method": "vertex_cluster_snap_5m"}, "geometry": {"type": "MultiPolygon", "coordinates": [[[[75.82397721139431, 22.711896660899882], [75.82356151836444, 22.711711364754347], [75.82348157293606, 22.711661190934915], [75.82339871291332, 22.71157137670274], [75.82336332795886, 22.71150751407412], [75.82333329165657, 22.71114137585665], [75.8233162881187, 22.710968208219757], [75.82329870440293, 22.71090967380618], [75.82327312929853, 22.710866175495443], [75.8231909181343, 22.710811496614742], [75.82303253844735, 22.710751970431996], [75.82285622427362, 22.710689194099796], [75.82270949897139, 22.710640989361078], [75.82259608198095, 22.710626939036032], [75.82248779614885, 22.71064059391604], [75.82240483740922, 22.710656286450632], [75.82234999935328, 22.71068529371368], [75.82231309534572, 22.710717460681437], [75.82218693960398, 22.71090175249629], [75.82210094570047, 22.711012488879494], [75.82204220646688, 22.711040432117873], [75.82197148489945, 22.711051002995116], [75.82191538470278, 22.711048039361856], [75.82184046419661, 22.71102394458428], [75.82179174715198, 22.711001883091456], [75.82171776742751, 22.7109722732192], [75.82166591579248, 22.710955196005816], [75.82153812958354, 22.71093986378188], [75.82140962918146, 22.710959854618274], [75.8213489145494, 22.710983110527696], [75.82128633455358, 22.711020106333727], [75.82116304744635, 22.711146932006503], [75.82110479099582, 22.711174240109145], [75.82102513899105, 22.711205722921967], [75.82093397689228, 22.711201041963236], [75.8207829414775, 22.71117295626992], [75.82070532062411, 22.711128685791653], [75.82059096987487, 22.711072363838806], [75.8205023359103, 22.711034427778166], [75.82038712438468, 22.711046039157463], [75.82026932284914, 22.711080517532146], [75.82018226480153, 22.711160003780908], [75.82009481495969, 22.711190080821822], [75.81984912174049, 22.711199741177055], [75.81956921936388, 22.711138305116954], [75.81950766199958, 22.7139804401667], [75.81963136709248, 22.716097891595528], [75.81973251793472, 22.718204166515825], [75.81814061347453, 22.718369134005826], [75.81695096167783, 22.7183566983442], [75.81632653175916, 22.71839096119828], [75.81673929935452, 22.72013224512531], [75.81305202946214, 22.720595917988362], [75.81204367570864, 22.722730239381114], [75.81349015882246, 22.725100764001244], [75.81430211334178, 22.72713052622158], [75.81541061652311, 22.7268944411663], [75.82068971363903, 22.72567225675939], [75.82591758221936, 22.724432459861784], [75.82524398034134, 22.72125664851858], [75.8250191945504, 22.720647441826088], [75.82536325257713, 22.720557051468646], [75.82510438880726, 22.719623280663072], [75.8248566793902, 22.71957514760051], [75.8245625182635, 22.71949356021419], [75.82435216949769, 22.719456615409296], [75.8238849366582, 22.719416567890846], [75.82365655129044, 22.714185496764234], [75.82459616912014, 22.714140096218504], [75.82449860617663, 22.712075449222443], [75.82438875351316, 22.712055239313734], [75.82427313970088, 22.71201599915034], [75.8240757161682, 22.711940505991286], [75.82397721139431, 22.711896660899882]]]]}}, {"type": "Feature", "properties": {"tessellate": -1, "extrude": 0, "visibility": -1, "objectid": 58.0, "townname": "Indore", "towncensuscode2011": "802273", "town_lgd_code": 250901.0, "ward_lgd_code": 22632.0, "ward_lgd_name": "Sukhadev Nagar", "sourcewardcode": "4", "state": "Madhya Pradesh", "topology_cleaned": true, "cleaning_method": "vertex_cluster_snap_5m"}, "geometry": {"type": "MultiPolygon", "coordinates": [[[[75.83343078846252, 22.72841228818888], [75.8334210434091, 22.728009282939432], [75.83425504771861, 22.727939804072342], [75.8363670927717, 22.727816847894434], [75.83702548088901, 22.727548371404104], [75.83693599165936, 22.72719627900301], [75.83809693998573, 22.72681667904824], [75.83762193038221, 22.72480027607213], [75.8374548312051, 22.724063781295598], [75.83713947716882, 22.72251824691172], [75.83686195132837, 22.721491644719393], [75.83208455637117, 22.722827821435192], [75.82975721520359, 22.723439081777055], [75.82933629283555, 22.72215097872989], [75.82874260374695, 22.722263357557743], [75.8285469325262, 22.721414447708025], [75.82645105518588, 22.72191244976049], [75.82633722551348, 22.721312427322975], [75.82628744859511, 22.721049731030124], [75.82524398034134, 22.72125664851858], [75.82591758221936, 22.724432459861784], [75.82068971363903, 22.72567225675939], [75.81541061652311, 22.7268944411663], [75.8157095642231, 22.728142646767083], [75.8157390658835, 22.728339056672482], [75.8157317369225, 22.728466099581627], [75.81571229786324, 22.728554361919272], [75.81565924681556, 22.728656255098446], [75.81556002229276, 22.728771843176716], [75.81545579854337, 22.72883262572903], [75.81531411514092, 22.728882217565104], [75.8153965546993, 22.729466871495102], [75.82038305852718, 22.729114358772094], [75.82247915827553, 22.728940720578127], [75.82649703748608, 22.728610342389537], [75.83036718453309, 22.728281895746047], [75.83058759147498, 22.73104631955031], [75.830592833338, 22.73143055961315], [75.83074097103705, 22.7322243395421], [75.8309738746774, 22.732590052537383], [75.83233181464858, 22.731651585978653], [75.83282832483015, 22.731437625626274], [75.8326706186718, 22.73107576918069], [75.83389366568724, 22.730491185802407], [75.8335627317577, 22.7290866422672], [75.83343078846252, 22.72841228818888]]]]}}, {"type": "Feature", "properties": {"tessellate": -1, "extrude": 0, "visibility": -1, "objectid": 59.0, "townname": "Indore", "towncensuscode2011": "802273", "town_lgd_code": 250901.0, "ward_lgd_code": 22633.0, "ward_lgd_name": "Raaj Nagar", "sourcewardcode": "5", "state": "Madhya Pradesh", "topology_cleaned": true, "cleaning_method": "vertex_cluster_snap_5m"}, "geometry": {"type": "MultiPolygon", "coordinates": [[[[75.82685984360361, 22.712271924462723], [75.826508991429, 22.71216768920374], [75.82644633378155, 22.71215916053207], [75.82635796329045, 22.7121654886553], [75.82616089364754, 22.712197851611574], [75.8259509038629, 22.712235158928046], [75.82572685729117, 22.712315174825147], [75.82559569723543, 22.71239507229409], [75.82552743660861, 22.7124264082044], [75.82544123320822, 22.71242071060303], [75.82524355939421, 22.71238487556991], [75.82520802939612, 22.71230511585413], [75.82517907692083, 22.712234355305196], [75.82513800041603, 22.712179510409044], [75.82508554878235, 22.712143693716918], [75.82498201593577, 22.71212200631954], [75.82449860617663, 22.712075449222443], [75.82459616912014, 22.714140096218504], [75.82365655129044, 22.714185496764234], [75.8238849366582, 22.719416567890846], [75.82435216949769, 22.719456615409296], [75.8245625182635, 22.71949356021419], [75.8248566793902, 22.71957514760051], [75.82510438880726, 22.719623280663072], [75.82550013520573, 22.71961184365128], [75.82570522508286, 22.71956742583365], [75.82589857381292, 22.719481154804974], [75.82600289344177, 22.719422081451846], [75.82609637868859, 22.719350553159508], [75.82613051882709, 22.719303811136932], [75.82614620553669, 22.71924058870654], [75.8261307452811, 22.719179333817255], [75.82611278290477, 22.71911488510109], [75.82612829833745, 22.719047463163527], [75.82614671861432, 22.719001660496993], [75.82618722592278, 22.718969383696194], [75.82626076318026, 22.718940639787817], [75.82642261772072, 22.718960850495563], [75.82689253619863, 22.719237363320666], [75.82702949471738, 22.719311268431298], [75.82711690219851, 22.719338367284422], [75.82719672765806, 22.71935141367523], [75.82746069805489, 22.719318522379922], [75.82752598796743, 22.71932703694268], [75.82758531004728, 22.71934705440248], [75.82768831352762, 22.719360703233153], [75.82796573636547, 22.71933036107177], [75.82803807766011, 22.719329444489464], [75.82809031856485, 22.719353924647592], [75.8281339697491, 22.719407264860195], [75.82818033290323, 22.71973325509516], [75.828206302711, 22.719760897363418], [75.82825632232834, 22.719772200642986], [75.82844196538221, 22.719780994677635], [75.82886689613504, 22.71979740072123], [75.82950204773017, 22.720006926785633], [75.83027298183839, 22.719949449642602], [75.83142383083607, 22.71975838164382], [75.83109618429248, 22.71809907951546], [75.8317228931222, 22.718024098312515], [75.83171764691348, 22.717881041378725], [75.83305790741268, 22.717810246047808], [75.83314548272315, 22.71741468231877], [75.83413581899643, 22.71693081089635], [75.83423194374174, 22.716950362933147], [75.83429630154343, 22.716997992899927], [75.83433081718537, 22.717053908321773], [75.83450743301502, 22.71737302917077], [75.83454071432791, 22.717369874568096], [75.83456791975563, 22.717328180370473], [75.83459011277925, 22.717262755299497], [75.83459732983047, 22.717184400735622], [75.8346020346637, 22.71706107448909], [75.83453737123845, 22.71677036575645], [75.83452944469438, 22.716635362403075], [75.83452975096074, 22.716557405223735], [75.83453992667003, 22.716469189145922], [75.8345613588971, 22.71635860258615], [75.83455361955636, 22.716238412521157], [75.83452717718684, 22.716181100045567], [75.83442981610122, 22.71606995906669], [75.83437590923901, 22.716043683040997], [75.83427428226452, 22.71601584933239], [75.83419987618947, 22.71599708732137], [75.83402354744912, 22.715982018442006], [75.8339320756171, 22.715958919090397], [75.83383313116606, 22.71589168682094], [75.83379291301425, 22.715826587247633], [75.83378525383168, 22.715767731409425], [75.83380187733411, 22.715634767927988], [75.83382246050215, 22.715496454272728], [75.8338146677788, 22.715399479472445], [75.83378861093729, 22.715325363291846], [75.83370879155656, 22.715216569310954], [75.83362849751383, 22.715109765040744], [75.8332935925607, 22.714666269142242], [75.83325367157275, 22.714569732686087], [75.83327094050071, 22.71451919286994], [75.83333354192531, 22.7144779919278], [75.83343804043014, 22.714449625452215], [75.83351102449011, 22.714442741264055], [75.83357199331721, 22.71444549474969], [75.8336272854693, 22.714459478840162], [75.83373153125765, 22.714485854049467], [75.83388844864974, 22.71452758181572], [75.83402672788628, 22.71456254147272], [75.83422459061896, 22.714612636807935], [75.83431630276783, 22.714627333985607], [75.8343929625297, 22.714600376749328], [75.83449237404102, 22.714519915176126], [75.83451689785409, 22.71443749572446], [75.83453188277208, 22.71437165660668], [75.83454110126787, 22.71430223434002], [75.83453472994968, 22.71423099647311], [75.83449080162494, 22.7141481212224], [75.83438467911787, 22.71410125117066], [75.83423303031408, 22.71409337050498], [75.83280853573731, 22.71402744588629], [75.83265142733727, 22.714050575670367], [75.83223967444115, 22.71413338442413], [75.831444459162, 22.714259828721254], [75.83090753298742, 22.71433361936343], [75.83039111652118, 22.714369453033427], [75.82972472460713, 22.71443280117842], [75.8291336574346, 22.71447380562495], [75.82883767793781, 22.71447687545374], [75.82883056218817, 22.714394711091526], [75.82789799568943, 22.71439827675184], [75.82788259599009, 22.713343380087895], [75.82784029926344, 22.713272056825502], [75.82775601973422, 22.712631052139585], [75.82863054123274, 22.712675573465972], [75.82863523919974, 22.71242081554614], [75.82882897087003, 22.71244862732802], [75.82894883541144, 22.712449722419315], [75.82915588903239, 22.71244232597757], [75.82920787308821, 22.7124164927879], [75.82931738178159, 22.71190266397699], [75.82930855910956, 22.711828096272974], [75.82927396901103, 22.711743093434862], [75.82924961897203, 22.711693176277798], [75.82920692991502, 22.711621403746257], [75.82914474383804, 22.711497159597457], [75.8291337532371, 22.711450605744414], [75.82916354649768, 22.710787692281077], [75.82913253090058, 22.710002785709726], [75.82898731812149, 22.708847661797346], [75.82774984131379, 22.70844559291302], [75.82710581329975, 22.712267581405918], [75.8270674793803, 22.712288510622418], [75.82698703716675, 22.712293668957965], [75.8269376381997, 22.712287962520197], [75.82685984360361, 22.712271924462723]]]]}}, {"type": "Feature", "properties": {"tessellate": -1, "extrude": 0, "visibility": -1, "objectid": 60.0, "townname": "Indore", "towncensuscode2011": "802273", "town_lgd_code": 250901.0, "ward_lgd_code": 22634.0, "ward_lgd_name": "Malhaaraganj", "sourcewardcode": "6", "state": "Madhya Pradesh", "topology_cleaned": true, "cleaning_method": "vertex_cluster_snap_5m"}, "geometry": {"type": "MultiPolygon", "coordinates": [[[[75.84372562648095, 22.719932597054175], [75.84640603759826, 22.719674899495452], [75.84623972852823, 22.718297423607478], [75.84620772154375, 22.71798522939642], [75.84618098504379, 22.717548350887448], [75.84538906751904, 22.717673492253425], [75.84476773351393, 22.71778164979706], [75.84348916752336, 22.717955962604854], [75.8418880998249, 22.71781056658171], [75.84103679134527, 22.717762202735354], [75.84067526342231, 22.717811075774687], [75.83906094328765, 22.717839065850672], [75.83751850907967, 22.717839654233554], [75.83735349638461, 22.717844492949805], [75.8367465084994, 22.71794333062043], [75.83638946691737, 22.717913673013296], [75.83625082721879, 22.71788413724991], [75.83613252702186, 22.716939262521187], [75.83609572605087, 22.716835845406244], [75.83605436928772, 22.716767861807234], [75.83592988060192, 22.716246490354955], [75.8358988647505, 22.7161576765432], [75.8358603504218, 22.71611677729364], [75.83574738293753, 22.716033359967973], [75.8355588103574, 22.715894061445503], [75.83552529768745, 22.71589112012372], [75.83519753463361, 22.715919886334486], [75.83503065202677, 22.715905040225326], [75.834874745299, 22.71586972185358], [75.83466240004743, 22.71584020808874], [75.83425054204348, 22.715826007236146], [75.83379291301425, 22.715826587247633], [75.83383313116606, 22.71589168682094], [75.8339320756171, 22.715958919090397], [75.83402354744912, 22.715982018442006], [75.83419987618947, 22.71599708732137], [75.83427428226452, 22.71601584933239], [75.83437590923901, 22.716043683040997], [75.83442981610122, 22.71606995906669], [75.83452717718684, 22.716181100045567], [75.83455361955636, 22.716238412521157], [75.8345613588971, 22.71635860258615], [75.83453992667003, 22.716469189145922], [75.83452975096074, 22.716557405223735], [75.83452944469438, 22.716635362403075], [75.83453737123845, 22.71677036575645], [75.8346020346637, 22.71706107448909], [75.83459732983047, 22.717184400735622], [75.83459011277925, 22.717262755299497], [75.83456791975563, 22.717328180370473], [75.83454071432791, 22.717369874568096], [75.83450743301502, 22.71737302917077], [75.83433081718537, 22.717053908321773], [75.83429630154343, 22.716997992899927], [75.83423194374174, 22.716950362933147], [75.83413581899643, 22.71693081089635], [75.83314548272315, 22.71741468231877], [75.83305790741268, 22.717810246047808], [75.83171764691348, 22.717881041378725], [75.8317228931222, 22.718024098312515], [75.83109618429248, 22.71809907951546], [75.83142383083607, 22.71975838164382], [75.83027298183839, 22.719949449642602], [75.82950204773017, 22.720006926785633], [75.82886689613504, 22.71979740072123], [75.82844196538221, 22.719780994677635], [75.82825632232834, 22.719772200642986], [75.828206302711, 22.719760897363418], [75.82818033290323, 22.71973325509516], [75.8281339697491, 22.719407264860195], [75.82809031856485, 22.719353924647592], [75.82803807766011, 22.719329444489464], [75.82796573636547, 22.71933036107177], [75.82768831352762, 22.719360703233153], [75.82758531004728, 22.71934705440248], [75.82752598796743, 22.71932703694268], [75.82746069805489, 22.719318522379922], [75.82719672765806, 22.71935141367523], [75.82711690219851, 22.719338367284422], [75.82702949471738, 22.719311268431298], [75.82689253619863, 22.719237363320666], [75.82642261772072, 22.718960850495563], [75.82626076318026, 22.718940639787817], [75.82618722592278, 22.718969383696194], [75.82614671861432, 22.719001660496993], [75.82612829833745, 22.719047463163527], [75.82611278290477, 22.71911488510109], [75.8261307452811, 22.719179333817255], [75.82614620553669, 22.71924058870654], [75.82613051882709, 22.719303811136932], [75.82609637868859, 22.719350553159508], [75.82600289344177, 22.719422081451846], [75.82589857381292, 22.719481154804974], [75.82570522508286, 22.71956742583365], [75.82550013520573, 22.71961184365128], [75.82510438880726, 22.719623280663072], [75.82536325257713, 22.720557051468646], [75.8250191945504, 22.720647441826088], [75.82524398034134, 22.72125664851858], [75.82628744859511, 22.721049731030124], [75.82633722551348, 22.721312427322975], [75.82645105518588, 22.72191244976049], [75.8285469325262, 22.721414447708025], [75.82874260374695, 22.722263357557743], [75.82933629283555, 22.72215097872989], [75.82975721520359, 22.723439081777055], [75.83208455637117, 22.722827821435192], [75.83686195132837, 22.721491644719393], [75.83751573802712, 22.721288138716314], [75.83786391335136, 22.72107557279717], [75.83825606732604, 22.720713820079368], [75.8384816707003, 22.72060071730883], [75.83882980824845, 22.720510276793405], [75.8398934440489, 22.72051733960535], [75.84086457282108, 22.720523797875153], [75.84139485117689, 22.72050646508926], [75.84221338219353, 22.72031941664471], [75.84372562648095, 22.719932597054175]]]]}}, {"type": "Feature", "properties": {"tessellate": -1, "extrude": 0, "visibility": -1, "objectid": 61.0, "townname": "Indore", "towncensuscode2011": "802273", "town_lgd_code": 250901.0, "ward_lgd_code": 22635.0, "ward_lgd_name": "Janata Colony", "sourcewardcode": "7", "state": "Madhya Pradesh", "topology_cleaned": true, "cleaning_method": "vertex_cluster_snap_5m"}, "geometry": {"type": "MultiPolygon", "coordinates": [[[[75.83650089857086, 22.729419699268668], [75.83846538647943, 22.728601759809557], [75.83866499249218, 22.728998077505857], [75.83997226827563, 22.727973909081292], [75.84122119105491, 22.72702853476856], [75.84353194711821, 22.726538509106774], [75.84607143505262, 22.725955735111512], [75.84609961043108, 22.728130205152468], [75.8475179981701, 22.728192245913537], [75.84761403728113, 22.72819634355805], [75.84783887870533, 22.728180156312078], [75.84799820905391, 22.728152031334204], [75.84816766166726, 22.728107321997843], [75.84831578048981, 22.72807708826024], [75.84832892004583, 22.7277128960183], [75.84836586459915, 22.727545498072764], [75.84842731799326, 22.727420606070176], [75.84847656198342, 22.727321252069878], [75.84849193419821, 22.727255951806413], [75.84849815331606, 22.727190700124485], [75.8485272581411, 22.726952163259597], [75.84860783942578, 22.726802599742303], [75.84880580409248, 22.726628836686633], [75.84867545150571, 22.726523841985177], [75.84857869257667, 22.726339719927804], [75.84847956591479, 22.726024269699465], [75.84845890327418, 22.725847512078104], [75.84925030902322, 22.72560086261211], [75.84918077976752, 22.725379470381657], [75.84913249728521, 22.725113793605185], [75.84896226006506, 22.724683549812582], [75.8484739369329, 22.724795803535176], [75.84838564057854, 22.724230983208667], [75.84865724253727, 22.724156102924546], [75.84837569444164, 22.723297017470774], [75.84828513793961, 22.723044481904505], [75.8480874214401, 22.722704894022446], [75.8464381718791, 22.722856898253667], [75.84500936765883, 22.72296065832261], [75.84466814488025, 22.722956409239185], [75.84459493188552, 22.721609965431636], [75.84397086919662, 22.72165725180399], [75.84389487609681, 22.721031119100058], [75.84372562648095, 22.719932597054175], [75.84221338219353, 22.72031941664471], [75.84139485117689, 22.72050646508926], [75.84086457282108, 22.720523797875153], [75.8398934440489, 22.72051733960535], [75.83882980824845, 22.720510276793405], [75.8384816707003, 22.72060071730883], [75.83825606732604, 22.720713820079368], [75.83786391335136, 22.72107557279717], [75.83751573802712, 22.721288138716314], [75.83686195132837, 22.721491644719393], [75.83713947716882, 22.72251824691172], [75.8374548312051, 22.724063781295598], [75.83762193038221, 22.72480027607213], [75.83809693998573, 22.72681667904824], [75.83693599165936, 22.72719627900301], [75.83702548088901, 22.727548371404104], [75.8363670927717, 22.727816847894434], [75.83650089857086, 22.729419699268668]]]]}}, {"type": "Feature", "properties": {"tessellate": -1, "extrude": 0, "visibility": -1, "objectid": 62.0, "townname": "Indore", "towncensuscode2011": "802273", "town_lgd_code": 250901.0, "ward_lgd_code": 22636.0, "ward_lgd_name": "Joona Risaala", "sourcewardcode": "8", "state": "Madhya Pradesh", "topology_cleaned": true, "cleaning_method": "vertex_cluster_snap_5m"}, "geometry": {"type": "MultiPolygon", "coordinates": [[[[75.84982411722109, 22.727220511524223], [75.84947082502792, 22.724648329382767], [75.85027636985704, 22.724626884336608], [75.85021351492529, 22.72390999385028], [75.85003641110052, 22.723298494212067], [75.84974812218086, 22.72249996859984], [75.84992273929605, 22.722472844579727], [75.85005375418368, 22.722449113766366], [75.8503159702563, 22.722431821248236], [75.85077475984876, 22.72239514530978], [75.85086378951523, 22.722384373855483], [75.85161522396774, 22.722354086958585], [75.85165964710042, 22.722326028519422], [75.85176499897459, 22.72207344501012], [75.85181650838254, 22.72174301234481], [75.85180482205035, 22.72169556072077], [75.851425600197, 22.721686921564707], [75.85093297801366, 22.72171601094196], [75.85087011298707, 22.721060726034285], [75.85077343626403, 22.720527476933327], [75.85078366103397, 22.72025986326659], [75.85080015417263, 22.72004542096884], [75.85081712642211, 22.71995572269283], [75.85087873900362, 22.71954249360401], [75.8508759384882, 22.719152551226557], [75.8506280428923, 22.719169948992697], [75.84900632004181, 22.719404484759988], [75.84650675731764, 22.719665242918897], [75.84640603759826, 22.719674899495452], [75.84372562648095, 22.719932597054175], [75.84389487609681, 22.721031119100058], [75.84397086919662, 22.72165725180399], [75.84459493188552, 22.721609965431636], [75.84466814488025, 22.722956409239185], [75.84500936765883, 22.72296065832261], [75.8464381718791, 22.722856898253667], [75.8480874214401, 22.722704894022446], [75.84828513793961, 22.723044481904505], [75.84837569444164, 22.723297017470774], [75.84865724253727, 22.724156102924546], [75.84838564057854, 22.724230983208667], [75.8484739369329, 22.724795803535176], [75.84896226006506, 22.724683549812582], [75.84913249728521, 22.725113793605185], [75.84918077976752, 22.725379470381657], [75.84925030902322, 22.72560086261211], [75.84845890327418, 22.725847512078104], [75.84847956591479, 22.726024269699465], [75.84857869257667, 22.726339719927804], [75.84867545150571, 22.726523841985177], [75.84880580409248, 22.726628836686633], [75.84860783942578, 22.726802599742303], [75.8485272581411, 22.726952163259597], [75.84849815331606, 22.727190700124485], [75.84849193419821, 22.727255951806413], [75.84847656198342, 22.727321252069878], [75.84842731799326, 22.727420606070176], [75.84836586459915, 22.727545498072764], [75.84832892004583, 22.7277128960183], [75.84831578048981, 22.72807708826024], [75.84816766166726, 22.728107321997843], [75.84828084621019, 22.728744184180123], [75.84832001294082, 22.728858108985744], [75.84836296627937, 22.72890706601364], [75.84868692234599, 22.729093324231226], [75.84876835067408, 22.728970403659197], [75.84893811518116, 22.728700000966214], [75.8489638322964, 22.728630535689785], [75.84897451167522, 22.728577996923224], [75.84900774034658, 22.728360846463193], [75.8490387274457, 22.728103962456128], [75.84911979923876, 22.727994412528126], [75.84980366465985, 22.727267230814274], [75.84982411722109, 22.727220511524223]]]]}}, {"type": "Feature", "properties": {"tessellate": -1, "extrude": 0, "visibility": -1, "objectid": 63.0, "townname": "Indore", "towncensuscode2011": "802273", "town_lgd_code": 250901.0, "ward_lgd_code": 22637.0, "ward_lgd_name": "Vrindaavan", "sourcewardcode": "9", "state": "Madhya Pradesh", "topology_cleaned": true, "cleaning_method": "vertex_cluster_snap_5m"}, "geometry": {"type": "MultiPolygon", "coordinates": [[[[75.84950061703587, 22.73532153543118], [75.84976143171794, 22.733954623156855], [75.84918383531976, 22.733792298042435], [75.8491944705861, 22.733637957060978], [75.84921172056637, 22.733577072986304], [75.84925219526905, 22.73350820675012], [75.84950525987853, 22.73331445791115], [75.84954621174943, 22.733275578789257], [75.849575857207, 22.73323504347941], [75.8496020852282, 22.733177273207826], [75.84962784530835, 22.733091051316194], [75.84963820077654, 22.733033365415697], [75.84963377832653, 22.7329795519545], [75.84961893093357, 22.73292489060579], [75.84955715946231, 22.732840850284433], [75.8495190805334, 22.73280880470146], [75.84942019926567, 22.73273923378317], [75.8491222657479, 22.73233731054868], [75.84905434462934, 22.732219248082526], [75.84903301973783, 22.732140593161052], [75.84903300237887, 22.732090459821393], [75.84939845771753, 22.731710213935354], [75.84942514930164, 22.73163292983455], [75.8494242334095, 22.731563470541992], [75.84934918644187, 22.731426837971117], [75.84931228022245, 22.731348085216172], [75.84930456432562, 22.731249756287625], [75.8494754826249, 22.730590428890675], [75.84985067341698, 22.729895418770603], [75.84988415273656, 22.729782056625133], [75.84986634141022, 22.729720455580832], [75.84981855607603, 22.729685480736848], [75.84973934907632, 22.729671358609078], [75.84967860300377, 22.72969001862175], [75.84961580364649, 22.7297388599207], [75.8495398835998, 22.729886411863152], [75.84949394760244, 22.72992224622478], [75.84945653987171, 22.72995144112373], [75.84924941521768, 22.72999861028328], [75.84903350677017, 22.73005838177836], [75.84885711783127, 22.730052453482426], [75.84855786638707, 22.72998810110682], [75.84846758885925, 22.72990791516378], [75.84843675885254, 22.729851080237722], [75.8484280784401, 22.729769919153895], [75.84844027974928, 22.729695693014207], [75.84868692234599, 22.729093324231226], [75.84836296627937, 22.72890706601364], [75.84832001294082, 22.728858108985744], [75.84828084621019, 22.728744184180123], [75.84816766166726, 22.728107321997843], [75.84799820905391, 22.728152031334204], [75.84783887870533, 22.728180156312078], [75.84761403728113, 22.72819634355805], [75.8475179981701, 22.728192245913537], [75.84609961043108, 22.728130205152468], [75.84607143505262, 22.725955735111512], [75.84353194711821, 22.726538509106774], [75.84353076066918, 22.72690083163639], [75.84352605791341, 22.728372975020537], [75.84352263252063, 22.729402310672324], [75.84357526280999, 22.730330722059115], [75.84115952520288, 22.730320418731758], [75.84121444151297, 22.73423596273219], [75.8426398398675, 22.734319507009975], [75.84267361351938, 22.734713892935726], [75.84337213665592, 22.734682657461693], [75.84339360449871, 22.735610690749485], [75.8436274819019, 22.735604939786683], [75.84361135102563, 22.73746764084201], [75.8435764660304, 22.738178364984034], [75.8430162100854, 22.738161810199276], [75.84177836965254, 22.738497680842382], [75.84078986729303, 22.738632961049866], [75.84080028830279, 22.73879233967413], [75.84011513596522, 22.738943453135303], [75.84039478858725, 22.740132268512465], [75.84278694051082, 22.739825462702743], [75.84255149860502, 22.74024450108776], [75.84298995619436, 22.74053475099004], [75.84326267416675, 22.740651961086407], [75.84353539580027, 22.74054749962807], [75.84362990998518, 22.740523876034135], [75.84370283786782, 22.740505695866478], [75.84429751735583, 22.74043309057374], [75.84452004100054, 22.740416739097963], [75.84457117661722, 22.74040219660453], [75.84487245765591, 22.740238731629073], [75.84517771782473, 22.74012068128596], [75.84546123642822, 22.740552948342092], [75.84564046617149, 22.74081269362917], [75.84569757717277, 22.74086713162729], [75.84596710294146, 22.740987379993573], [75.84612143527531, 22.741046632564277], [75.84625955168069, 22.74106613513742], [75.84653842300317, 22.74104333991557], [75.84723048639681, 22.740922874562834], [75.84791048279443, 22.740772480572616], [75.84773438833547, 22.740200629639222], [75.8486545159942, 22.74036294696292], [75.8487891264215, 22.740682182309477], [75.85003426483718, 22.740345224908594], [75.84969295240528, 22.73847412941085], [75.84955831618103, 22.737409939764667], [75.84952463828293, 22.736372402627982], [75.84950061703587, 22.73532153543118]]]]}}, {"type": "Feature", "properties": {"tessellate": -1, "extrude": 0, "visibility": -1, "objectid": 64.0, "townname": "Indore", "towncensuscode2011": "802273", "town_lgd_code": 250901.0, "ward_lgd_code": 22638.0, "ward_lgd_name": "Baanaganga", "sourcewardcode": "10", "state": "Madhya Pradesh", "topology_cleaned": true, "cleaning_method": "vertex_cluster_snap_5m"}, "geometry": {"type": "MultiPolygon", "coordinates": [[[[75.8515445656691, 22.747976148544705], [75.85175143491101, 22.74800928083937], [75.85196754041463, 22.748039834355755], [75.85217326007327, 22.74804460852199], [75.85235758333796, 22.74802275882847], [75.85255037423725, 22.748000050759895], [75.85270853927143, 22.747984663386543], [75.85282554579811, 22.74799108452941], [75.85303762396877, 22.748031775082914], [75.85298725431672, 22.748138633763947], [75.85284377649997, 22.748464859780206], [75.85283619515776, 22.74856146330798], [75.85284855271983, 22.748606743124178], [75.85291360386255, 22.748684170161358], [75.85355636027019, 22.749024624212055], [75.8561627641522, 22.74522674267239], [75.85527065816513, 22.744393707841713], [75.85497405464957, 22.744165585495047], [75.8548578682802, 22.744102614700704], [75.8547438201372, 22.744070254344646], [75.85457843430484, 22.744082611015795], [75.85439029209199, 22.74411586517989], [75.85424270461206, 22.744124422781063], [75.85414115217814, 22.744096873014133], [75.85405429736434, 22.744021008237215], [75.85401757373845, 22.743925635093312], [75.85398327678604, 22.743687888418968], [75.8539727835316, 22.74353510564047], [75.85394791969941, 22.74343623652723], [75.85389124508742, 22.743358674715136], [75.8537864633271, 22.74332852238432], [75.85368103011011, 22.743334595917553], [75.8533969611721, 22.743430508674837], [75.85315069596999, 22.74351357282789], [75.85295243986376, 22.74358048217436], [75.8528766334973, 22.743558575273436], [75.85278667883559, 22.743453820621017], [75.85251206278504, 22.742938506373452], [75.85249788670392, 22.742851142252672], [75.85251202907753, 22.742728940183195], [75.85275827302273, 22.742187360378402], [75.85282970787965, 22.74214836288215], [75.85329406275189, 22.742291812287224], [75.85336194150219, 22.74229181108234], [75.85347639902672, 22.742264913599655], [75.8536373373079, 22.742132623216193], [75.85372656202524, 22.741978765606532], [75.85378278117544, 22.741810631468], [75.85376341651364, 22.74170333218868], [75.85372656361616, 22.741587002985327], [75.85367769292556, 22.741511386627064], [75.85360069787018, 22.7414782402634], [75.85294233440263, 22.741355519463408], [75.85286080331258, 22.74130541484549], [75.8529501166458, 22.740773389181733], [75.85307496546837, 22.740443829877353], [75.85314333396074, 22.740256119708647], [75.8531864891649, 22.74011705153789], [75.85318316872149, 22.74006847153849], [75.85316220450608, 22.73993868842825], [75.8531433498741, 22.739882061635925], [75.85311665577737, 22.739801900473065], [75.85302585494725, 22.73962316980391], [75.85294224935971, 22.739505373660574], [75.85284053707512, 22.739388667742425], [75.85272458325223, 22.73928387103171], [75.85262274059907, 22.739208898289746], [75.85243057366485, 22.739094661983717], [75.85229315295432, 22.739030086144865], [75.85219873358908, 22.738974313896716], [75.85212542035171, 22.738929991329158], [75.85204366236012, 22.73885870497061], [75.85199257343872, 22.73880197890211], [75.8519487523111, 22.738707997948367], [75.85161977582659, 22.7377785354816], [75.85144033562615, 22.737297217617463], [75.85129811028955, 22.736975315097382], [75.85123580210988, 22.736867973149284], [75.85088258318217, 22.736394264551322], [75.85083098723229, 22.736302582881674], [75.85079616475457, 22.736238317511273], [75.85078311100715, 22.73611955732075], [75.85096678797618, 22.73413580808522], [75.85030678332727, 22.73406761660895], [75.84976143171794, 22.733954623156855], [75.84950061703587, 22.73532153543118], [75.84952463828293, 22.736372402627982], [75.84955831618103, 22.737409939764667], [75.84969295240528, 22.73847412941085], [75.85003426483718, 22.740345224908594], [75.8487891264215, 22.740682182309477], [75.8486545159942, 22.74036294696292], [75.84773438833547, 22.740200629639222], [75.84791048279443, 22.740772480572616], [75.84811328106228, 22.741505158302964], [75.8481763925448, 22.74183741988767], [75.848258167755, 22.74262168602835], [75.84838434593361, 22.744367283238397], [75.84702813735638, 22.74446616461156], [75.84706524147583, 22.74577756524864], [75.84960543154045, 22.74577392241502], [75.84968089497673, 22.74624432282458], [75.84976138307339, 22.746566464350682], [75.84985210805498, 22.74682730739076], [75.84997761426482, 22.747121658517763], [75.84996358607638, 22.747262738795648], [75.8498917999796, 22.747717933907513], [75.85094805331495, 22.74780444777323], [75.85121473443488, 22.747871316672953], [75.85144155785869, 22.747949869514482], [75.8515445656691, 22.747976148544705]]]]}}, {"type": "Feature", "properties": {"tessellate": -1, "extrude": 0, "visibility": -1, "objectid": 65.0, "townname": "Indore", "towncensuscode2011": "802273", "town_lgd_code": 250901.0, "ward_lgd_code": 22639.0, "ward_lgd_name": "Bhaageerathpura", "sourcewardcode": "11", "state": "Madhya Pradesh", "topology_cleaned": true, "cleaning_method": "vertex_cluster_snap_5m"}, "geometry": {"type": "MultiPolygon", "coordinates": [[[[75.85762050735882, 22.754655535923053], [75.85783712246246, 22.754531884933805], [75.85800050534733, 22.75441520407355], [75.8581409056538, 22.75429900786183], [75.8584211653494, 22.75401133596119], [75.85877975923451, 22.753557035003496], [75.85883741019182, 22.75344688359202], [75.85888478518815, 22.75326651059513], [75.8589106131263, 22.752599554799275], [75.85893418018158, 22.75125938066257], [75.85897187187895, 22.75108809269893], [75.85905434270528, 22.75089777523144], [75.8591708430322, 22.750744942350494], [75.85927687946894, 22.750663165164532], [75.85936464756854, 22.750603617079562], [75.85951259623594, 22.750573915389595], [75.8596704425856, 22.75056954306077], [75.86084108717347, 22.750629088990383], [75.86089914320796, 22.750630673027306], [75.86122681589684, 22.750590967984156], [75.86147133642697, 22.750508081321353], [75.86173774187559, 22.75035859327476], [75.86189205763516, 22.750257223284923], [75.86205898363905, 22.750101225719014], [75.86222223255588, 22.749902521700324], [75.86261483704041, 22.749300068218222], [75.86265775432062, 22.749248348297435], [75.86283517203418, 22.74905742587884], [75.86296197210774, 22.748948254473397], [75.86324501150291, 22.748796325557354], [75.8634688784369, 22.748713095891382], [75.86364647834164, 22.748659924996687], [75.86405211051827, 22.74858203480369], [75.86451264787931, 22.74854693389934], [75.86467326940763, 22.748519688161664], [75.86478736028496, 22.748465053172584], [75.8649900986918, 22.74833649976781], [75.86523098693407, 22.748157244979314], [75.86550140408069, 22.747888403095036], [75.86561803213414, 22.74769554879364], [75.8656370172477, 22.74764820329629], [75.86565315269648, 22.747565915505596], [75.86566396899862, 22.747458635110377], [75.8655530978762, 22.74680271695299], [75.86552883206798, 22.746722906313867], [75.86548981358978, 22.746651124642618], [75.86413239134717, 22.74567504920705], [75.86404366593545, 22.74558149545927], [75.86396755140811, 22.745449031510987], [75.86382243324482, 22.74488985984157], [75.86382514567738, 22.744810083678605], [75.86384673551991, 22.744727766530936], [75.86455100204226, 22.74275385700639], [75.8645277715741, 22.742652632298537], [75.86445542940659, 22.74256233226728], [75.86282661650444, 22.741489432875934], [75.86256773478705, 22.74126753444739], [75.8624218058671, 22.741136259438854], [75.86237577126903, 22.741078786914724], [75.86233734664715, 22.741007994767763], [75.86226379219781, 22.74075510586466], [75.86225719768616, 22.740697420458154], [75.86227748235484, 22.740624324196702], [75.86237781326682, 22.740488377770095], [75.86262527129061, 22.74024025994004], [75.86353127016537, 22.73985625047576], [75.86368226354523, 22.739662127820004], [75.86391467102064, 22.7391581840112], [75.86420318522221, 22.73887352912295], [75.86437964760445, 22.738749906293464], [75.86475756497732, 22.738636574798907], [75.86488984434224, 22.738579673526267], [75.86527011898234, 22.738160199138157], [75.86551055933265, 22.73788167373979], [75.86563257182993, 22.73767912491796], [75.86566859326169, 22.737491856004556], [75.86559506778848, 22.736872950599302], [75.86541081850578, 22.73656339331951], [75.86512032398866, 22.73636190391734], [75.86464877795774, 22.736126526186993], [75.86379110430464, 22.73553326860563], [75.85901800581135, 22.741781306397463], [75.8561627641522, 22.74522674267239], [75.85355636027019, 22.749024624212055], [75.8545086708255, 22.749574973316836], [75.85359458446607, 22.750866434118997], [75.85357694946642, 22.751069139053293], [75.85359244383842, 22.75116462562675], [75.8540591027811, 22.751673671075125], [75.85407787229353, 22.75173192402623], [75.85408021862472, 22.751874362216064], [75.85401228401408, 22.752038494129096], [75.85393035801665, 22.75211399655612], [75.85379246702661, 22.7521640540047], [75.85343218306946, 22.752191633278187], [75.85328788410504, 22.752197914381984], [75.85318650930122, 22.752246963256063], [75.85316034283434, 22.752314941020796], [75.85316763626241, 22.752422937000233], [75.85325780419633, 22.752592366460348], [75.85396860127851, 22.753142924053005], [75.85417496700431, 22.75321905283888], [75.85427810799227, 22.753219043179215], [75.85490739866782, 22.753019298220472], [75.85514465188264, 22.753019292735246], [75.85536129953151, 22.75305733592378], [75.85585644913255, 22.753228568949883], [75.85602153332155, 22.753228587542193], [75.85614527963654, 22.75319052757146], [75.85672679676448, 22.752905127617918], [75.85680884624787, 22.752880840322803], [75.85686634762456, 22.752887035615675], [75.85695642507885, 22.752916270953474], [75.85708299367346, 22.75300285072462], [75.85715974155104, 22.75311228030937], [75.85718725097249, 22.75319740432286], [75.85717285109374, 22.753277785099762], [75.85702449273909, 22.753741974865033], [75.85701337345695, 22.75408285012964], [75.85702978434018, 22.75418429313605], [75.85707664284496, 22.75426416450516], [75.85750695316663, 22.754750630964214], [75.85762050735882, 22.754655535923053]]]]}}, {"type": "Feature", "properties": {"tessellate": -1, "extrude": 0, "visibility": -1, "objectid": 66.0, "townname": "Indore", "towncensuscode2011": "802273", "town_lgd_code": 250901.0, "ward_lgd_code": 22640.0, "ward_lgd_name": "Govind Colony", "sourcewardcode": "12", "state": "Madhya Pradesh", "topology_cleaned": true, "cleaning_method": "vertex_cluster_snap_5m"}, "geometry": {"type": "MultiPolygon", "coordinates": [[[[75.83813926507982, 22.747675154511395], [75.83828060109315, 22.747694646938672], [75.83894631082654, 22.747613693788956], [75.8390103603167, 22.74758422581939], [75.84008603629105, 22.747439554005243], [75.8436897603564, 22.747228338848537], [75.84445909680873, 22.747188503015863], [75.84552147080386, 22.7471628302561], [75.84688228981739, 22.747159596445236], [75.84731226586133, 22.74717484051541], [75.84815914885931, 22.747218040813895], [75.84918762546522, 22.747270478728133], [75.84996358607638, 22.747262738795648], [75.84997761426482, 22.747121658517763], [75.84985210805498, 22.74682730739076], [75.84976138307339, 22.746566464350682], [75.84968089497673, 22.74624432282458], [75.84960543154045, 22.74577392241502], [75.84706524147583, 22.74577756524864], [75.84702813735638, 22.74446616461156], [75.84838434593361, 22.744367283238397], [75.848258167755, 22.74262168602835], [75.8481763925448, 22.74183741988767], [75.84811328106228, 22.741505158302964], [75.84791048279443, 22.740772480572616], [75.84723048639681, 22.740922874562834], [75.84653842300317, 22.74104333991557], [75.84625955168069, 22.74106613513742], [75.84612143527531, 22.741046632564277], [75.84596710294146, 22.740987379993573], [75.84569757717277, 22.74086713162729], [75.84564046617149, 22.74081269362917], [75.84546123642822, 22.740552948342092], [75.84517771782473, 22.74012068128596], [75.84487245765591, 22.740238731629073], [75.84457117661722, 22.74040219660453], [75.84452004100054, 22.740416739097963], [75.84429751735583, 22.74043309057374], [75.84370283786782, 22.740505695866478], [75.84362990998518, 22.740523876034135], [75.84353539580027, 22.74054749962807], [75.84326267416675, 22.740651961086407], [75.84298995619436, 22.74053475099004], [75.84255149860502, 22.74024450108776], [75.84252136201418, 22.740284929342018], [75.84247210095471, 22.740351130360526], [75.84186908103595, 22.741161050600198], [75.84151549371971, 22.741626128161606], [75.84049034723088, 22.742907533189875], [75.84025351611677, 22.743180944764617], [75.8396031088837, 22.7438741279788], [75.83910628041674, 22.744503993370433], [75.83811791610744, 22.745835324058802], [75.83726101048717, 22.74703877456182], [75.83671933676831, 22.74769678000515], [75.83718914831859, 22.74782412350812], [75.83813926507982, 22.747675154511395]]]]}}, {"type": "Feature", "properties": {"tessellate": -1, "extrude": 0, "visibility": -1, "objectid": 67.0, "townname": "Indore", "towncensuscode2011": "802273", "town_lgd_code": 250901.0, "ward_lgd_code": 22641.0, "ward_lgd_name": "Sangamanagar", "sourcewardcode": "13", "state": "Madhya Pradesh", "topology_cleaned": true, "cleaning_method": "vertex_cluster_snap_5m"}, "geometry": {"type": "MultiPolygon", "coordinates": [[[[75.84049034723088, 22.742907533189875], [75.84151549371971, 22.741626128161606], [75.84186908103595, 22.741161050600198], [75.84247210095471, 22.740351130360526], [75.84252136201418, 22.740284929342018], [75.84255149860502, 22.74024450108776], [75.84278694051082, 22.739825462702743], [75.84039478858725, 22.740132268512465], [75.84011513596522, 22.738943453135303], [75.84080028830279, 22.73879233967413], [75.84078986729303, 22.738632961049866], [75.84177836965254, 22.738497680842382], [75.8430162100854, 22.738161810199276], [75.8435764660304, 22.738178364984034], [75.84361135102563, 22.73746764084201], [75.8436274819019, 22.735604939786683], [75.84339360449871, 22.735610690749485], [75.84337213665592, 22.734682657461693], [75.84267361351938, 22.734713892935726], [75.8426398398675, 22.734319507009975], [75.84121444151297, 22.73423596273219], [75.84115952520288, 22.730320418731758], [75.84357526280999, 22.730330722059115], [75.84352263252063, 22.729402310672324], [75.84352605791341, 22.728372975020537], [75.84353076066918, 22.72690083163639], [75.84353194711821, 22.726538509106774], [75.84122119105491, 22.72702853476856], [75.83997226827563, 22.727973909081292], [75.83866499249218, 22.728998077505857], [75.83829245103271, 22.729289993254202], [75.8362360436441, 22.730719318470566], [75.83561887119579, 22.731186846161187], [75.8338447792647, 22.732530657809413], [75.83138730401882, 22.734337790419815], [75.83090064909415, 22.73463769019293], [75.82926704117911, 22.73571551100225], [75.83018574639435, 22.73989206139554], [75.83040340606748, 22.741504688654715], [75.83043685735908, 22.74157705035763], [75.83048345328235, 22.74161673434641], [75.83053811160065, 22.741636864980347], [75.8305951635986, 22.741650208349153], [75.83065143512599, 22.74164720589761], [75.831905309711, 22.741199507361188], [75.83205409097144, 22.74161362148735], [75.83209420962558, 22.742594223023687], [75.83388916913441, 22.74227457916875], [75.83417477252183, 22.742220877209792], [75.8342758222649, 22.742214568447995], [75.83439751437302, 22.742223688693013], [75.83546710488469, 22.742349530460977], [75.83676085478741, 22.74223075026902], [75.83699977470015, 22.7435629589567], [75.83902760692533, 22.743278259782926], [75.84025351611677, 22.743180944764617], [75.84049034723088, 22.742907533189875]]]]}}, {"type": "Feature", "properties": {"tessellate": -1, "extrude": 0, "visibility": -1, "objectid": 68.0, "townname": "Indore", "towncensuscode2011": "802273", "town_lgd_code": 250901.0, "ward_lgd_code": 22642.0, "ward_lgd_name": "Ashok Nagar", "sourcewardcode": "14", "state": "Madhya Pradesh", "topology_cleaned": true, "cleaning_method": "vertex_cluster_snap_5m"}, "geometry": {"type": "MultiPolygon", "coordinates": [[[[75.81568101575138, 22.732507589607714], [75.81619946172547, 22.73143948829272], [75.81702954353399, 22.731769833482225], [75.81735086572758, 22.732026537372853], [75.81831456623362, 22.73204698932073], [75.81835657296436, 22.732249386691347], [75.81860439675029, 22.732231406376837], [75.81864984122481, 22.73243866392077], [75.81885343961524, 22.733366765507746], [75.82034531376466, 22.73302272253968], [75.8204696312624, 22.733359109216103], [75.82194106866332, 22.73301804694857], [75.82368565962238, 22.73258080668996], [75.82395631693605, 22.733935910790024], [75.8252166411857, 22.73366193854623], [75.82529472107935, 22.73395068450955], [75.82555445511528, 22.73390490028658], [75.82587092466659, 22.734955439112777], [75.82640100302969, 22.734830210363736], [75.82703178677735, 22.734755766690764], [75.82761316025142, 22.734610486058628], [75.82735128249816, 22.7335716823548], [75.82762765426823, 22.73350756183559], [75.82761526951205, 22.733456137388032], [75.82914959420326, 22.733050096954234], [75.82921092324096, 22.733208128707016], [75.82999599739645, 22.732818973411753], [75.83050904859194, 22.733955921609304], [75.83090064909415, 22.73463769019293], [75.83138730401882, 22.734337790419815], [75.8338447792647, 22.732530657809413], [75.83561887119579, 22.731186846161187], [75.8362360436441, 22.730719318470566], [75.83829245103271, 22.729289993254202], [75.83866499249218, 22.728998077505857], [75.83846538647943, 22.728601759809557], [75.83650089857086, 22.729419699268668], [75.8363670927717, 22.727816847894434], [75.83425504771861, 22.727939804072342], [75.8334210434091, 22.728009282939432], [75.83343078846252, 22.72841228818888], [75.8335627317577, 22.7290866422672], [75.83389366568724, 22.730491185802407], [75.8326706186718, 22.73107576918069], [75.83282832483015, 22.731437625626274], [75.83233181464858, 22.731651585978653], [75.8309738746774, 22.732590052537383], [75.83074097103705, 22.7322243395421], [75.830592833338, 22.73143055961315], [75.83058759147498, 22.73104631955031], [75.83036718453309, 22.728281895746047], [75.82649703748608, 22.728610342389537], [75.82247915827553, 22.728940720578127], [75.82038305852718, 22.729114358772094], [75.8153965546993, 22.729466871495102], [75.81531411514092, 22.728882217565104], [75.81545579854337, 22.72883262572903], [75.81556002229276, 22.728771843176716], [75.81565924681556, 22.728656255098446], [75.81571229786324, 22.728554361919272], [75.8157317369225, 22.728466099581627], [75.8157390658835, 22.728339056672482], [75.8157095642231, 22.728142646767083], [75.81541061652311, 22.7268944411663], [75.81430211334178, 22.72713052622158], [75.81349015882246, 22.725100764001244], [75.81204367570864, 22.722730239381114], [75.81305202946214, 22.720595917988362], [75.81673929935452, 22.72013224512531], [75.81632653175916, 22.71839096119828], [75.80257498931549, 22.714675413685622], [75.80032079721056, 22.722090003980128], [75.80031377866575, 22.72254070245185], [75.80027508137239, 22.725028261069298], [75.80047263145494, 22.72783540271328], [75.80048233728705, 22.728114387595618], [75.80057018421536, 22.72850128840179], [75.80073603163473, 22.72888815974736], [75.80093104123401, 22.729266032295417], [75.80106762504543, 22.729526947339636], [75.80207304169629, 22.731710993751626], [75.80597960679988, 22.7297426270271], [75.8075656856304, 22.729057589385377], [75.80804887235941, 22.72990209287708], [75.80857372041848, 22.7307592109609], [75.80865926296202, 22.730899062519327], [75.80998819405339, 22.733344462710846], [75.81101187732142, 22.735162424002628], [75.81516891240446, 22.734302008799922], [75.81514544569423, 22.733809553360565], [75.815187119481, 22.73356219508697], [75.81532253558774, 22.733259527675173], [75.81568101575138, 22.732507589607714]]]]}}, {"type": "Feature", "properties": {"tessellate": -1, "extrude": 0, "visibility": -1, "objectid": 71.0, "townname": "Indore", "towncensuscode2011": "802273", "town_lgd_code": 250901.0, "ward_lgd_code": 22643.0, "ward_lgd_name": "Bijaasan", "sourcewardcode": "15", "state": "Madhya Pradesh", "topology_cleaned": true, "cleaning_method": "vertex_cluster_snap_5m"}, "geometry": {"type": "MultiPolygon", "coordinates": [[[[75.83793140578524, 22.785846580629062], [75.8422426283702, 22.785145500340338], [75.84271087221397, 22.785154409317382], [75.84262774014307, 22.783467663996035], [75.84236941115472, 22.78167805399919], [75.84213533568044, 22.780378807417165], [75.84207681909356, 22.780082020567413], [75.84208653597517, 22.77417284355672], [75.8419566482763, 22.77119678821165], [75.84206759323648, 22.769243264014143], [75.842149100601, 22.76588918878302], [75.84212831052602, 22.765850411278972], [75.84208145289342, 22.76583349569564], [75.84167330218786, 22.765685880454928], [75.84166733325209, 22.765570198862513], [75.84204021922194, 22.764811807001763], [75.84225114378539, 22.764168355916997], [75.8424350149424, 22.76237017472892], [75.84270738173167, 22.760518321486728], [75.84273095309332, 22.759962846397368], [75.84259123704594, 22.759431628519657], [75.84246561815361, 22.75884839615123], [75.84237207808805, 22.75779419271596], [75.84222024405392, 22.757351019956392], [75.84110927272705, 22.757454070793962], [75.84085755804607, 22.757431910491977], [75.83867599123772, 22.757185037594642], [75.83769650670101, 22.75711267510031], [75.83735347148381, 22.757096679064716], [75.83624265593036, 22.757177744964803], [75.83505601222201, 22.75717031452619], [75.8339137147877, 22.757167882865417], [75.8335734673141, 22.757145812000587], [75.83333585074436, 22.757087253348413], [75.83242772727856, 22.75683247007653], [75.83062092655553, 22.756449933702566], [75.82990470126516, 22.756310754374134], [75.82778208838243, 22.756160079015608], [75.82632897357962, 22.755926060335483], [75.82583506372501, 22.75576258747487], [75.82483282018204, 22.755401114933548], [75.82368793879112, 22.755079304192105], [75.82332550995964, 22.75502787791485], [75.82211452202141, 22.755002229512403], [75.81985185266711, 22.75507564711585], [75.81936387599562, 22.755105069950844], [75.81780239294253, 22.755330951193752], [75.81753347189633, 22.755378667710684], [75.81646790025142, 22.75568175874509], [75.81526067964808, 22.75594726568067], [75.81450206114117, 22.75608030958669], [75.81371394709033, 22.75616697984292], [75.81326523596708, 22.756216237528804], [75.81111201202417, 22.756371898195763], [75.8103942960456, 22.75635675302858], [75.8101069201126, 22.756364353553074], [75.80971569662196, 22.75653354007117], [75.80725391550098, 22.75795046783722], [75.8037444160562, 22.753319286509175], [75.80597613900567, 22.751940971239712], [75.80909028947119, 22.749568311700887], [75.81138936544862, 22.748152907365675], [75.81352278008721, 22.74669631064405], [75.81510852252228, 22.74555105183528], [75.81535903676419, 22.745358633290877], [75.81553382225322, 22.745255215575032], [75.8161076890488, 22.745016973124198], [75.8184918478678, 22.74407879468346], [75.81862757053261, 22.744023449137575], [75.81880492685526, 22.743927241222273], [75.81935273340045, 22.743583253129483], [75.81959269406498, 22.74340280592375], [75.81979613353272, 22.743222365103566], [75.82054735601108, 22.742385206666015], [75.8211646725751, 22.741663904914294], [75.82145403300511, 22.741374442773797], [75.82211836092989, 22.740878271250118], [75.82381803253361, 22.739705514054155], [75.82430463672178, 22.73939154387732], [75.82545789312331, 22.738599712431956], [75.82464355230051, 22.736487555626727], [75.82618856120929, 22.7360534850457], [75.82587092466659, 22.734955439112777], [75.82555445511528, 22.73390490028658], [75.82529472107935, 22.73395068450955], [75.8252166411857, 22.73366193854623], [75.82395631693605, 22.733935910790024], [75.82368565962238, 22.73258080668996], [75.82194106866332, 22.73301804694857], [75.8204696312624, 22.733359109216103], [75.82034531376466, 22.73302272253968], [75.81885343961524, 22.733366765507746], [75.81864984122481, 22.73243866392077], [75.81860439675029, 22.732231406376837], [75.81835657296436, 22.732249386691347], [75.81831456623362, 22.73204698932073], [75.81735086572758, 22.732026537372853], [75.81702954353399, 22.731769833482225], [75.81619946172547, 22.73143948829272], [75.81568101575138, 22.732507589607714], [75.81532253558774, 22.733259527675173], [75.815187119481, 22.73356219508697], [75.81514544569423, 22.733809553360565], [75.81516891240446, 22.734302008799922], [75.81101187732142, 22.735162424002628], [75.80998819405339, 22.733344462710846], [75.80865926296202, 22.730899062519327], [75.80857372041848, 22.7307592109609], [75.80804887235941, 22.72990209287708], [75.8075656856304, 22.729057589385377], [75.80597960679988, 22.7297426270271], [75.80207304169629, 22.731710993751626], [75.80140754011906, 22.73204458308097], [75.79590948041152, 22.735200591572596], [75.79423468095769, 22.73626164503844], [75.79326868187401, 22.73702956222486], [75.79213678189244, 22.73804345549324], [75.79027553490164, 22.739615042285273], [75.79004986587404, 22.739746235369875], [75.78979393084708, 22.739830334437652], [75.78931123246957, 22.739923141233703], [75.78826810428615, 22.740021241535043], [75.78682404772967, 22.740104779139443], [75.78671215345109, 22.74012231238758], [75.78656297276952, 22.740159089032662], [75.78579323554888, 22.740586259585815], [75.7847352313123, 22.741082410428426], [75.78398617155742, 22.741397459941897], [75.7838527356834, 22.7414290079531], [75.78365807971453, 22.741449926018156], [75.78329599233751, 22.741449894851996], [75.78089955002014, 22.741411310267196], [75.78068642243927, 22.741386516931723], [75.77930194925307, 22.741126978084438], [75.77899426057455, 22.74111962596578], [75.7786985642298, 22.741149070070485], [75.77839093124261, 22.74123755826601], [75.77812322669133, 22.74132603209868], [75.77786352112483, 22.741451321812765], [75.77748795736942, 22.74166868075803], [75.77730817867904, 22.74177190108144], [75.77636913186944, 22.742490447170947], [75.7761348645167, 22.742844149334136], [75.77588770325711, 22.74341552245842], [75.77573945134313, 22.74408397304889], [75.77525183063187, 22.74769409046409], [75.7751726691385, 22.74797359894461], [75.77435699401425, 22.749630350404352], [75.77347909377855, 22.751413411567828], [75.7731825144825, 22.751826668721442], [75.77287933783538, 22.7521062666693], [75.77231916985842, 22.752634976526227], [75.772101674085, 22.752944961758317], [75.77169315455544, 22.753978070010305], [75.77123839842021, 22.75477419004515], [75.77043447502002, 22.756092935281337], [75.76980179538658, 22.757034891626734], [75.76958430007639, 22.75752101992684], [75.77483701805478, 22.758656830190045], [75.77840340963395, 22.761336959317397], [75.77951547365913, 22.762697433396056], [75.78057106643374, 22.76505181864362], [75.78110741896242, 22.76790167414215], [75.7811983320168, 22.768934527642777], [75.78120738936055, 22.76905408179142], [75.78123398801694, 22.76912368728467], [75.78128534855334, 22.769196875159235], [75.78138797135959, 22.769343070671702], [75.78142295571917, 22.769414170709023], [75.78143439099591, 22.76947228800036], [75.7815236945009, 22.77015330907216], [75.78161237599889, 22.771682903809026], [75.78164180388418, 22.77296762969103], [75.7904520984849, 22.772942939286217], [75.79169054527486, 22.77290536601993], [75.79190908752355, 22.772897507044597], [75.79227642884716, 22.772848440957105], [75.79244345819812, 22.772826654984325], [75.79276715000964, 22.77279279942136], [75.79551174783053, 22.772789802780608], [75.79580669311456, 22.77277107927429], [75.79669115855901, 22.772701538371802], [75.79684650318225, 22.772663907896483], [75.79715077924385, 22.772557875693973], [75.79732881300815, 22.772519047466538], [75.79771729244625, 22.772437073215517], [75.79797231298002, 22.772387290778735], [75.79822792570914, 22.772372372694612], [75.79832217136352, 22.772381115090823], [75.7984489104652, 22.772416252164774], [75.7985284780672, 22.772447018264426], [75.7986280669551, 22.772453294812923], [75.79928944245692, 22.77236380858013], [75.79996093678469, 22.772222328673177], [75.8003135313144, 22.77218433846066], [75.80070654982525, 22.772162946226928], [75.80087574303525, 22.772178537587948], [75.8011087570274, 22.77221386190655], [75.80142936317787, 22.772202767709135], [75.80175537440981, 22.772183154621327], [75.80196725819927, 22.77213638277333], [75.80219105732097, 22.772111681813346], [75.80452013515402, 22.77201667432662], [75.80637303440749, 22.771782219995117], [75.80817875762958, 22.771692692988832], [75.80904419660668, 22.771736003315773], [75.81025802604194, 22.77177239193043], [75.81176724869988, 22.77163600231737], [75.8146541725117, 22.771427173558983], [75.8166481974823, 22.771161619419953], [75.81761708417311, 22.771009059249515], [75.81823446025729, 22.770944380559186], [75.81911301030473, 22.770851079628805], [75.82023664753812, 22.770955151530806], [75.82101579575655, 22.771098745920717], [75.82169952226992, 22.77154137007229], [75.82211385557223, 22.772071102582505], [75.82250830632314, 22.77272848301664], [75.82271301812096, 22.77398898342524], [75.82094784281732, 22.785775264410958], [75.82335316655504, 22.786126539001387], [75.834555892138, 22.78639559580756], [75.83793140578524, 22.785846580629062]]]]}}, {"type": "Feature", "properties": {"tessellate": -1, "extrude": 0, "visibility": -1, "objectid": 69.0, "townname": "Indore", "towncensuscode2011": "802273", "town_lgd_code": 250901.0, "ward_lgd_code": 22644.0, "ward_lgd_name": "Nandabaag", "sourcewardcode": "16", "state": "Madhya Pradesh", "topology_cleaned": true, "cleaning_method": "vertex_cluster_snap_5m"}, "geometry": {"type": "MultiPolygon", "coordinates": [[[[75.8101069201126, 22.756364353553074], [75.8103942960456, 22.75635675302858], [75.81111201202417, 22.756371898195763], [75.81326523596708, 22.756216237528804], [75.81371394709033, 22.75616697984292], [75.81450206114117, 22.75608030958669], [75.81526067964808, 22.75594726568067], [75.81646790025142, 22.75568175874509], [75.81753347189633, 22.755378667710684], [75.81780239294253, 22.755330951193752], [75.81936387599562, 22.755105069950844], [75.81985185266711, 22.75507564711585], [75.82211452202141, 22.755002229512403], [75.82332550995964, 22.75502787791485], [75.82368793879112, 22.755079304192105], [75.82483282018204, 22.755401114933548], [75.82583506372501, 22.75576258747487], [75.82632897357962, 22.755926060335483], [75.82778208838243, 22.756160079015608], [75.82990470126516, 22.756310754374134], [75.83062092655553, 22.756449933702566], [75.83094394865758, 22.75510603176835], [75.83100513546462, 22.754948628580262], [75.8311371777524, 22.754734851704555], [75.83133679453915, 22.75451810340627], [75.8318456111399, 22.754054858607123], [75.8322126484357, 22.75364510410506], [75.83241876638294, 22.75339273039639], [75.8328920326075, 22.752368263334073], [75.83297576820794, 22.752219774892247], [75.83315288114753, 22.75192283791952], [75.83356827137267, 22.7513616148713], [75.8336455558876, 22.75125769271928], [75.83423480822675, 22.750378771269286], [75.83439257082081, 22.750167928721083], [75.83461797789987, 22.74996603663882], [75.83488842593363, 22.74970763291128], [75.83552594974893, 22.7489534720623], [75.83584477627004, 22.748659494481934], [75.83671933676831, 22.74769678000515], [75.83726101048717, 22.74703877456182], [75.83811791610744, 22.745835324058802], [75.83910628041674, 22.744503993370433], [75.8396031088837, 22.7438741279788], [75.84025351611677, 22.743180944764617], [75.83902760692533, 22.743278259782926], [75.83699977470015, 22.7435629589567], [75.83676085478741, 22.74223075026902], [75.83546710488469, 22.742349530460977], [75.83439751437302, 22.742223688693013], [75.8342758222649, 22.742214568447995], [75.83417477252183, 22.742220877209792], [75.83388916913441, 22.74227457916875], [75.83209420962558, 22.742594223023687], [75.83205409097144, 22.74161362148735], [75.831905309711, 22.741199507361188], [75.83065143512599, 22.74164720589761], [75.8305951635986, 22.741650208349153], [75.83053811160065, 22.741636864980347], [75.83048345328235, 22.74161673434641], [75.83043685735908, 22.74157705035763], [75.83040340606748, 22.741504688654715], [75.83018574639435, 22.73989206139554], [75.82926704117911, 22.73571551100225], [75.83090064909415, 22.73463769019293], [75.83050904859194, 22.733955921609304], [75.82999599739645, 22.732818973411753], [75.82921092324096, 22.733208128707016], [75.82914959420326, 22.733050096954234], [75.82761526951205, 22.733456137388032], [75.82762765426823, 22.73350756183559], [75.82735128249816, 22.7335716823548], [75.82761316025142, 22.734610486058628], [75.82703178677735, 22.734755766690764], [75.82640100302969, 22.734830210363736], [75.82587092466659, 22.734955439112777], [75.82618856120929, 22.7360534850457], [75.82464355230051, 22.736487555626727], [75.82545789312331, 22.738599712431956], [75.82430463672178, 22.73939154387732], [75.82381803253361, 22.739705514054155], [75.82211836092989, 22.740878271250118], [75.82145403300511, 22.741374442773797], [75.8211646725751, 22.741663904914294], [75.82054735601108, 22.742385206666015], [75.81979613353272, 22.743222365103566], [75.81959269406498, 22.74340280592375], [75.81935273340045, 22.743583253129483], [75.81880492685526, 22.743927241222273], [75.81862757053261, 22.744023449137575], [75.8184918478678, 22.74407879468346], [75.8161076890488, 22.745016973124198], [75.81553382225322, 22.745255215575032], [75.81535903676419, 22.745358633290877], [75.81510852252228, 22.74555105183528], [75.81352278008721, 22.74669631064405], [75.81138936544862, 22.748152907365675], [75.80909028947119, 22.749568311700887], [75.80597613900567, 22.751940971239712], [75.8037444160562, 22.753319286509175], [75.80725391550098, 22.75795046783722], [75.80971569662196, 22.75653354007117], [75.8101069201126, 22.756364353553074]]]]}}, {"type": "Feature", "properties": {"tessellate": -1, "extrude": 0, "visibility": -1, "objectid": 70.0, "townname": "Indore", "towncensuscode2011": "802273", "town_lgd_code": 250901.0, "ward_lgd_code": 22645.0, "ward_lgd_name": "Kushavaah Nagar", "sourcewardcode": "17", "state": "Madhya Pradesh", "topology_cleaned": true, "cleaning_method": "vertex_cluster_snap_5m"}, "geometry": {"type": "MultiPolygon", "coordinates": [[[[75.84222024405392, 22.757351019956392], [75.8420962213196, 22.756709786559796], [75.84332607160799, 22.756584963987468], [75.8435336484149, 22.756541141443357], [75.84342730127169, 22.75594010311946], [75.84348352317697, 22.75564261937587], [75.84370671777299, 22.755335039896515], [75.84493447784601, 22.75278231759596], [75.84531185690885, 22.752841564729632], [75.84595306689475, 22.752946385558452], [75.84727564229873, 22.75336555336295], [75.8479547078308, 22.75360674461923], [75.84802408045103, 22.753611163795508], [75.8480546382942, 22.75357568239918], [75.84837717517456, 22.752765513397563], [75.84877021748689, 22.75184431449826], [75.84877723303762, 22.751781768653764], [75.84874279980862, 22.75082716035199], [75.84871379662059, 22.750656951502314], [75.84815036461934, 22.748903380721398], [75.84814167604092, 22.748615995716353], [75.84815182386039, 22.74775120944536], [75.84815914885931, 22.747218040813895], [75.84731226586133, 22.74717484051541], [75.84688228981739, 22.747159596445236], [75.84552147080386, 22.7471628302561], [75.84445909680873, 22.747188503015863], [75.8436897603564, 22.747228338848537], [75.84008603629105, 22.747439554005243], [75.8390103603167, 22.74758422581939], [75.83894631082654, 22.747613693788956], [75.83828060109315, 22.747694646938672], [75.83813926507982, 22.747675154511395], [75.83718914831859, 22.74782412350812], [75.83671933676831, 22.74769678000515], [75.83584477627004, 22.748659494481934], [75.83552594974893, 22.7489534720623], [75.83488842593363, 22.74970763291128], [75.83461797789987, 22.74996603663882], [75.83439257082081, 22.750167928721083], [75.83423480822675, 22.750378771269286], [75.8336455558876, 22.75125769271928], [75.83356827137267, 22.7513616148713], [75.83315288114753, 22.75192283791952], [75.83297576820794, 22.752219774892247], [75.8328920326075, 22.752368263334073], [75.83241876638294, 22.75339273039639], [75.8322126484357, 22.75364510410506], [75.8318456111399, 22.754054858607123], [75.83133679453915, 22.75451810340627], [75.8311371777524, 22.754734851704555], [75.83100513546462, 22.754948628580262], [75.83094394865758, 22.75510603176835], [75.83062092655553, 22.756449933702566], [75.83242772727856, 22.75683247007653], [75.83333585074436, 22.757087253348413], [75.8335734673141, 22.757145812000587], [75.8339137147877, 22.757167882865417], [75.83505601222201, 22.75717031452619], [75.83624265593036, 22.757177744964803], [75.83735347148381, 22.757096679064716], [75.83769650670101, 22.75711267510031], [75.83867599123772, 22.757185037594642], [75.84085755804607, 22.757431910491977], [75.84110927272705, 22.757454070793962], [75.84222024405392, 22.757351019956392]]]]}}, {"type": "Feature", "properties": {"tessellate": -1, "extrude": 0, "visibility": -1, "objectid": 72.0, "townname": "Indore", "towncensuscode2011": "802273", "town_lgd_code": 250901.0, "ward_lgd_code": 22646.0, "ward_lgd_name": "Sant Kabeer", "sourcewardcode": "18", "state": "Madhya Pradesh", "topology_cleaned": true, "cleaning_method": "vertex_cluster_snap_5m"}, "geometry": {"type": "MultiPolygon", "coordinates": [[[[75.84106234482316, 22.816016905240325], [75.84120864694692, 22.81594495328577], [75.84144269635867, 22.81594489204375], [75.84620259954518, 22.817472004813986], [75.84645942799376, 22.817184205714003], [75.84689176141771, 22.816631169247305], [75.84721029652253, 22.816190745349097], [75.84734844329881, 22.81598234315024], [75.84739533088127, 22.815890951281176], [75.8483202350679, 22.813642695135872], [75.84847587338554, 22.813317222047854], [75.84849050398692, 22.813146601842472], [75.84847875677501, 22.812980457873387], [75.84814338310548, 22.811502011059446], [75.84801454173846, 22.81085169077187], [75.84782185591921, 22.80936272791462], [75.84770266216374, 22.806790681916095], [75.84755590397596, 22.803573104469184], [75.84749510486085, 22.80161896277415], [75.84737227502481, 22.799117751648716], [75.8486352362187, 22.79900905318768], [75.84934755293631, 22.798777268522983], [75.85019537128733, 22.798369970294814], [75.85097996023094, 22.797979264437547], [75.85114291314952, 22.797925461568365], [75.85180555412026, 22.797775589340787], [75.85296559890209, 22.79750752303094], [75.85404671854909, 22.797238606459423], [75.85475898920636, 22.797143105781664], [75.85531828732495, 22.797061158938405], [75.8565268018028, 22.79681873167059], [75.85800582656374, 22.796570594721516], [75.85806430340335, 22.79649620979324], [75.857952011066, 22.795319276551584], [75.85789875676441, 22.792818334294832], [75.85805269411748, 22.79096710238694], [75.85803578154145, 22.790319348672313], [75.85799086755483, 22.78994517358088], [75.85768983561549, 22.789010253823832], [75.85743405895006, 22.78844146750966], [75.85685589917517, 22.787525649395793], [75.85665679076851, 22.787138300701162], [75.85659305823718, 22.78691661233435], [75.85651212172633, 22.7864827413104], [75.85613610787365, 22.78544036653085], [75.85575982866395, 22.784292035133113], [75.85521146599763, 22.782588193155465], [75.8550611941673, 22.78214141411595], [75.85498737314684, 22.7820742429682], [75.85489355449906, 22.78204954363359], [75.85057579298935, 22.782815311862297], [75.8477529961485, 22.782677045104162], [75.84770509404538, 22.782634031555503], [75.84769738371614, 22.782584391035304], [75.84779308440677, 22.781565954064337], [75.84800099420123, 22.777866197126283], [75.84795746144665, 22.77594465705314], [75.8478603466081, 22.7739428267225], [75.84779130561415, 22.772101363223744], [75.84772222803963, 22.770521676075862], [75.84769922209254, 22.769288430904528], [75.84767363977276, 22.768347688179322], [75.84765316628635, 22.768076535509735], [75.847486952187, 22.766902313190627], [75.8474844093147, 22.766711278422942], [75.84761800745407, 22.764038151254105], [75.84775561295221, 22.76152560905606], [75.8483362911502, 22.757248189363565], [75.84847042976084, 22.756652561749622], [75.8486824687218, 22.756211978405744], [75.8487085136529, 22.75612385833361], [75.84872810044831, 22.755999369488737], [75.84872708387023, 22.75588212622735], [75.84859414310115, 22.755315468345376], [75.84859104691886, 22.755129585122372], [75.84867959468416, 22.754674753384553], [75.84908842480169, 22.7524466618484], [75.84938807856416, 22.750913879903454], [75.8498917999796, 22.747717933907513], [75.84996358607638, 22.747262738795648], [75.84918762546522, 22.747270478728133], [75.84815914885931, 22.747218040813895], [75.84815182386039, 22.74775120944536], [75.84814167604092, 22.748615995716353], [75.84815036461934, 22.748903380721398], [75.84871379662059, 22.750656951502314], [75.84874279980862, 22.75082716035199], [75.84877723303762, 22.751781768653764], [75.84877021748689, 22.75184431449826], [75.84837717517456, 22.752765513397563], [75.8480546382942, 22.75357568239918], [75.84802408045103, 22.753611163795508], [75.8479547078308, 22.75360674461923], [75.84727564229873, 22.75336555336295], [75.84595306689475, 22.752946385558452], [75.84531185690885, 22.752841564729632], [75.84493447784601, 22.75278231759596], [75.84370671777299, 22.755335039896515], [75.84348352317697, 22.75564261937587], [75.84342730127169, 22.75594010311946], [75.8435336484149, 22.756541141443357], [75.84332607160799, 22.756584963987468], [75.8420962213196, 22.756709786559796], [75.84222024405392, 22.757351019956392], [75.84237207808805, 22.75779419271596], [75.84246561815361, 22.75884839615123], [75.84259123704594, 22.759431628519657], [75.84273095309332, 22.759962846397368], [75.84270738173167, 22.760518321486728], [75.8424350149424, 22.76237017472892], [75.84225114378539, 22.764168355916997], [75.84204021922194, 22.764811807001763], [75.84166733325209, 22.765570198862513], [75.84167330218786, 22.765685880454928], [75.84208145289342, 22.76583349569564], [75.84212831052602, 22.765850411278972], [75.842149100601, 22.76588918878302], [75.84206759323648, 22.769243264014143], [75.8419566482763, 22.77119678821165], [75.84208653597517, 22.77417284355672], [75.84207681909356, 22.780082020567413], [75.84213533568044, 22.780378807417165], [75.84236941115472, 22.78167805399919], [75.84262774014307, 22.783467663996035], [75.84271087221397, 22.785154409317382], [75.8422426283702, 22.785145500340338], [75.83793140578524, 22.785846580629062], [75.834555892138, 22.78639559580756], [75.82335316655504, 22.786126539001387], [75.82094784281732, 22.785775264410958], [75.82102658664489, 22.786105739327514], [75.82114699643924, 22.78661024698914], [75.82352544734215, 22.796581197464146], [75.82343522459152, 22.7970100091756], [75.8234422908985, 22.797075371758055], [75.82350086998501, 22.797112104664937], [75.82373011655082, 22.79717731342519], [75.82411014212347, 22.797252492049935], [75.82446084540472, 22.79731192323864], [75.82545685020602, 22.79747586905611], [75.82551969480633, 22.79752513501655], [75.82553512269956, 22.797644110311364], [75.82552466140767, 22.797929246459788], [75.8255801476222, 22.799102347923828], [75.82549464715134, 22.801163762968226], [75.82544619507757, 22.804830964473915], [75.82504488167072, 22.810334142479388], [75.82516199945151, 22.81041501394907], [75.82532785731252, 22.810451009948324], [75.82660569139435, 22.810073313095234], [75.826771560207, 22.810127283208747], [75.82688859426261, 22.810307155508667], [75.82731775868467, 22.812204387641795], [75.82727877601167, 22.812348304960107], [75.8271519810106, 22.81253712032976], [75.8269275951419, 22.812636021628208], [75.82662523778048, 22.812779859684447], [75.82647890005659, 22.81295974289232], [75.82613317230114, 22.816252346216263], [75.82630469288333, 22.816482792011943], [75.82645426356524, 22.81666041808619], [75.82661055832094, 22.816773513557425], [75.82683733714494, 22.816843878462574], [75.82716323233221, 22.816869015321213], [75.82733732450053, 22.816895662277798], [75.82747223820121, 22.81688881940786], [75.8276052031534, 22.81684973876302], [75.82768405945984, 22.81678971149885], [75.82777504187806, 22.816753016662513], [75.82787571153128, 22.816755293977145], [75.8282395864174, 22.816776798802064], [75.82842872442309, 22.816761724284298], [75.8289897100201, 22.81671698447772], [75.82918616710629, 22.81670376792108], [75.82931140785246, 22.81670871671334], [75.82947957988138, 22.816771433756603], [75.82987505353191, 22.816894030170673], [75.83028344726735, 22.81710643649695], [75.83060978153655, 22.81728413113071], [75.83090984341936, 22.817371361204707], [75.83110211558763, 22.81740703253982], [75.8311799026513, 22.8174118659911], [75.83127923097061, 22.81740177294766], [75.83133467198172, 22.81735315727915], [75.83146733952124, 22.817217060719894], [75.83155836646387, 22.817123636363725], [75.8317317914526, 22.816992114403458], [75.8319805320569, 22.816875735831523], [75.8320783555493, 22.816858604428003], [75.83218870751425, 22.816850711519038], [75.83234542038137, 22.816839414865957], [75.83256200025939, 22.81680242263565], [75.83272056941917, 22.816743873413394], [75.83281195087372, 22.81664484606194], [75.832901709356, 22.816503281788883], [75.83294633350093, 22.816358520830466], [75.83284883525951, 22.815852189621154], [75.83285401685437, 22.815742863430323], [75.83286512031965, 22.81569402728929], [75.83291879599858, 22.815627715665332], [75.83299037134361, 22.815556613319618], [75.83398881150492, 22.81516902562149], [75.83405117693175, 22.815105739373152], [75.83409260457836, 22.81504436927452], [75.83418297234638, 22.814763241526443], [75.83418745644389, 22.814667558760668], [75.83417538229816, 22.814564916929903], [75.8341806711531, 22.814481379313428], [75.83421539607741, 22.814439420015276], [75.83429726015713, 22.814409995637188], [75.83467287601495, 22.814488332238195], [75.8349316050273, 22.814732945201467], [75.8349974980342, 22.814768912590843], [75.83504716277768, 22.814796112655323], [75.8351090499235, 22.814814306010195], [75.83525489640455, 22.814827091223357], [75.8354585298565, 22.814808861262158], [75.83577035864728, 22.814780940407587], [75.83585051680629, 22.814775371250935], [75.8359320925288, 22.814778556610513], [75.83604269942676, 22.814812753428903], [75.83616338543216, 22.81486993139066], [75.83639791737396, 22.81498107105426], [75.83650397088249, 22.815011542753563], [75.83661268192179, 22.814982563426977], [75.83667421709886, 22.81492713923249], [75.83675288894914, 22.81480586495846], [75.83683812337239, 22.814674258593858], [75.83691610696762, 22.81463175543606], [75.83719109159041, 22.814506288450403], [75.83754167219442, 22.814346369440486], [75.83766980375015, 22.81433043033853], [75.83774292092029, 22.814352628486308], [75.83786591523914, 22.81440482488348], [75.83801928245055, 22.814500219780985], [75.8385944978071, 22.814951643356668], [75.83869605894273, 22.815067905329336], [75.8387466055791, 22.81514351632836], [75.83878947735049, 22.815254667295314], [75.83876746323854, 22.815510416356666], [75.83835530767068, 22.81697701084487], [75.83801798956893, 22.81795172660605], [75.83779867951009, 22.81838664311033], [75.83774096544231, 22.818589014136762], [75.83773279569375, 22.818671166813466], [75.83782874573696, 22.8193352182092], [75.83797872100291, 22.81981489341638], [75.83816098796547, 22.820109583993844], [75.83844129050506, 22.820405474801543], [75.8385845346383, 22.820485566123835], [75.83924787947932, 22.820764263816677], [75.83978561888418, 22.820867568144013], [75.84017461089256, 22.820899210594302], [75.84043112634012, 22.820811322067186], [75.84155005749494, 22.81833661668029], [75.84163780893799, 22.81807591346402], [75.8416280997442, 22.817923036594113], [75.84097451585933, 22.816169754936183], [75.84106234482316, 22.816016905240325]]]]}}, {"type": "Feature", "properties": {"tessellate": -1, "extrude": 0, "visibility": -1, "objectid": 73.0, "townname": "Indore", "towncensuscode2011": "802273", "town_lgd_code": 250901.0, "ward_lgd_code": 22647.0, "ward_lgd_name": "Vishvakarma", "sourcewardcode": "19", "state": "Madhya Pradesh", "topology_cleaned": true, "cleaning_method": "vertex_cluster_snap_5m"}, "geometry": {"type": "MultiPolygon", "coordinates": [[[[75.86302147282123, 22.77174757708918], [75.85422268098036, 22.764211251597953], [75.85045891054733, 22.75950265160718], [75.85023112134216, 22.75914525379845], [75.8498475571711, 22.75846728987418], [75.84971572313202, 22.758190948689247], [75.8527626034919, 22.75795050749428], [75.85437334238667, 22.758008109833167], [75.85452900231344, 22.75802660759191], [75.85463122826627, 22.75806679941685], [75.85471877952128, 22.758127845649128], [75.85517326542232, 22.75858564435631], [75.85527300788686, 22.7586648716603], [75.85552200111725, 22.758796774773884], [75.8556631303082, 22.758859069016786], [75.85585372416526, 22.758919110763426], [75.85610413649917, 22.758966004715177], [75.85658335540468, 22.75901555525467], [75.85805848599465, 22.75936263262377], [75.858300135767, 22.758583772791802], [75.8582814997069, 22.758422633795515], [75.85819406824517, 22.75820956341793], [75.85715148439314, 22.756378119900816], [75.85710348319034, 22.756271336354637], [75.85710352527417, 22.756090766242437], [75.85712350549754, 22.755921290052246], [75.85750695316663, 22.754750630964214], [75.85707664284496, 22.75426416450516], [75.85702978434018, 22.75418429313605], [75.85701337345695, 22.75408285012964], [75.85702449273909, 22.753741974865033], [75.85717285109374, 22.753277785099762], [75.85718725097249, 22.75319740432286], [75.85715974155104, 22.75311228030937], [75.85708299367346, 22.75300285072462], [75.85695642507885, 22.752916270953474], [75.85686634762456, 22.752887035615675], [75.85680884624787, 22.752880840322803], [75.85672679676448, 22.752905127617918], [75.85614527963654, 22.75319052757146], [75.85602153332155, 22.753228587542193], [75.85585644913255, 22.753228568949883], [75.85536129953151, 22.75305733592378], [75.85514465188264, 22.753019292735246], [75.85490739866782, 22.753019298220472], [75.85427810799227, 22.753219043179215], [75.85417496700431, 22.75321905283888], [75.85396860127851, 22.753142924053005], [75.85325780419633, 22.752592366460348], [75.85316763626241, 22.752422937000233], [75.85316034283434, 22.752314941020796], [75.85318650930122, 22.752246963256063], [75.85328788410504, 22.752197914381984], [75.85343218306946, 22.752191633278187], [75.85379246702661, 22.7521640540047], [75.85393035801665, 22.75211399655612], [75.85401228401408, 22.752038494129096], [75.85408021862472, 22.751874362216064], [75.85407787229353, 22.75173192402623], [75.8540591027811, 22.751673671075125], [75.85359244383842, 22.75116462562675], [75.85357694946642, 22.751069139053293], [75.85359458446607, 22.750866434118997], [75.8545086708255, 22.749574973316836], [75.85355636027019, 22.749024624212055], [75.85291360386255, 22.748684170161358], [75.85284855271983, 22.748606743124178], [75.85283619515776, 22.74856146330798], [75.85284377649997, 22.748464859780206], [75.85293443379318, 22.748258603404334], [75.85298725431672, 22.748138633763947], [75.85303762396877, 22.748031775082914], [75.85282554579811, 22.74799108452941], [75.85270853927143, 22.747984663386543], [75.85255037423725, 22.748000050759895], [75.85235758333796, 22.74802275882847], [75.85217326007327, 22.74804460852199], [75.85196754041463, 22.748039834355755], [75.85175143491101, 22.74800928083937], [75.8515445656691, 22.747976148544705], [75.85144155785869, 22.747949869514482], [75.85121473443488, 22.747871316672953], [75.85094805331495, 22.74780444777323], [75.8498917999796, 22.747717933907513], [75.84938807856416, 22.750913879903454], [75.84908842480169, 22.7524466618484], [75.84867959468416, 22.754674753384553], [75.84859104691886, 22.755129585122372], [75.84859414310115, 22.755315468345376], [75.84872708387023, 22.75588212622735], [75.84872810044831, 22.755999369488737], [75.8487085136529, 22.75612385833361], [75.8486824687218, 22.756211978405744], [75.84847042976084, 22.756652561749622], [75.8483362911502, 22.757248189363565], [75.84775561295221, 22.76152560905606], [75.84761800745407, 22.764038151254105], [75.8474844093147, 22.766711278422942], [75.847486952187, 22.766902313190627], [75.84765316628635, 22.768076535509735], [75.84767363977276, 22.768347688179322], [75.84769922209254, 22.769288430904528], [75.84772222803963, 22.770521676075862], [75.84779130561415, 22.772101363223744], [75.8478603466081, 22.7739428267225], [75.84795746144665, 22.77594465705314], [75.84800099420123, 22.777866197126283], [75.84779308440677, 22.781565954064337], [75.84769738371614, 22.782584391035304], [75.84770509404538, 22.782634031555503], [75.8477529961485, 22.782677045104162], [75.85057579298935, 22.782815311862297], [75.85489355449906, 22.78204954363359], [75.85498737314684, 22.7820742429682], [75.8550611941673, 22.78214141411595], [75.85521146599763, 22.782588193155465], [75.85575982866395, 22.784292035133113], [75.85613610787365, 22.78544036653085], [75.85651212172633, 22.7864827413104], [75.85659305823718, 22.78691661233435], [75.85665679076851, 22.787138300701162], [75.85685589917517, 22.787525649395793], [75.85743405895006, 22.78844146750966], [75.85768983561549, 22.789010253823832], [75.85799086755483, 22.78994517358088], [75.85803578154145, 22.790319348672313], [75.85805269411748, 22.79096710238694], [75.85789875676441, 22.792818334294832], [75.85923166138681, 22.79250196099662], [75.86037408654585, 22.792307826673124], [75.86094988743652, 22.792266781249648], [75.8617619600953, 22.792260408595414], [75.86257072261073, 22.79228539408562], [75.86346233208282, 22.7923473234531], [75.8638180918528, 22.792389478000104], [75.86432163764869, 22.792446457998977], [75.86462707666354, 22.792465036392795], [75.86573877183898, 22.79243543021749], [75.8656941724456, 22.791543577465912], [75.86752187712501, 22.791447292398505], [75.87077201110881, 22.7895221848328], [75.87445310945905, 22.787746494994252], [75.87450628163481, 22.7875296837849], [75.87447270128979, 22.787381456542743], [75.87447447181805, 22.78732300366913], [75.87449405172488, 22.787215855914013], [75.8747571772994, 22.78606993887557], [75.87485344157203, 22.785751631901466], [75.87490442397963, 22.785665177995828], [75.87495062258552, 22.785607655744915], [75.8750130437045, 22.785565807002122], [75.87506342112789, 22.78556015608792], [75.87521340199254, 22.78559940353584], [75.87544876780063, 22.78515761143992], [75.87705216420258, 22.78511339592634], [75.87641794427185, 22.78297318207796], [75.87600312121926, 22.781580501647124], [75.87555861656298, 22.78009945960772], [75.87514316177482, 22.778696481898407], [75.8744217714204, 22.77885661631772], [75.87199757081716, 22.779394606418887], [75.87153141827997, 22.778990940803904], [75.870909219281, 22.778465367487172], [75.87048983501603, 22.77810841478765], [75.8697447118022, 22.77746011683045], [75.86887670246446, 22.776710411724995], [75.86828199949554, 22.77623192021962], [75.86741398040317, 22.77549358823776], [75.86685014000047, 22.775010858477817], [75.86611430665806, 22.77437829969885], [75.86551199550179, 22.773864158254316], [75.86481992111632, 22.773295038303072], [75.86302147282123, 22.77174757708918]]]]}}, {"type": "Feature", "properties": {"tessellate": -1, "extrude": 0, "visibility": -1, "objectid": 74.0, "townname": "Indore", "towncensuscode2011": "802273", "town_lgd_code": 250901.0, "ward_lgd_code": 22648.0, "ward_lgd_name": "Gauree Nagar", "sourcewardcode": "20", "state": "Madhya Pradesh", "topology_cleaned": true, "cleaning_method": "vertex_cluster_snap_5m"}, "geometry": {"type": "MultiPolygon", "coordinates": [[[[75.85762050735882, 22.754655535923053], [75.85750695316663, 22.754750630964214], [75.85712350549754, 22.755921290052246], [75.85710352527417, 22.756090766242437], [75.85710348319034, 22.756271336354637], [75.85715148439314, 22.756378119900816], [75.85819406824517, 22.75820956341793], [75.8582814997069, 22.758422633795515], [75.858300135767, 22.758583772791802], [75.85805848599465, 22.75936263262377], [75.85658335540468, 22.75901555525467], [75.85610413649917, 22.758966004715177], [75.85585372416526, 22.758919110763426], [75.8556631303082, 22.758859069016786], [75.85552200111725, 22.758796774773884], [75.85527300788686, 22.7586648716603], [75.85517326542232, 22.75858564435631], [75.85471877952128, 22.758127845649128], [75.85463122826627, 22.75806679941685], [75.85452900231344, 22.75802660759191], [75.85437334238667, 22.758008109833167], [75.8527626034919, 22.75795050749428], [75.84971572313202, 22.758190948689247], [75.8498475571711, 22.75846728987418], [75.85023112134216, 22.75914525379845], [75.85045891054733, 22.75950265160718], [75.85422268098036, 22.764211251597953], [75.86302147282123, 22.77174757708918], [75.86403360356107, 22.770287700808204], [75.86497624931417, 22.768825665687807], [75.86521191886295, 22.76855466362424], [75.86536615575655, 22.76840713192777], [75.86550283769637, 22.76830251161007], [75.86624189113428, 22.767892018675347], [75.86652122811371, 22.76768816384084], [75.86856767807352, 22.765759702079386], [75.86882673776212, 22.765554327736787], [75.8693176399604, 22.76521427361475], [75.86757664382687, 22.765227357299935], [75.86758570299565, 22.765659084659184], [75.86612641699755, 22.765583633853613], [75.86610627301253, 22.764196818446216], [75.86487710765857, 22.764127785295734], [75.86489722151265, 22.763084004717918], [75.86371926544024, 22.76287015708331], [75.86219193318333, 22.762609590168807], [75.86179914238996, 22.76252101948808], [75.86157799382181, 22.762451303974146], [75.86120307320286, 22.76223012130305], [75.86107572939278, 22.762037230975828], [75.8607393735976, 22.75979452484316], [75.86110305481121, 22.75977774991758], [75.86102347876965, 22.75875221078686], [75.86119493685617, 22.75871145065794], [75.8612859424911, 22.758701565511647], [75.86133040615786, 22.758662935430497], [75.8613717337403, 22.75855910398647], [75.8613873089234, 22.75829372072586], [75.86142955657891, 22.75821237647647], [75.86262245136, 22.756779535964245], [75.86270688182445, 22.75601759787483], [75.8627097346533, 22.755929059047144], [75.86264867762986, 22.75484506725478], [75.86258178134509, 22.754056305384623], [75.86266003052255, 22.75393872468887], [75.8626931072214, 22.75380865142824], [75.86267449348672, 22.753434604929904], [75.86263159475493, 22.75331885285525], [75.86246986894824, 22.75306255660807], [75.8624304795711, 22.75263695342164], [75.86240890342225, 22.75208560489686], [75.86210554763632, 22.751204988720406], [75.86173774187559, 22.75035859327476], [75.86147133642697, 22.750508081321353], [75.86122681589684, 22.750590967984156], [75.86089914320796, 22.750630673027306], [75.86084108717347, 22.750629088990383], [75.8596704425856, 22.75056954306077], [75.85951259623594, 22.750573915389595], [75.85936464756854, 22.750603617079562], [75.85927687946894, 22.750663165164532], [75.8591708430322, 22.750744942350494], [75.85905434270528, 22.75089777523144], [75.85897187187895, 22.75108809269893], [75.85893418018158, 22.75125938066257], [75.8589106131263, 22.752599554799275], [75.85888478518815, 22.75326651059513], [75.85883741019182, 22.75344688359202], [75.85877975923451, 22.753557035003496], [75.8584211653494, 22.75401133596119], [75.8581409056538, 22.75429900786183], [75.85800050534733, 22.75441520407355], [75.85783712246246, 22.754531884933805], [75.85762050735882, 22.754655535923053]]]]}}, {"type": "Feature", "properties": {"tessellate": -1, "extrude": 0, "visibility": -1, "objectid": 75.0, "townname": "Indore", "towncensuscode2011": "802273", "town_lgd_code": 250901.0, "ward_lgd_code": 22649.0, "ward_lgd_name": "Shyaam Nagar", "sourcewardcode": "21", "state": "Madhya Pradesh", "topology_cleaned": true, "cleaning_method": "vertex_cluster_snap_5m"}, "geometry": {"type": "MultiPolygon", "coordinates": [[[[75.87024568618774, 22.763061174923227], [75.87005140067852, 22.763035225155566], [75.87000785707815, 22.762926795663986], [75.87005646893712, 22.762851286030745], [75.86985829345596, 22.76182676098449], [75.86981866750126, 22.761783166889064], [75.86979314184812, 22.76173597310889], [75.86967598231607, 22.761215137129792], [75.86921628232592, 22.761281232506835], [75.86904315405845, 22.76133519850849], [75.86723581932812, 22.761539595638222], [75.86720307371942, 22.76125893788858], [75.86701652470613, 22.76014374447881], [75.8677277377564, 22.760051628855862], [75.86766382135808, 22.75970890325525], [75.86958964752138, 22.759440083749013], [75.86964242614349, 22.75965360710024], [75.87001208488655, 22.759612119309747], [75.87006282894556, 22.75956586492955], [75.87017584236199, 22.759463086043088], [75.8702948439578, 22.759413840045102], [75.87076697573472, 22.759312535619557], [75.87157612783453, 22.75921462978332], [75.87143280347182, 22.75725697063804], [75.87137886991209, 22.756554588953644], [75.87084691301546, 22.756619908604534], [75.87062250989433, 22.755113797355804], [75.86990853364823, 22.75519582332707], [75.86982940789552, 22.75445112287783], [75.86954764634852, 22.754513178246853], [75.86869584737852, 22.754670561592494], [75.8680031023705, 22.75479853180287], [75.86619008866082, 22.75512389778655], [75.8645637256252, 22.755395119017845], [75.86401387198465, 22.75551064591248], [75.86376075446623, 22.755621495074642], [75.86357924398658, 22.755751196940263], [75.86342827972372, 22.755859686568716], [75.86328508957031, 22.755996407327384], [75.8631188676452, 22.756156828574788], [75.86262245136, 22.756779535964245], [75.86142955657891, 22.75821237647647], [75.8613873089234, 22.75829372072586], [75.8613717337403, 22.75855910398647], [75.86133040615786, 22.758662935430497], [75.8612859424911, 22.758701565511647], [75.86119493685617, 22.75871145065794], [75.86102347876965, 22.75875221078686], [75.86110305481121, 22.75977774991758], [75.8607393735976, 22.75979452484316], [75.86107572939278, 22.762037230975828], [75.86120307320286, 22.76223012130305], [75.86157799382181, 22.762451303974146], [75.86179914238996, 22.76252101948808], [75.86219193318333, 22.762609590168807], [75.86371926544024, 22.76287015708331], [75.86489722151265, 22.763084004717918], [75.86487710765857, 22.764127785295734], [75.86610627301253, 22.764196818446216], [75.86612641699755, 22.765583633853613], [75.86758570299565, 22.765659084659184], [75.86757664382687, 22.765227357299935], [75.8693176399604, 22.76521427361475], [75.86882673776212, 22.765554327736787], [75.86856767807352, 22.765759702079386], [75.86652122811371, 22.76768816384084], [75.86624189113428, 22.767892018675347], [75.86550283769637, 22.76830251161007], [75.86536615575655, 22.76840713192777], [75.86521191886295, 22.76855466362424], [75.86497624931417, 22.768825665687807], [75.86403360356107, 22.770287700808204], [75.86302147282123, 22.77174757708918], [75.86481992111632, 22.773295038303072], [75.86551199550179, 22.773864158254316], [75.86611430665806, 22.77437829969885], [75.86685014000047, 22.775010858477817], [75.86741398040317, 22.77549358823776], [75.86828199949554, 22.77623192021962], [75.86887670246446, 22.776710411724995], [75.8697447118022, 22.77746011683045], [75.87048983501603, 22.77810841478765], [75.870909219281, 22.778465367487172], [75.87153141827997, 22.778990940803904], [75.87199757081716, 22.779394606418887], [75.8744217714204, 22.77885661631772], [75.87514316177482, 22.778696481898407], [75.87506003258555, 22.77841583218342], [75.87506035935291, 22.778352509369288], [75.87509086670852, 22.778286491826503], [75.87522084007912, 22.778244679080412], [75.87531340663551, 22.77823333181856], [75.87547235635105, 22.778213851987754], [75.87568123690443, 22.77820313096984], [75.87630919784945, 22.77820980073839], [75.87868510122335, 22.77827423875745], [75.87951696614903, 22.778299284170785], [75.87960113259332, 22.778314853747997], [75.87964836920293, 22.77837434632419], [75.87965117566577, 22.778736145590052], [75.87969280987531, 22.7787726350117], [75.88130533814245, 22.77876689901027], [75.88272988479875, 22.77882559794399], [75.88248425147995, 22.778604746136196], [75.88234743192359, 22.77827841982385], [75.88231960733027, 22.777859716053683], [75.88230906639879, 22.777432335397478], [75.88234667499547, 22.77720630383954], [75.88264781455308, 22.775986003914497], [75.88266032677502, 22.77581105688033], [75.8826194488963, 22.77557407779317], [75.88243789264156, 22.775197865915864], [75.88201398654047, 22.774625262081774], [75.88189660183052, 22.774533323037474], [75.88161251965582, 22.774391178318236], [75.88071970330739, 22.77418446561254], [75.87976803647369, 22.774081318897853], [75.87879333291707, 22.773818319686068], [75.87856902406132, 22.773700319593157], [75.87844304409865, 22.773573829010974], [75.87835880063867, 22.77342398426948], [75.8782053617736, 22.772492175836916], [75.87799855340567, 22.771729035023988], [75.87782818932851, 22.771424658053242], [75.8776830432278, 22.77120992982507], [75.87729308625572, 22.770945149619383], [75.87689478281585, 22.770745903236513], [75.87661974520341, 22.770660516867956], [75.87644366590355, 22.77065028291056], [75.87618236409081, 22.77071765808357], [75.8758250951296, 22.770835150399453], [75.87570513067185, 22.77083391167356], [75.87562376654485, 22.770814033866362], [75.87554953139842, 22.770766476044216], [75.8754796362917, 22.770696853949953], [75.87539010637863, 22.770557334033022], [75.87531632364704, 22.770427934956516], [75.87504246480792, 22.769732633539476], [75.87470368362753, 22.768784402884346], [75.87437363156647, 22.767722488717602], [75.87420283668328, 22.767302487738103], [75.87401797940753, 22.76698373278806], [75.87301464463255, 22.765318032469597], [75.87273919376432, 22.76456790464782], [75.87264394668458, 22.764202047791162], [75.87245061306832, 22.763446285484346], [75.87225308198272, 22.763559680799975], [75.87179100110264, 22.763758039546683], [75.87120100229761, 22.763967392643483], [75.87059345191368, 22.764235463344864], [75.87024568618774, 22.763061174923227]]]]}}, {"type": "Feature", "properties": {"tessellate": -1, "extrude": 0, "visibility": -1, "objectid": 76.0, "townname": "Indore", "towncensuscode2011": "802273", "town_lgd_code": 250901.0, "ward_lgd_code": 22650.0, "ward_lgd_name": "P.Dee.D.Upaa. Nagar", "sourcewardcode": "22", "state": "Madhya Pradesh", "topology_cleaned": true, "cleaning_method": "vertex_cluster_snap_5m"}, "geometry": {"type": "MultiPolygon", "coordinates": [[[[75.87024568618774, 22.763061174923227], [75.87059345191368, 22.764235463344864], [75.87120100229761, 22.763967392643483], [75.87179100110264, 22.763758039546683], [75.87225308198272, 22.763559680799975], [75.87245061306832, 22.763446285484346], [75.87286647516056, 22.763093207810385], [75.87351912666801, 22.76252110293519], [75.87437124230709, 22.76176435324835], [75.874861988101, 22.761281743124954], [75.87508745899844, 22.761020267565225], [75.87534153191869, 22.760661982071507], [75.87563299981521, 22.76011957975491], [75.87571541368841, 22.759907936833805], [75.8760322353355, 22.759080585051247], [75.87607657811438, 22.758870957398436], [75.87615268433366, 22.758510485415265], [75.8762808414644, 22.758156412174674], [75.87643316616358, 22.75785026162993], [75.8767156352913, 22.757394984696745], [75.87722995476837, 22.75668785910251], [75.87772193230197, 22.756067029315304], [75.87818752461074, 22.755570185273097], [75.87857769944566, 22.755129578629305], [75.87835767978542, 22.75453506406366], [75.87789261108885, 22.754351180499082], [75.87727507943494, 22.754328649120477], [75.87614702454302, 22.75430954914577], [75.87615150403691, 22.753805484225452], [75.87453471568858, 22.754029511132934], [75.87398572513035, 22.75406404143503], [75.87396580914493, 22.754362780892937], [75.87392649927847, 22.75495050129566], [75.87307197085606, 22.75493846405325], [75.87307015386311, 22.755572047555997], [75.87282876860102, 22.755596762423217], [75.87305839498572, 22.757077910249887], [75.87143280347182, 22.75725697063804], [75.87157612783453, 22.75921462978332], [75.87076697573472, 22.759312535619557], [75.8702948439578, 22.759413840045102], [75.87017584236199, 22.759463086043088], [75.87006282894556, 22.75956586492955], [75.87001208488655, 22.759612119309747], [75.86964242614349, 22.75965360710024], [75.86958964752138, 22.759440083749013], [75.86766382135808, 22.75970890325525], [75.8677277377564, 22.760051628855862], [75.86701652470613, 22.76014374447881], [75.86720307371942, 22.76125893788858], [75.86723581932812, 22.761539595638222], [75.86904315405845, 22.76133519850849], [75.86921628232592, 22.761281232506835], [75.86967598231607, 22.761215137129792], [75.86979314184812, 22.76173597310889], [75.86981866750126, 22.761783166889064], [75.86985829345596, 22.76182676098449], [75.87005646893712, 22.762851286030745], [75.87000785707815, 22.762926795663986], [75.87005140067852, 22.763035225155566], [75.87024568618774, 22.763061174923227]]]]}}, {"type": "Feature", "properties": {"tessellate": -1, "extrude": 0, "visibility": -1, "objectid": 78.0, "townname": "Indore", "towncensuscode2011": "802273", "town_lgd_code": 250901.0, "ward_lgd_code": 22651.0, "ward_lgd_name": "Sv. Raajesh Joshee", "sourcewardcode": "23", "state": "Madhya Pradesh", "topology_cleaned": true, "cleaning_method": "vertex_cluster_snap_5m"}, "geometry": {"type": "MultiPolygon", "coordinates": [[[[75.86246986894824, 22.75306255660807], [75.86263159475493, 22.75331885285525], [75.86267449348672, 22.753434604929904], [75.8626931072214, 22.75380865142824], [75.86266003052255, 22.75393872468887], [75.86258178134509, 22.754056305384623], [75.86264867762986, 22.75484506725478], [75.8627097346533, 22.755929059047144], [75.86270688182445, 22.75601759787483], [75.86262245136, 22.756779535964245], [75.8631188676452, 22.756156828574788], [75.86328508957031, 22.755996407327384], [75.86342827972372, 22.755859686568716], [75.86357924398658, 22.755751196940263], [75.86376075446623, 22.755621495074642], [75.86401387198465, 22.75551064591248], [75.8645637256252, 22.755395119017845], [75.86619008866082, 22.75512389778655], [75.8680031023705, 22.75479853180287], [75.86869584737852, 22.754670561592494], [75.86954764634852, 22.754513178246853], [75.86982940789552, 22.75445112287783], [75.86959595427768, 22.75237435415216], [75.87505657741029, 22.749383788446877], [75.87425998368266, 22.74812425432269], [75.87402770808983, 22.747756979325455], [75.87402266555891, 22.74768383968201], [75.87408869563943, 22.74449871590664], [75.87396878944236, 22.743898045363427], [75.87178750751328, 22.745235465006196], [75.8707701379877, 22.74309143015565], [75.86931002295022, 22.74286244557073], [75.86896628308585, 22.743392023641952], [75.86895537693573, 22.743577078900945], [75.8690773952142, 22.744161031256567], [75.86877483385518, 22.7442263595026], [75.868839532204, 22.744786144251165], [75.86876259752077, 22.74483272128025], [75.86849402442448, 22.74499072348529], [75.8683431886892, 22.745070853169373], [75.8682536782127, 22.745146313596763], [75.86818206449932, 22.74523360028588], [75.86813351681086, 22.745318503353328], [75.86811308441146, 22.745398646800744], [75.86809259831371, 22.745516548494788], [75.86809000264279, 22.745629836471018], [75.8681053337805, 22.74572884521749], [75.86818978531046, 22.746132071221016], [75.86702046895493, 22.746385293664687], [75.86548981358978, 22.746651124642618], [75.86552883206798, 22.746722906313867], [75.8655530978762, 22.74680271695299], [75.86566396899862, 22.747458635110377], [75.86565315269648, 22.747565915505596], [75.8656370172477, 22.74764820329629], [75.86561803213414, 22.74769554879364], [75.86550140408069, 22.747888403095036], [75.86523098693407, 22.748157244979314], [75.8649900986918, 22.74833649976781], [75.86478736028496, 22.748465053172584], [75.86467326940763, 22.748519688161664], [75.86451264787931, 22.74854693389934], [75.86405211051827, 22.74858203480369], [75.86364647834164, 22.748659924996687], [75.8634688784369, 22.748713095891382], [75.86324501150291, 22.748796325557354], [75.86296197210774, 22.748948254473397], [75.86283517203418, 22.74905742587884], [75.86265775432062, 22.749248348297435], [75.86261483704041, 22.749300068218222], [75.86222223255588, 22.749902521700324], [75.86205898363905, 22.750101225719014], [75.86189205763516, 22.750257223284923], [75.86173774187559, 22.75035859327476], [75.86210554763632, 22.751204988720406], [75.86240890342225, 22.75208560489686], [75.8624304795711, 22.75263695342164], [75.86246986894824, 22.75306255660807]]]]}}, {"type": "Feature", "properties": {"tessellate": -1, "extrude": 0, "visibility": -1, "objectid": 77.0, "townname": "Indore", "towncensuscode2011": "802273", "town_lgd_code": 250901.0, "ward_lgd_code": 22652.0, "ward_lgd_name": "Sant Baaleejee Mahaaraaj", "sourcewardcode": "24", "state": "Madhya Pradesh", "topology_cleaned": true, "cleaning_method": "vertex_cluster_snap_5m"}, "geometry": {"type": "MultiPolygon", "coordinates": [[[[75.86445382635559, 22.73467172878302], [75.86379110430464, 22.73553326860563], [75.86464877795774, 22.736126526186993], [75.86512032398866, 22.73636190391734], [75.86541081850578, 22.73656339331951], [75.86559506778848, 22.736872950599302], [75.86566859326169, 22.737491856004556], [75.86563257182993, 22.73767912491796], [75.86551055933265, 22.73788167373979], [75.86527011898234, 22.738160199138157], [75.86488984434224, 22.738579673526267], [75.86475756497732, 22.738636574798907], [75.86437964760445, 22.738749906293464], [75.86420318522221, 22.73887352912295], [75.86391467102064, 22.7391581840112], [75.86368226354523, 22.739662127820004], [75.86353127016537, 22.73985625047576], [75.86262527129061, 22.74024025994004], [75.86237781326682, 22.740488377770095], [75.86227748235484, 22.740624324196702], [75.86225719768616, 22.740697420458154], [75.86226379219781, 22.74075510586466], [75.86233734664715, 22.741007994767763], [75.86237577126903, 22.741078786914724], [75.8624218058671, 22.741136259438854], [75.86256773478705, 22.74126753444739], [75.86282661650444, 22.741489432875934], [75.86445542940659, 22.74256233226728], [75.8645277715741, 22.742652632298537], [75.86455100204226, 22.74275385700639], [75.86384673551991, 22.744727766530936], [75.86382514567738, 22.744810083678605], [75.86382243324482, 22.74488985984157], [75.86396755140811, 22.745449031510987], [75.86404366593545, 22.74558149545927], [75.86413239134717, 22.74567504920705], [75.86548981358978, 22.746651124642618], [75.86702046895493, 22.746385293664687], [75.86818978531046, 22.746132071221016], [75.8681053337805, 22.74572884521749], [75.86809000264279, 22.745629836471018], [75.86809259831371, 22.745516548494788], [75.86811308441146, 22.745398646800744], [75.86813351681086, 22.745318503353328], [75.86818206449932, 22.74523360028588], [75.8682536782127, 22.745146313596763], [75.8683431886892, 22.745070853169373], [75.86849402442448, 22.74499072348529], [75.86876259752077, 22.74483272128025], [75.868839532204, 22.744786144251165], [75.86877483385518, 22.7442263595026], [75.8690773952142, 22.744161031256567], [75.86895537693573, 22.743577078900945], [75.86896628308585, 22.743392023641952], [75.86931002295022, 22.74286244557073], [75.8707701379877, 22.74309143015565], [75.87178750751328, 22.745235465006196], [75.87396878944236, 22.743898045363427], [75.87504094908246, 22.74322770965167], [75.87377190770016, 22.741483156677386], [75.87352998137278, 22.74164869942395], [75.87345261788789, 22.741673240469755], [75.87332997059549, 22.74168258257206], [75.87326082458706, 22.741666972091686], [75.87321101872585, 22.741614446411333], [75.87314539543206, 22.741540147292465], [75.87306568771625, 22.741486926830262], [75.87300571416435, 22.74147415667556], [75.87292785732234, 22.741482350432385], [75.87245692033622, 22.74151653812652], [75.87225029095177, 22.741581710250415], [75.87211503772704, 22.741599611258216], [75.87201575993339, 22.741593107370214], [75.87184487196521, 22.741566308607176], [75.87171846737951, 22.741520658989526], [75.87164805451897, 22.741474161846487], [75.87158902631997, 22.74142615728824], [75.87152158723217, 22.741341795582265], [75.87127090132144, 22.741047602874307], [75.87126493769806, 22.740997863542184], [75.87138530898925, 22.740337617181734], [75.87139126176689, 22.740285780438334], [75.87088299557607, 22.737416642424044], [75.87073655470164, 22.737005173899995], [75.86714443147841, 22.737537058810553], [75.86703214234058, 22.73698015040433], [75.8669408978344, 22.73648644913718], [75.86679336862987, 22.735684033550456], [75.86668273369756, 22.7350491607792], [75.86661748779999, 22.734601025229452], [75.86655588147663, 22.734266776256533], [75.86652124582541, 22.734055501067193], [75.8664862495441, 22.733926066976228], [75.8664521820322, 22.73382038468095], [75.86641600060486, 22.73375012327403], [75.86638750165423, 22.733709087196498], [75.86635805170968, 22.733671669476415], [75.86632079338555, 22.733631403509452], [75.86625929614027, 22.733584810303164], [75.8658462684964, 22.73335476428691], [75.86558551053714, 22.73320433163006], [75.86445382635559, 22.73467172878302]]]]}}, {"type": "Feature", "properties": {"tessellate": -1, "extrude": 0, "visibility": -1, "objectid": 79.0, "townname": "Indore", "towncensuscode2011": "802273", "town_lgd_code": 250901.0, "ward_lgd_code": 22653.0, "ward_lgd_name": "Nanda Nagar", "sourcewardcode": "25", "state": "Madhya Pradesh", "topology_cleaned": true, "cleaning_method": "vertex_cluster_snap_5m"}, "geometry": {"type": "MultiPolygon", "coordinates": [[[[75.87846486791776, 22.737219594914], [75.87696785941385, 22.73591595478853], [75.87618945463761, 22.737011591561245], [75.87616336861112, 22.737074694595467], [75.87620867087479, 22.73724580221154], [75.87617862160606, 22.73731353380787], [75.8760138559313, 22.73751325343963], [75.87591099699083, 22.737570905827507], [75.87585335832692, 22.73758811345973], [75.87459332613629, 22.737605041248163], [75.87442003896348, 22.737629023715325], [75.8743268822297, 22.737650490002345], [75.87418058456925, 22.73773800720805], [75.87410663381742, 22.737824134930502], [75.87408198293379, 22.737898701710183], [75.87408525807878, 22.73795432709047], [75.8741574044241, 22.738212366631068], [75.8742127683106, 22.73829679331553], [75.87484587613045, 22.738926722457723], [75.87484357447237, 22.738978223159027], [75.87481589859303, 22.739021191097976], [75.87429270779589, 22.739688341403827], [75.87409658309556, 22.740179770802616], [75.87411388874938, 22.740251804636674], [75.8741450284193, 22.74030935515165], [75.87425267191921, 22.74052890042235], [75.87428392258396, 22.740603883986253], [75.8743137039351, 22.740677520632474], [75.87432709466744, 22.740746459471755], [75.87435449521794, 22.74096635338431], [75.87435151125898, 22.741040756456332], [75.8743237232226, 22.741104455659276], [75.87420328059427, 22.7412000514915], [75.87377190770016, 22.741483156677386], [75.87504094908246, 22.74322770965167], [75.87396878944236, 22.743898045363427], [75.87408869563943, 22.74449871590664], [75.87402266555891, 22.74768383968201], [75.87402770808983, 22.747756979325455], [75.87425998368266, 22.74812425432269], [75.87761224179961, 22.74607616050968], [75.88341697307912, 22.742718946301203], [75.88311804772242, 22.742363254081152], [75.88238937665447, 22.741524954248472], [75.88091873344248, 22.739789702561257], [75.87949710979431, 22.738115048586096], [75.87846486791776, 22.737219594914]]]]}}, {"type": "Feature", "properties": {"tessellate": -1, "extrude": 0, "visibility": -1, "objectid": 80.0, "townname": "Indore", "towncensuscode2011": "802273", "town_lgd_code": 250901.0, "ward_lgd_code": 22654.0, "ward_lgd_name": "Jeen Maata", "sourcewardcode": "26", "state": "Madhya Pradesh", "topology_cleaned": true, "cleaning_method": "vertex_cluster_snap_5m"}, "geometry": {"type": "MultiPolygon", "coordinates": [[[[75.87794315752517, 22.73613208890421], [75.87790198968185, 22.73609022129296], [75.87785235329365, 22.7360336764024], [75.8776048781894, 22.735861602049983], [75.87723868311834, 22.735611320932826], [75.87696785941385, 22.73591595478853], [75.87846486791776, 22.737219594914], [75.87949710979431, 22.738115048586096], [75.88091873344248, 22.739789702561257], [75.8848777471965, 22.737192343135096], [75.88325687092775, 22.735124987434276], [75.88171348603733, 22.736159748146704], [75.88132658513736, 22.735642936925128], [75.88020116005124, 22.736421370120905], [75.87981920435301, 22.736554903505546], [75.87963259838915, 22.736490712542185], [75.87902937785668, 22.736896722678665], [75.87857218706392, 22.73645806534217], [75.8780771600855, 22.73614806372154], [75.87797991450819, 22.73616946423823], [75.87794315752517, 22.73613208890421]]]]}}, {"type": "Feature", "properties": {"tessellate": -1, "extrude": 0, "visibility": -1, "objectid": 81.0, "townname": "Indore", "towncensuscode2011": "802273", "town_lgd_code": 250901.0, "ward_lgd_code": 22655.0, "ward_lgd_name": "Pashupati Naath", "sourcewardcode": "27", "state": "Madhya Pradesh", "topology_cleaned": true, "cleaning_method": "vertex_cluster_snap_5m"}, "geometry": {"type": "MultiPolygon", "coordinates": [[[[75.88211156101957, 22.750815101229282], [75.882085577178, 22.750772699414696], [75.88205540093315, 22.750699247313573], [75.88203343615119, 22.74984159727596], [75.8820596903685, 22.749395132959812], [75.88207192872969, 22.749344480712658], [75.88214357490104, 22.74927850565592], [75.88249925032953, 22.749142311028248], [75.88286480595437, 22.74910397846824], [75.88323119408487, 22.749096713905725], [75.88327440169692, 22.749083828829335], [75.8833447963572, 22.7490353841407], [75.88340407855448, 22.748955114478576], [75.88362020852131, 22.748624847815343], [75.88370708682814, 22.748489414578998], [75.88372020041439, 22.748438667046255], [75.88372522018614, 22.748371162956925], [75.88373905059768, 22.748303158475466], [75.88376285361865, 22.748256326310276], [75.88380096567583, 22.74821591871686], [75.88436568398248, 22.747860055697227], [75.88392629759292, 22.74712422254229], [75.88476439173039, 22.7466636887518], [75.88346607613072, 22.744706924027174], [75.88457176636531, 22.744093067121014], [75.88341697307912, 22.742718946301203], [75.87761224179961, 22.74607616050968], [75.87425998368266, 22.74812425432269], [75.87505657741029, 22.749383788446877], [75.86959595427768, 22.75237435415216], [75.86982940789552, 22.75445112287783], [75.86990853364823, 22.75519582332707], [75.87062250989433, 22.755113797355804], [75.87084691301546, 22.756619908604534], [75.87137886991209, 22.756554588953644], [75.87143280347182, 22.75725697063804], [75.87305839498572, 22.757077910249887], [75.87282876860102, 22.755596762423217], [75.87307015386311, 22.755572047555997], [75.87307197085606, 22.75493846405325], [75.87392649927847, 22.75495050129566], [75.87396580914493, 22.754362780892937], [75.87398572513035, 22.75406404143503], [75.87453471568858, 22.754029511132934], [75.87615150403691, 22.753805484225452], [75.87614702454302, 22.75430954914577], [75.87727507943494, 22.754328649120477], [75.87789261108885, 22.754351180499082], [75.87835767978542, 22.75453506406366], [75.87831671233423, 22.754144613109887], [75.87826111852775, 22.753614321724037], [75.87873324838648, 22.753501612793016], [75.87920547423575, 22.753388811626248], [75.87915189498254, 22.753249908391194], [75.87947340592004, 22.752764964389723], [75.87969085131776, 22.752637756871053], [75.87988918098122, 22.75252167460539], [75.88054897473707, 22.75216448778691], [75.8812065428001, 22.751855637010973], [75.88136221774175, 22.751801212519588], [75.8814899010297, 22.7517861454733], [75.88211940503113, 22.75185484353929], [75.88217351433853, 22.75184840227206], [75.88226335399537, 22.75180960624162], [75.88231353218372, 22.751767325738665], [75.88246736888325, 22.75159358476456], [75.88249998075214, 22.751530625419576], [75.88252132143221, 22.751456617788048], [75.88252432626008, 22.75139373169249], [75.88250880032471, 22.751311617420246], [75.88244050068676, 22.751170899726286], [75.88239047356751, 22.751100176930404], [75.88211156101957, 22.750815101229282]]]]}}, {"type": "Feature", "properties": {"tessellate": -1, "extrude": 0, "visibility": -1, "objectid": 82.0, "townname": "Indore", "towncensuscode2011": "802273", "town_lgd_code": 250901.0, "ward_lgd_code": 22656.0, "ward_lgd_name": "Maam Tulaja Bhavaanee", "sourcewardcode": "28", "state": "Madhya Pradesh", "topology_cleaned": true, "cleaning_method": "vertex_cluster_snap_5m"}, "geometry": {"type": "MultiPolygon", "coordinates": [[[[75.89063279525982, 22.752148863862857], [75.89019560899756, 22.750046260031507], [75.89021217881454, 22.749777708068166], [75.88983622475074, 22.74821014483556], [75.88975079413494, 22.748147028631315], [75.88955856193625, 22.74810447001141], [75.88868250476108, 22.74794928194041], [75.88861846386729, 22.74789553072905], [75.88836035134553, 22.747122841032358], [75.88830009630978, 22.74678082660693], [75.8891036885771, 22.746936149344705], [75.88900504389224, 22.744559040429593], [75.88890338561454, 22.74332651528807], [75.88808516066354, 22.74340522623982], [75.88807863591803, 22.743284672325057], [75.8882243306428, 22.742923537139244], [75.88830447594273, 22.742832490847594], [75.88835625391367, 22.74272209102546], [75.88844167680955, 22.742227151106185], [75.8863052436597, 22.742005062532034], [75.88626550264023, 22.74139971216961], [75.88567970006243, 22.741365292905197], [75.88570358154577, 22.740809451651995], [75.88484925138758, 22.740769020163302], [75.88452309787435, 22.74076748380589], [75.8838036352994, 22.741088793645527], [75.88359805522286, 22.741149548330732], [75.88270132507968, 22.741331099622332], [75.88238937665447, 22.741524954248472], [75.88311804772242, 22.742363254081152], [75.88341697307912, 22.742718946301203], [75.88457176636531, 22.744093067121014], [75.88346607613072, 22.744706924027174], [75.88476439173039, 22.7466636887518], [75.88392629759292, 22.74712422254229], [75.88436568398248, 22.747860055697227], [75.88380096567583, 22.74821591871686], [75.88376285361865, 22.748256326310276], [75.88373905059768, 22.748303158475466], [75.88372522018614, 22.748371162956925], [75.88372020041439, 22.748438667046255], [75.88370708682814, 22.748489414578998], [75.88362020852131, 22.748624847815343], [75.88340407855448, 22.748955114478576], [75.8833447963572, 22.7490353841407], [75.88327440169692, 22.749083828829335], [75.88323119408487, 22.749096713905725], [75.88286480595437, 22.74910397846824], [75.88249925032953, 22.749142311028248], [75.88214357490104, 22.74927850565592], [75.88207192872969, 22.749344480712658], [75.8820596903685, 22.749395132959812], [75.88203343615119, 22.74984159727596], [75.88205540093315, 22.750699247313573], [75.882085577178, 22.750772699414696], [75.88211156101957, 22.750815101229282], [75.88239047356751, 22.751100176930404], [75.88244050068676, 22.751170899726286], [75.88250880032471, 22.751311617420246], [75.88252432626008, 22.75139373169249], [75.88252132143221, 22.751456617788048], [75.88249998075214, 22.751530625419576], [75.88246736888325, 22.75159358476456], [75.88231353218372, 22.751767325738665], [75.88226335399537, 22.75180960624162], [75.88217351433853, 22.75184840227206], [75.88211940503113, 22.75185484353929], [75.8814899010297, 22.7517861454733], [75.88136221774175, 22.751801212519588], [75.8812065428001, 22.751855637010973], [75.88054897473707, 22.75216448778691], [75.87988918098122, 22.75252167460539], [75.87969085131776, 22.752637756871053], [75.87947340592004, 22.752764964389723], [75.87915189498254, 22.753249908391194], [75.87920547423575, 22.753388811626248], [75.87873324838648, 22.753501612793016], [75.87826111852775, 22.753614321724037], [75.87831671233423, 22.754144613109887], [75.87835767978542, 22.75453506406366], [75.87857769944566, 22.755129578629305], [75.87894571777481, 22.754818896871882], [75.87934613178044, 22.75463964637878], [75.88010804818663, 22.75447132032756], [75.88086996259986, 22.754302990696363], [75.89063279525982, 22.752148863862857]]]]}}, {"type": "Feature", "properties": {"tessellate": -1, "extrude": 0, "visibility": -1, "objectid": 83.0, "townname": "Indore", "towncensuscode2011": "802273", "town_lgd_code": 250901.0, "ward_lgd_code": 22657.0, "ward_lgd_name": "Dr Shyaamaaprasaad Mukharjee Nagar", "sourcewardcode": "29", "state": "Madhya Pradesh", "topology_cleaned": true, "cleaning_method": "vertex_cluster_snap_5m"}, "geometry": {"type": "MultiPolygon", "coordinates": [[[[75.89801452515265, 22.759330271471864], [75.89347989274471, 22.744539497006212], [75.89315808901546, 22.74348516235826], [75.89067671224201, 22.74368798453026], [75.8907555018056, 22.744424816044912], [75.88900504389224, 22.744559040429593], [75.8891036885771, 22.746936149344705], [75.88830009630978, 22.74678082660693], [75.88836035134553, 22.747122841032358], [75.88861846386729, 22.74789553072905], [75.88868250476108, 22.74794928194041], [75.88955856193625, 22.74810447001141], [75.88975079413494, 22.748147028631315], [75.88983622475074, 22.74821014483556], [75.89021217881454, 22.749777708068166], [75.89019560899756, 22.750046260031507], [75.89063279525982, 22.752148863862857], [75.88086996259986, 22.754302990696363], [75.88010804818663, 22.75447132032756], [75.87934613178044, 22.75463964637878], [75.87894571777481, 22.754818896871882], [75.87937242905737, 22.755141825307657], [75.88010295314129, 22.75595636918277], [75.88083474377324, 22.75690630664418], [75.88093418407793, 22.75717936677802], [75.88098206071511, 22.757552344952085], [75.88098099280263, 22.761075659650945], [75.88100051296216, 22.762524258762458], [75.88782422850814, 22.761049318070317], [75.8895646868124, 22.76069204318116], [75.89273300367971, 22.76016950931101], [75.89674163756763, 22.759525851982428], [75.89801452515265, 22.759330271471864]]]]}}, {"type": "Feature", "properties": {"tessellate": -1, "extrude": 0, "visibility": -1, "objectid": 47.0, "townname": "Indore", "towncensuscode2011": "802273", "town_lgd_code": 250901.0, "ward_lgd_code": 22658.0, "ward_lgd_name": "Sant Ravidaas", "sourcewardcode": "30", "state": "Madhya Pradesh", "topology_cleaned": true, "cleaning_method": "vertex_cluster_snap_5m"}, "geometry": {"type": "MultiPolygon", "coordinates": [[[[75.89726370365531, 22.748343385349195], [75.90319088046074, 22.746964345247708], [75.90250941849266, 22.74120544772652], [75.90221175504023, 22.739001101370064], [75.90011780018621, 22.7390296214167], [75.90025454311323, 22.73793152749585], [75.90035273964432, 22.737059384174263], [75.89924774674881, 22.736985845007812], [75.8982601616376, 22.737040899941686], [75.89820981392086, 22.736429561069283], [75.89819218639529, 22.736190828611758], [75.89814481236368, 22.73545319209396], [75.89832138625346, 22.735143452952123], [75.8983434300121, 22.733881875559042], [75.89751957971423, 22.73379030316958], [75.89677431881023, 22.73377380116044], [75.89643490756987, 22.733812288799204], [75.89545590911519, 22.733971427826567], [75.8950244013481, 22.734013951331498], [75.89484385526056, 22.734013517050712], [75.89437037946506, 22.733936767556386], [75.89418450626414, 22.733910799027097], [75.89406775019702, 22.733896276833445], [75.89345151911861, 22.73383504687628], [75.8932533309543, 22.733802100379588], [75.89238003218124, 22.73356317892374], [75.89183523966894, 22.733405613557938], [75.8917338307528, 22.733391003999976], [75.89170229789715, 22.733402832475083], [75.89155593817225, 22.733553415758593], [75.8915225058626, 22.73359370867384], [75.89147815511245, 22.733677240116826], [75.89144644086163, 22.733772263275903], [75.89144141696136, 22.73383850302095], [75.89144058768557, 22.734071106805352], [75.89131512875156, 22.73475713848689], [75.89134482297817, 22.734951362523447], [75.89130470698383, 22.735087351890847], [75.89126609527588, 22.7351549532305], [75.89118193060668, 22.735270954351616], [75.89107954090629, 22.735384708476673], [75.89074942501449, 22.735566214695716], [75.89083225472832, 22.735845323614], [75.89315808901546, 22.74348516235826], [75.89347989274471, 22.744539497006212], [75.89584479855239, 22.743992225139095], [75.8959108519153, 22.74399600990764], [75.89595686846299, 22.74403350961999], [75.89670215798093, 22.746508784255443], [75.89599733232215, 22.746684997422744], [75.89596201900858, 22.74728850653483], [75.8954894862156, 22.747423398562095], [75.89562498613601, 22.74793616240504], [75.89610206077461, 22.747825452780067], [75.89704910841071, 22.747605604792206], [75.89726370365531, 22.748343385349195]]]]}}, {"type": "Feature", "properties": {"tessellate": -1, "extrude": 0, "visibility": -1, "objectid": 46.0, "townname": "Indore", "towncensuscode2011": "802273", "town_lgd_code": 250901.0, "ward_lgd_code": 22659.0, "ward_lgd_name": "Mahaaraaja Chhatrasaal", "sourcewardcode": "31", "state": "Madhya Pradesh", "topology_cleaned": true, "cleaning_method": "vertex_cluster_snap_5m"}, "geometry": {"type": "MultiPolygon", "coordinates": [[[[75.90373663642978, 22.750960411818184], [75.90319088046074, 22.746964345247708], [75.89726370365531, 22.748343385349195], [75.89704910841071, 22.747605604792206], [75.89610206077461, 22.747825452780067], [75.89562498613601, 22.74793616240504], [75.8954894862156, 22.747423398562095], [75.89596201900858, 22.74728850653483], [75.89599733232215, 22.746684997422744], [75.89670215798093, 22.746508784255443], [75.89595686846299, 22.74403350961999], [75.8959108519153, 22.74399600990764], [75.89584479855239, 22.743992225139095], [75.89347989274471, 22.744539497006212], [75.89801452515265, 22.759330271471864], [75.89997014758592, 22.7655219944103], [75.90170792907499, 22.771634973502213], [75.90303516866263, 22.771305085248137], [75.90389167674782, 22.771084892528794], [75.9042241063508, 22.770993312837906], [75.9043726025939, 22.770971153869013], [75.90528183254658, 22.770873593005263], [75.90723624817001, 22.770675605583744], [75.90882287426089, 22.77055448132821], [75.90732239571462, 22.766230923571715], [75.90620527200365, 22.762643341814773], [75.9057162322871, 22.76025212145884], [75.90422618085289, 22.754194141548787], [75.90373663642978, 22.750960411818184]]]]}}, {"type": "Feature", "properties": {"tessellate": -1, "extrude": 0, "visibility": -1, "objectid": 51.0, "townname": "Indore", "towncensuscode2011": "802273", "town_lgd_code": 250901.0, "ward_lgd_code": 22660.0, "ward_lgd_name": "Atal Bihaaree Baajapeyee", "sourcewardcode": "32", "state": "Madhya Pradesh", "topology_cleaned": true, "cleaning_method": "vertex_cluster_snap_5m"}, "geometry": {"type": "MultiPolygon", "coordinates": [[[[75.8938058530204, 22.765152581673142], [75.89680561448264, 22.76471401150837], [75.89693769252283, 22.765474565144086], [75.89772516599906, 22.765321456941624], [75.8977902770541, 22.765194449100477], [75.89862454857428, 22.76507837934959], [75.8987055861534, 22.765658559917018], [75.89997014758592, 22.7655219944103], [75.89801452515265, 22.759330271471864], [75.89674163756763, 22.759525851982428], [75.89273300367971, 22.76016950931101], [75.8895646868124, 22.76069204318116], [75.88782422850814, 22.761049318070317], [75.88100051296216, 22.762524258762458], [75.88102374642827, 22.762699370051617], [75.88109802680333, 22.762860650192994], [75.882536886646, 22.764959912107756], [75.88303276522623, 22.76573264951254], [75.88339975979761, 22.766304753835353], [75.88589311319551, 22.765749140787353], [75.88900214645403, 22.764970832449755], [75.88923231655173, 22.766521139699698], [75.89308057848926, 22.76594386117636], [75.89315584717158, 22.765940188235795], [75.8938058530204, 22.765152581673142]]]]}}, {"type": "Feature", "properties": {"tessellate": -1, "extrude": 0, "visibility": -1, "objectid": 52.0, "townname": "Indore", "towncensuscode2011": "802273", "town_lgd_code": 250901.0, "ward_lgd_code": 22661.0, "ward_lgd_name": "Sookhaliya", "sourcewardcode": "33", "state": "Madhya Pradesh", "topology_cleaned": true, "cleaning_method": "vertex_cluster_snap_5m"}, "geometry": {"type": "MultiPolygon", "coordinates": [[[[75.87245061306832, 22.763446285484346], [75.87264394668458, 22.764202047791162], [75.87273919376432, 22.76456790464782], [75.87301464463255, 22.765318032469597], [75.87401797940753, 22.76698373278806], [75.87420283668328, 22.767302487738103], [75.87437363156647, 22.767722488717602], [75.87470368362753, 22.768784402884346], [75.87504246480792, 22.769732633539476], [75.87531632364704, 22.770427934956516], [75.87539010637863, 22.770557334033022], [75.8754796362917, 22.770696853949953], [75.87554953139842, 22.770766476044216], [75.87562376654485, 22.770814033866362], [75.87570513067185, 22.77083391167356], [75.8758250951296, 22.770835150399453], [75.87618236409081, 22.77071765808357], [75.87644366590355, 22.77065028291056], [75.87661974520341, 22.770660516867956], [75.87689478281585, 22.770745903236513], [75.87729308625572, 22.770945149619383], [75.8776830432278, 22.77120992982507], [75.87782818932851, 22.771424658053242], [75.87799855340567, 22.771729035023988], [75.8782053617736, 22.772492175836916], [75.8808806805073, 22.772311407612694], [75.88168357033004, 22.77083379030569], [75.88152917748181, 22.770681624815293], [75.88140850108667, 22.77059223267738], [75.88127621882433, 22.770515731315275], [75.8811959667762, 22.770487088259017], [75.880998091296, 22.770465236814573], [75.88047688293084, 22.770452214674705], [75.88040436795211, 22.7704224897467], [75.88031316529356, 22.770334243964097], [75.87981209098362, 22.76957191511632], [75.87942513339543, 22.76843715922352], [75.87934674486543, 22.768212580021178], [75.87926897776839, 22.768054570262684], [75.87920362420319, 22.767903266810958], [75.87881952026052, 22.7671822932529], [75.87847042475887, 22.766609085904605], [75.87850807027644, 22.76657593854021], [75.8786243729551, 22.766581410791417], [75.88127915216697, 22.766708956347113], [75.88303276522623, 22.76573264951254], [75.882536886646, 22.764959912107756], [75.88109802680333, 22.762860650192994], [75.88102374642827, 22.762699370051617], [75.88100051296216, 22.762524258762458], [75.88098099280263, 22.761075659650945], [75.88098206071511, 22.757552344952085], [75.88093418407793, 22.75717936677802], [75.88083474377324, 22.75690630664418], [75.88010295314129, 22.75595636918277], [75.87937242905737, 22.755141825307657], [75.87894571777481, 22.754818896871882], [75.87857769944566, 22.755129578629305], [75.87818752461074, 22.755570185273097], [75.87772193230197, 22.756067029315304], [75.87722995476837, 22.75668785910251], [75.8767156352913, 22.757394984696745], [75.87643316616358, 22.75785026162993], [75.8762808414644, 22.758156412174674], [75.87615268433366, 22.758510485415265], [75.87607657811438, 22.758870957398436], [75.8760322353355, 22.759080585051247], [75.87571541368841, 22.759907936833805], [75.87563299981521, 22.76011957975491], [75.87534153191869, 22.760661982071507], [75.87508745899844, 22.761020267565225], [75.874861988101, 22.761281743124954], [75.87437124230709, 22.76176435324835], [75.87351912666801, 22.76252110293519], [75.87286647516056, 22.763093207810385], [75.87245061306832, 22.763446285484346]]]]}}, {"type": "Feature", "properties": {"tessellate": -1, "extrude": 0, "visibility": -1, "objectid": 50.0, "townname": "Indore", "towncensuscode2011": "802273", "town_lgd_code": 250901.0, "ward_lgd_code": 22662.0, "ward_lgd_name": "Shaheed BhagatSinh", "sourcewardcode": "34", "state": "Madhya Pradesh", "topology_cleaned": true, "cleaning_method": "vertex_cluster_snap_5m"}, "geometry": {"type": "MultiPolygon", "coordinates": [[[[75.88426284925735, 22.77935240261373], [75.88432980980556, 22.77938852461526], [75.88438856839167, 22.779406535837737], [75.88444714399377, 22.77941126963207], [75.88456016108776, 22.77939899069031], [75.88577296311037, 22.779174659677352], [75.88642001664171, 22.77912039187594], [75.88674499153598, 22.77904605186135], [75.88707280704155, 22.77894405462145], [75.88805838136919, 22.778485661496042], [75.88832987325475, 22.77832083495602], [75.88886620422305, 22.777806584436835], [75.88939597014175, 22.777377188014476], [75.8906557659869, 22.77656306950334], [75.89327467266946, 22.77469577840684], [75.89402894517148, 22.774177400669195], [75.89432316455655, 22.77400484928315], [75.89542561440406, 22.77352362632357], [75.8967183653678, 22.77321728823757], [75.89914513568364, 22.772450380093485], [75.90170792907499, 22.771634973502213], [75.89997014758592, 22.7655219944103], [75.8987055861534, 22.765658559917018], [75.89862454857428, 22.76507837934959], [75.8977902770541, 22.765194449100477], [75.89772516599906, 22.765321456941624], [75.89693769252283, 22.765474565144086], [75.89680561448264, 22.76471401150837], [75.8938058530204, 22.765152581673142], [75.89315584717158, 22.765940188235795], [75.89308057848926, 22.76594386117636], [75.88923231655173, 22.766521139699698], [75.88900214645403, 22.764970832449755], [75.88589311319551, 22.765749140787353], [75.88339975979761, 22.766304753835353], [75.88303276522623, 22.76573264951254], [75.88127915216697, 22.766708956347113], [75.8786243729551, 22.766581410791417], [75.87850807027644, 22.76657593854021], [75.87847042475887, 22.766609085904605], [75.87881952026052, 22.7671822932529], [75.87920362420319, 22.767903266810958], [75.87926897776839, 22.768054570262684], [75.87934674486543, 22.768212580021178], [75.87942513339543, 22.76843715922352], [75.87981209098362, 22.76957191511632], [75.88031316529356, 22.770334243964097], [75.88040436795211, 22.7704224897467], [75.88047688293084, 22.770452214674705], [75.880998091296, 22.770465236814573], [75.8811959667762, 22.770487088259017], [75.88127621882433, 22.770515731315275], [75.88140850108667, 22.77059223267738], [75.88152917748181, 22.770681624815293], [75.88168357033004, 22.77083379030569], [75.8808806805073, 22.772311407612694], [75.8782053617736, 22.772492175836916], [75.87835880063867, 22.77342398426948], [75.87844304409865, 22.773573829010974], [75.87856902406132, 22.773700319593157], [75.87879333291707, 22.773818319686068], [75.87976803647369, 22.774081318897853], [75.88071970330739, 22.77418446561254], [75.88161251965582, 22.774391178318236], [75.88189660183052, 22.774533323037474], [75.88201398654047, 22.774625262081774], [75.88243789264156, 22.775197865915864], [75.8826194488963, 22.77557407779317], [75.88266032677502, 22.77581105688033], [75.88264781455308, 22.775986003914497], [75.88234667499547, 22.77720630383954], [75.88230906639879, 22.777432335397478], [75.88231960733027, 22.777859716053683], [75.88234743192359, 22.77827841982385], [75.88248425147995, 22.778604746136196], [75.88272988479875, 22.77882559794399], [75.8834199750562, 22.77901038686161], [75.88361429050494, 22.779067392801707], [75.88381365509116, 22.77912184131217], [75.88402320231057, 22.779214532823584], [75.88416586885617, 22.77929856170068], [75.88426284925735, 22.77935240261373]]]]}}, {"type": "Feature", "properties": {"tessellate": -1, "extrude": 0, "visibility": -1, "objectid": 49.0, "townname": "Indore", "towncensuscode2011": "802273", "town_lgd_code": 250901.0, "ward_lgd_code": 22663.0, "ward_lgd_name": "Lasudiya Moree", "sourcewardcode": "35", "state": "Madhya Pradesh", "topology_cleaned": true, "cleaning_method": "vertex_cluster_snap_5m"}, "geometry": {"type": "MultiPolygon", "coordinates": [[[[75.88946899210715, 22.794872920363417], [75.88940805518409, 22.794760529440104], [75.88932106044757, 22.79468613170004], [75.88920168780807, 22.794606585010296], [75.88897973962519, 22.794318407704544], [75.88875190684458, 22.794099183990763], [75.88818833036032, 22.7937558207889], [75.88764852424568, 22.793426956545368], [75.88734171025989, 22.793286846954974], [75.88721455074503, 22.793177894707302], [75.88718495980784, 22.793076438966676], [75.88721139455528, 22.79291595760892], [75.8872220777435, 22.792850590176712], [75.88724063667051, 22.792737665777576], [75.88720211216575, 22.79261060623494], [75.88714293845383, 22.792529368105765], [75.88684337717481, 22.792305210974526], [75.88676551084747, 22.7922559628348], [75.88668434996772, 22.792149193263203], [75.88657649895742, 22.792042933318083], [75.88643883936354, 22.79175618052183], [75.88630615143535, 22.791439681641517], [75.88625088667521, 22.791134043620584], [75.88597536586946, 22.78975967921325], [75.88598738941896, 22.789464416441966], [75.88608852533828, 22.78893886106366], [75.88613190081108, 22.788083111697787], [75.88606179831092, 22.787787582408793], [75.88601684121393, 22.787659654873803], [75.88598494402578, 22.78741196850232], [75.8860013152672, 22.787246845993284], [75.88654067207123, 22.78725441810107], [75.88786517362, 22.787299894651944], [75.89237630198372, 22.787401546145613], [75.89407653268567, 22.78744468814664], [75.8945166957241, 22.787478713607943], [75.8950933206851, 22.787554246259077], [75.89570844589383, 22.787707334000523], [75.89606243122851, 22.787821509271737], [75.89641474394067, 22.787962882194602], [75.89667509092325, 22.788088873358415], [75.89712470619423, 22.788346312543005], [75.89768140184314, 22.788754900684157], [75.89820233671735, 22.78925103632137], [75.89869022230883, 22.789817270994316], [75.89936956727645, 22.790714022435246], [75.89999293201117, 22.79154081057023], [75.90212681098973, 22.794304835242563], [75.90197230530833, 22.795757204408513], [75.90190130182674, 22.79633760785009], [75.90177743467406, 22.796746143290022], [75.9015345265431, 22.797852961679286], [75.9010270464973, 22.799529353132474], [75.90077333413844, 22.800431726757267], [75.90024277189323, 22.801785772025966], [75.89992071114494, 22.80266694158105], [75.89983557264163, 22.802876894725458], [75.89974910960079, 22.803300663716954], [75.8995252198591, 22.804637077839637], [75.8994988360647, 22.805055720248014], [75.89958652932046, 22.805932228170732], [75.90000001125254, 22.805825835705967], [75.9000863655148, 22.8058155926833], [75.90022221467497, 22.805820155058882], [75.90046043393039, 22.80586460646886], [75.90069532250152, 22.805876648290532], [75.90102159772539, 22.805858455131], [75.90123462686849, 22.8058355721191], [75.90154243579806, 22.805824347274225], [75.90216505543789, 22.80584431071538], [75.90315089661996, 22.805863930743943], [75.90422991394573, 22.805976958127403], [75.90499788786697, 22.806142328219874], [75.90653617489238, 22.806516582280057], [75.90721812847603, 22.806756500154872], [75.9086466490335, 22.806899755388457], [75.90937287654144, 22.806968690378525], [75.91059405898933, 22.80706695267429], [75.91340846781085, 22.807416231333725], [75.91357665852516, 22.807390427219428], [75.91382771373958, 22.807357102323618], [75.91827885187875, 22.807277599109693], [75.91837112901803, 22.80724987867814], [75.91867676596294, 22.80698724903166], [75.91877896144993, 22.806913042373367], [75.91884427951052, 22.806846184153404], [75.91891532980846, 22.806747858554367], [75.9189674009818, 22.806652532840015], [75.91917203713545, 22.806192213431444], [75.91961705866697, 22.805111305573334], [75.91982907318138, 22.80456061430454], [75.9200099395018, 22.804232220270222], [75.92109743906882, 22.80228803393764], [75.92121635268913, 22.802121684489478], [75.92130330222483, 22.802055693951708], [75.92143623753165, 22.80200416117146], [75.92167859142334, 22.801939169189023], [75.92210525679887, 22.801899848291942], [75.92461166034205, 22.80202534291069], [75.92464420876463, 22.801347690875353], [75.92478479160934, 22.800047320220596], [75.92479943276656, 22.7998925026652], [75.92479074966025, 22.7997318586992], [75.92480462330386, 22.799203356746563], [75.92479476294143, 22.798868204997472], [75.92474189437637, 22.798367730551522], [75.924699588208, 22.797786531467803], [75.92469314513122, 22.797250198292463], [75.92468786053988, 22.796928930501185], [75.92466670687212, 22.79564151074921], [75.92490127265981, 22.793774053876728], [75.92531276085637, 22.792586827915592], [75.92697769085983, 22.788724287735555], [75.92843142714673, 22.78585431591133], [75.9301431268566, 22.782937031268546], [75.93074940518987, 22.78184151393625], [75.93085950587552, 22.781615230936165], [75.93095840652903, 22.781375012286155], [75.93108284279056, 22.780978918151895], [75.93165028712068, 22.778972480007198], [75.93175834276705, 22.77850295352651], [75.93187743753239, 22.777722632218797], [75.9321597143852, 22.775181576187226], [75.93218353460428, 22.774830781442763], [75.93218836262724, 22.774107492121335], [75.93215328795355, 22.7728299084038], [75.93174936652765, 22.77271899482269], [75.93131537141416, 22.772611688171438], [75.93111659650803, 22.772587826870655], [75.9308878447557, 22.7725675726468], [75.93041129060755, 22.77259058497974], [75.92906067171234, 22.772666650658767], [75.92763610975132, 22.772755780737377], [75.92710445863024, 22.772755437317088], [75.92533927765383, 22.77274598924037], [75.92452195525819, 22.772734827798285], [75.92171764410195, 22.772698114398565], [75.92017794328281, 22.772671589686567], [75.91952830923042, 22.772697012589095], [75.91842760588246, 22.772900809050455], [75.9173209372147, 22.773116194384276], [75.91692874991475, 22.773200105289117], [75.91648670537727, 22.77330101238782], [75.91617107385768, 22.77342783970786], [75.9159185039187, 22.773560537230875], [75.91573698702314, 22.773655882182986], [75.91525884276125, 22.77386520709842], [75.91490790475876, 22.773971097477222], [75.9133686567252, 22.7744100601833], [75.91319339493144, 22.77446507980365], [75.9125313949643, 22.774683307216414], [75.91207918931774, 22.774810184810534], [75.91201044921569, 22.7748294563921], [75.91157026944231, 22.77493386226128], [75.91136044151817, 22.774961888311783], [75.91103862746361, 22.77498043654737], [75.91036136004988, 22.77498321729347], [75.91007771228878, 22.77498438337497], [75.90919478414669, 22.774938560514972], [75.90764101418135, 22.774865476130138], [75.90679955522708, 22.774785892048328], [75.90569121746546, 22.77475379572276], [75.90448705998077, 22.774741113533715], [75.90402051692038, 22.774748183027395], [75.90337617100138, 22.774883712062614], [75.90279811078378, 22.775056259832056], [75.90170792907499, 22.771634973502213], [75.89914513568364, 22.772450380093485], [75.8967183653678, 22.77321728823757], [75.89542561440406, 22.77352362632357], [75.89432316455655, 22.77400484928315], [75.89402894517148, 22.774177400669195], [75.89327467266946, 22.77469577840684], [75.8906557659869, 22.77656306950334], [75.88939597014175, 22.777377188014476], [75.88886620422305, 22.777806584436835], [75.88832987325475, 22.77832083495602], [75.88805838136919, 22.778485661496042], [75.88707280704155, 22.77894405462145], [75.88674499153598, 22.77904605186135], [75.88642001664171, 22.77912039187594], [75.88577296311037, 22.779174659677352], [75.88456016108776, 22.77939899069031], [75.88444714399377, 22.77941126963207], [75.88438856839167, 22.779406535837737], [75.88432980980556, 22.77938852461526], [75.88426284925735, 22.77935240261373], [75.88416586885617, 22.77929856170068], [75.88402320231057, 22.779214532823584], [75.88381365509116, 22.77912184131217], [75.88361429050494, 22.779067392801707], [75.8834199750562, 22.77901038686161], [75.88272988479875, 22.77882559794399], [75.88130533814245, 22.77876689901027], [75.87969280987531, 22.7787726350117], [75.87965117566577, 22.778736145590052], [75.87964836920293, 22.77837434632419], [75.87960113259332, 22.778314853747997], [75.87951696614903, 22.778299284170785], [75.87868510122335, 22.77827423875745], [75.87630919784945, 22.77820980073839], [75.87568123690443, 22.77820313096984], [75.87547235635105, 22.778213851987754], [75.87531340663551, 22.77823333181856], [75.87522084007912, 22.778244679080412], [75.87509086670852, 22.778286491826503], [75.87506035935291, 22.778352509369288], [75.87506003258555, 22.77841583218342], [75.87514316177482, 22.778696481898407], [75.87555861656298, 22.78009945960772], [75.87600312121926, 22.781580501647124], [75.87641794427185, 22.78297318207796], [75.87705216420258, 22.78511339592634], [75.87812086358096, 22.788846884095673], [75.87863170917272, 22.79057676927858], [75.87909589373307, 22.79212281811078], [75.8792606150067, 22.79266677671646], [75.87930711115517, 22.792898666771954], [75.87936629785644, 22.79307376002007], [75.87941814330566, 22.793182682322467], [75.8795215490623, 22.793310470106604], [75.88002978128544, 22.79382308575545], [75.88007171111036, 22.793874522758365], [75.88010509817944, 22.793930704013224], [75.8801155388532, 22.793993967241075], [75.88010626183068, 22.79411198850179], [75.88007029575296, 22.79426113998255], [75.87999925483376, 22.794447881316117], [75.87998672271448, 22.79462797675471], [75.87999712601088, 22.795277386976963], [75.88018181728786, 22.796608905331766], [75.88020341883214, 22.796680597879682], [75.88024747955991, 22.796714770142422], [75.88030515613355, 22.796730078746496], [75.88059002599579, 22.79674503628852], [75.8807209422908, 22.79675659813264], [75.88079771830647, 22.796787699027885], [75.88085058099252, 22.796857412232907], [75.88091668100321, 22.796940330699403], [75.8817836800791, 22.797154135979095], [75.88186078328653, 22.79752378851441], [75.88187361631641, 22.7976558692169], [75.88193718440529, 22.79808711073081], [75.88204134629859, 22.79883111840095], [75.88202330267025, 22.79894918815871], [75.88196118757833, 22.799016465661165], [75.88186112747097, 22.799061461010623], [75.88161998697646, 22.79913578037372], [75.88149832321844, 22.799199864073547], [75.88144256699753, 22.799271261374475], [75.88140928260562, 22.79935256099254], [75.8810565611445, 22.80027162280525], [75.8809557302971, 22.80048490520137], [75.88059842349526, 22.801009614010226], [75.87980780704565, 22.80268127504045], [75.87954087577985, 22.803474663922756], [75.87936059489913, 22.803788016725477], [75.87912500100752, 22.804166530704673], [75.87885102662672, 22.804759065151003], [75.8786367189019, 22.805874637708612], [75.87853299088113, 22.80676179036925], [75.87851466701126, 22.80736863248266], [75.87848517341028, 22.808497638724315], [75.8786172564705, 22.808978094259277], [75.87924923623675, 22.810758068339272], [75.8796410918132, 22.812817307114635], [75.87977655960435, 22.813929594536084], [75.88004196719297, 22.81395048575573], [75.8801404657894, 22.81397157567931], [75.88034714279789, 22.814034116247157], [75.88038977497554, 22.814057366324953], [75.88043673210757, 22.814101639174286], [75.88053998027965, 22.814247672880395], [75.8805674417526, 22.81433613397988], [75.88057535636321, 22.814422941652477], [75.88056288165538, 22.814505887494427], [75.8805260075681, 22.814605362861045], [75.88051531985343, 22.814670729822513], [75.88052311089413, 22.81479136641231], [75.88070968207705, 22.81595467708697], [75.88073333147011, 22.8167836766966], [75.88103348810203, 22.816775242956325], [75.88111090822602, 22.816798661803517], [75.88150788246236, 22.81678445277579], [75.8819376855087, 22.816768977143592], [75.88298221474595, 22.816675032255684], [75.88314952463502, 22.816645832214718], [75.88350006214012, 22.81654759861067], [75.88501291195888, 22.81581006917068], [75.88559254445296, 22.815549231165996], [75.88631110905638, 22.815135865890568], [75.88770538613586, 22.81411886081821], [75.88797777681573, 22.81384147886635], [75.88825880723446, 22.813363969700045], [75.88840087404155, 22.81292887631845], [75.88843088651232, 22.81249350413725], [75.8883693145322, 22.81202892416748], [75.8882123946482, 22.811480508216928], [75.88789221646083, 22.810728045044318], [75.88778050297685, 22.81040411521341], [75.88739557892076, 22.808981318502095], [75.88729858471642, 22.808688108453385], [75.88724799629227, 22.808474310247806], [75.88725730509948, 22.80825674615436], [75.88728270891454, 22.808102232462016], [75.887439556705, 22.807813390471374], [75.88761143338449, 22.807573513316562], [75.88771907187451, 22.80746442881447], [75.88784282637539, 22.807361487192598], [75.88806009747836, 22.807210601830835], [75.88823898934044, 22.807136348372026], [75.88846207718328, 22.807071242634553], [75.88861534116627, 22.807056658404605], [75.8889178122808, 22.807078006040665], [75.8891015411309, 22.80710362853698], [75.88920568965538, 22.807102596015532], [75.88927110967735, 22.807094191827026], [75.88935570393548, 22.80706770517579], [75.88942892264352, 22.80701490587856], [75.88949571245276, 22.80691733923577], [75.889719799017, 22.806435990166207], [75.88986040027245, 22.806182013250563], [75.88991760207377, 22.80609344252712], [75.89002069954047, 22.805975710292877], [75.89011057029796, 22.805906694008424], [75.89024050790508, 22.80584115743721], [75.89033721630616, 22.80578985249568], [75.8905050827205, 22.80566868705548], [75.8905768634584, 22.80560469448954], [75.89061959249489, 22.805553058600513], [75.89065359583768, 22.805493070850304], [75.8906845788651, 22.805418105353592], [75.89071244473249, 22.80532825298192], [75.89072406894199, 22.805242917467222], [75.89071443386923, 22.805094651083813], [75.89070175641622, 22.805017942260914], [75.89067377294131, 22.80495477796492], [75.89059068080391, 22.804822368176243], [75.89040196906745, 22.804584230989974], [75.89035835584886, 22.8044997459409], [75.89028107654431, 22.8043021762879], [75.89025460119838, 22.804231144858285], [75.89013857598542, 22.80369334138129], [75.89002380388042, 22.803423356338815], [75.88993344867374, 22.803282495756154], [75.88983726737565, 22.803159643107897], [75.8896698845679, 22.802994733056675], [75.88958334377548, 22.80293108229813], [75.88935639194962, 22.802789989789687], [75.88924312057712, 22.802705892910602], [75.88909332998593, 22.802564279322368], [75.8889975213226, 22.802453618468522], [75.88890205998169, 22.80236644117068], [75.88883028057398, 22.8022953007018], [75.88879112333164, 22.802236624428197], [75.88874624575254, 22.802122156666563], [75.8887281719012, 22.802054420279003], [75.88867913074726, 22.801913870598955], [75.88859428957102, 22.801789102176187], [75.88836959135854, 22.80152176072266], [75.88800720390881, 22.8010627396609], [75.88796457492344, 22.801024496865622], [75.88789821474658, 22.800977579117], [75.88776815873673, 22.800926544689755], [75.8876322295668, 22.800871252215398], [75.887517384164, 22.800799447540868], [75.88735059332794, 22.800710046694928], [75.8872028148478, 22.800607713152452], [75.88713600667633, 22.80055171948913], [75.88697336374689, 22.80042571186355], [75.88687565465011, 22.800306930572102], [75.88683403342044, 22.80024366068591], [75.88672507062364, 22.800011759490115], [75.88662077782664, 22.7997486686891], [75.88657592662202, 22.799547484101584], [75.88656839921633, 22.799407967444207], [75.88657363106488, 22.799298007802154], [75.88663462527774, 22.798952340400078], [75.88666340364786, 22.79877739350958], [75.88667708638299, 22.798693672648984], [75.88670116283797, 22.798650361448015], [75.88675825708636, 22.798598014387927], [75.88682054817308, 22.798565872134727], [75.88692514917066, 22.79854541799095], [75.8871375574575, 22.798563386256948], [75.88728982117824, 22.798561274515535], [75.88735239331595, 22.798549996522897], [75.887489694468, 22.798494041360726], [75.88759052468855, 22.79840283490008], [75.88771972062224, 22.79828382976454], [75.88778868860439, 22.79823719731311], [75.88805943121332, 22.79811618439566], [75.88827025775409, 22.798040488680535], [75.88839993772835, 22.797996317989757], [75.88845488211462, 22.797965661306353], [75.88853611190133, 22.797886893390547], [75.88863766546606, 22.797757156893027], [75.88868021080889, 22.797677430188127], [75.88874742200977, 22.797480138160875], [75.88877151761231, 22.797349749288465], [75.8887785567318, 22.79705297890419], [75.8888290721072, 22.79663980295336], [75.88891047063919, 22.79637685283532], [75.888939426824, 22.79630497011069], [75.88908968027272, 22.79596323041148], [75.88922888285177, 22.795720281928897], [75.8893188021654, 22.79561463743828], [75.88943026654495, 22.795391083564585], [75.88945263766533, 22.79531038522012], [75.88948880989912, 22.79507442445764], [75.88949106504559, 22.794971527000868], [75.88946899210715, 22.794872920363417]]]]}}, {"type": "Feature", "properties": {"tessellate": -1, "extrude": 0, "visibility": -1, "objectid": 48.0, "townname": "Indore", "towncensuscode2011": "802273", "town_lgd_code": 250901.0, "ward_lgd_code": 22664.0, "ward_lgd_name": "Nepaaniya", "sourcewardcode": "36", "state": "Madhya Pradesh", "topology_cleaned": true, "cleaning_method": "vertex_cluster_snap_5m"}, "geometry": {"type": "MultiPolygon", "coordinates": [[[[75.94261489670984, 22.7706153976062], [75.94250078229784, 22.76941605781503], [75.94391996530041, 22.769429983100245], [75.9444399703818, 22.765290044558924], [75.94473997851087, 22.76170999649913], [75.94449003119466, 22.755220013643356], [75.94422327196419, 22.753846157417364], [75.94358314004914, 22.753525209268677], [75.94258648470957, 22.753052442947624], [75.94167989972351, 22.75270397338523], [75.94082623509952, 22.752459697103674], [75.93990793063129, 22.75213377810299], [75.9394907702052, 22.751958646186313], [75.93853831946561, 22.751437809875572], [75.93694987342207, 22.750640409459276], [75.93465624214579, 22.749542893033304], [75.934492505873, 22.74949660904592], [75.93437292662374, 22.74949902482489], [75.9328830326368, 22.7496406971929], [75.93091758540157, 22.749812587950625], [75.92797170912662, 22.750144977351738], [75.92728287752684, 22.75024842989243], [75.9264104641492, 22.750467752468552], [75.9257938594932, 22.7506527984456], [75.9252181645154, 22.75096903379562], [75.9214825569999, 22.752065996050945], [75.92045672511077, 22.75240116056414], [75.92005789698354, 22.752531454794347], [75.91959204360714, 22.752659062779422], [75.91896267271821, 22.752816786636693], [75.91857692938987, 22.752850620811557], [75.91762963171347, 22.75290141141915], [75.91742402521689, 22.755860599251108], [75.91460539943309, 22.75568499777159], [75.91221677769188, 22.75600776594901], [75.9116885090962, 22.756111318969065], [75.91077856171326, 22.756378917384634], [75.90974893186997, 22.756708526075396], [75.90869583356564, 22.757039526397023], [75.90880884201286, 22.757426576280604], [75.9083904590815, 22.75756417959952], [75.90884978426479, 22.75900692358963], [75.90790909424827, 22.759283623782515], [75.9081240106618, 22.76038215960692], [75.90726710135445, 22.760397780002044], [75.90798386083073, 22.763020116901902], [75.90856821316227, 22.766736365569805], [75.9091193892592, 22.76870294380569], [75.90977412418017, 22.77049305837296], [75.90882287426089, 22.77055448132821], [75.90723624817001, 22.770675605583744], [75.90528183254658, 22.770873593005263], [75.9043726025939, 22.770971153869013], [75.9042241063508, 22.770993312837906], [75.90389167674782, 22.771084892528794], [75.90303516866263, 22.771305085248137], [75.90170792907499, 22.771634973502213], [75.90279811078378, 22.775056259832056], [75.90337617100138, 22.774883712062614], [75.90402051692038, 22.774748183027395], [75.90448705998077, 22.774741113533715], [75.90569121746546, 22.77475379572276], [75.90679955522708, 22.774785892048328], [75.90764101418135, 22.774865476130138], [75.90919478414669, 22.774938560514972], [75.91007771228878, 22.77498438337497], [75.91036136004988, 22.77498321729347], [75.91103862746361, 22.77498043654737], [75.91136044151817, 22.774961888311783], [75.91157026944231, 22.77493386226128], [75.91201044921569, 22.7748294563921], [75.91207918931774, 22.774810184810534], [75.9125313949643, 22.774683307216414], [75.91319339493144, 22.77446507980365], [75.9133686567252, 22.7744100601833], [75.91490790475876, 22.773971097477222], [75.91525884276125, 22.77386520709842], [75.91573698702314, 22.773655882182986], [75.9159185039187, 22.773560537230875], [75.91617107385768, 22.77342783970786], [75.91648670537727, 22.77330101238782], [75.91692874991475, 22.773200105289117], [75.9173209372147, 22.773116194384276], [75.91842760588246, 22.772900809050455], [75.91952830923042, 22.772697012589095], [75.92017794328281, 22.772671589686567], [75.92171764410195, 22.772698114398565], [75.92452195525819, 22.772734827798285], [75.92533927765383, 22.77274598924037], [75.92710445863024, 22.772755437317088], [75.92763610975132, 22.772755780737377], [75.92906067171234, 22.772666650658767], [75.93041129060755, 22.77259058497974], [75.9308878447557, 22.7725675726468], [75.93111659650803, 22.772587826870655], [75.93131537141416, 22.772611688171438], [75.93174936652765, 22.77271899482269], [75.93215328795355, 22.7728299084038], [75.93218836262724, 22.774107492121335], [75.93218353460428, 22.774830781442763], [75.9321597143852, 22.775181576187226], [75.93187743753239, 22.777722632218797], [75.93175834276705, 22.77850295352651], [75.93165028712068, 22.778972480007198], [75.93108284279056, 22.780978918151895], [75.93095840652903, 22.781375012286155], [75.93085950587552, 22.781615230936165], [75.93074940518987, 22.78184151393625], [75.9301431268566, 22.782937031268546], [75.92843142714673, 22.78585431591133], [75.92697769085983, 22.788724287735555], [75.92531276085637, 22.792586827915592], [75.92490127265981, 22.793774053876728], [75.92466670687212, 22.79564151074921], [75.92468786053988, 22.796928930501185], [75.92469314513122, 22.797250198292463], [75.924699588208, 22.797786531467803], [75.92474189437637, 22.798367730551522], [75.92479476294143, 22.798868204997472], [75.92480462330386, 22.799203356746563], [75.92479074966025, 22.7997318586992], [75.92479943276656, 22.7998925026652], [75.92478479160934, 22.800047320220596], [75.92464420876463, 22.801347690875353], [75.92461166034205, 22.80202534291069], [75.9264660379771, 22.8021737375369], [75.92714633102216, 22.802281880772988], [75.92841968854891, 22.802536423637328], [75.92933305969056, 22.802691525759652], [75.93157520965605, 22.803168743445152], [75.93257745022893, 22.803453741513184], [75.93390853741369, 22.80391312801625], [75.93486946256485, 22.804224458223572], [75.93568266351609, 22.804475045697288], [75.93609063684319, 22.804480238441347], [75.93744959990319, 22.8044966423321], [75.9392172419083, 22.80446483127201], [75.94132713266852, 22.804444348860343], [75.94338486006804, 22.804475092228373], [75.94362023721001, 22.8044874291723], [75.94375916310116, 22.804387155672718], [75.94386440886707, 22.80422059999467], [75.94416470497342, 22.80343143223307], [75.94454827375166, 22.80215797349515], [75.94486322217423, 22.801121128397167], [75.94496068852362, 22.80073114646462], [75.94507453856723, 22.799962050720833], [75.94517324114383, 22.799214633057005], [75.94523277342596, 22.798763272004397], [75.94601771316971, 22.795414941979285], [75.94637146339666, 22.79390580883404], [75.9468820441881, 22.79099854813308], [75.94706333595738, 22.789939638800096], [75.94753483156875, 22.787836889569228], [75.94792700309793, 22.78623954473078], [75.94794613233547, 22.78615307731986], [75.94791469644944, 22.78606573609465], [75.94787537881896, 22.786029025477035], [75.94665829335354, 22.785709264042673], [75.94589819103048, 22.785573131493976], [75.94497120255234, 22.785449094239397], [75.9444536032213, 22.785416660237303], [75.9437432539724, 22.785460247011635], [75.94368912071656, 22.785450450461312], [75.94363677089497, 22.78540252481216], [75.94362678038304, 22.78535218072683], [75.94361901377606, 22.782835319228376], [75.94469448058993, 22.78269608218049], [75.94493273682522, 22.7826651339621], [75.94518410283133, 22.782628236391474], [75.94528782357409, 22.7826104595479], [75.94547447239079, 22.782483797319856], [75.94553634209717, 22.78235832602659], [75.94560804402958, 22.78216125644747], [75.94564592295636, 22.781834043598465], [75.94562483405589, 22.781516213044075], [75.94505496485114, 22.77706089338704], [75.94494581292362, 22.774690781749577], [75.94500183328304, 22.774536711169066], [75.94509331308588, 22.774354790111516], [75.94524825656406, 22.77413789737848], [75.94532198893887, 22.773981553907614], [75.9453382567131, 22.77347254750773], [75.94517711910166, 22.77165826259134], [75.94475883441729, 22.77173986668138], [75.94439853768627, 22.77176945874183], [75.94372840086987, 22.771786249065155], [75.94351747511455, 22.77058992169618], [75.94350774213281, 22.77053433690953], [75.94261489670984, 22.7706153976062]]]]}}, {"type": "Feature", "properties": {"tessellate": -1, "extrude": 0, "visibility": -1, "objectid": 45.0, "townname": "Indore", "towncensuscode2011": "802273", "town_lgd_code": 250901.0, "ward_lgd_code": 22665.0, "ward_lgd_name": "Saamee Kripa", "sourcewardcode": "37", "state": "Madhya Pradesh", "topology_cleaned": true, "cleaning_method": "vertex_cluster_snap_5m"}, "geometry": {"type": "MultiPolygon", "coordinates": [[[[75.90688486017055, 22.739141305779622], [75.9065886722983, 22.7401093308848], [75.90644873202739, 22.740715061052786], [75.90467038812186, 22.740952227990533], [75.90481158245997, 22.73915974346118], [75.90488937604337, 22.73773688451941], [75.90486287899517, 22.73665533879286], [75.904773255054, 22.73573285928008], [75.90457869790913, 22.73576413071794], [75.90430367086645, 22.735775623476876], [75.90396357990747, 22.735785135242946], [75.90316316936591, 22.735795080532352], [75.90190346827647, 22.73569515421858], [75.89978503033646, 22.734355584093407], [75.89950349973383, 22.734250850912694], [75.89914195871692, 22.734121817062427], [75.8983434300121, 22.733881875559042], [75.89832138625346, 22.735143452952123], [75.89814481236368, 22.73545319209396], [75.89819218639529, 22.736190828611758], [75.89820981392086, 22.736429561069283], [75.8982601616376, 22.737040899941686], [75.89924774674881, 22.736985845007812], [75.90035273964432, 22.737059384174263], [75.90025454311323, 22.73793152749585], [75.90011780018621, 22.7390296214167], [75.90221175504023, 22.739001101370064], [75.90250941849266, 22.74120544772652], [75.90319088046074, 22.746964345247708], [75.90373663642978, 22.750960411818184], [75.90422618085289, 22.754194141548787], [75.9057162322871, 22.76025212145884], [75.90620527200365, 22.762643341814773], [75.90732239571462, 22.766230923571715], [75.90882287426089, 22.77055448132821], [75.90977412418017, 22.77049305837296], [75.9091193892592, 22.76870294380569], [75.90856821316227, 22.766736365569805], [75.90798386083073, 22.763020116901902], [75.90726710135445, 22.760397780002044], [75.9081240106618, 22.76038215960692], [75.90790909424827, 22.759283623782515], [75.90884978426479, 22.75900692358963], [75.9083904590815, 22.75756417959952], [75.90880884201286, 22.757426576280604], [75.90869583356564, 22.757039526397023], [75.90974893186997, 22.756708526075396], [75.91077856171326, 22.756378917384634], [75.9116885090962, 22.756111318969065], [75.91221677769188, 22.75600776594901], [75.91460539943309, 22.75568499777159], [75.91742402521689, 22.755860599251108], [75.91762963171347, 22.75290141141915], [75.91857692938987, 22.752850620811557], [75.91896267271821, 22.752816786636693], [75.91959204360714, 22.752659062779422], [75.92005789698354, 22.752531454794347], [75.92045672511077, 22.75240116056414], [75.9214825569999, 22.752065996050945], [75.9252181645154, 22.75096903379562], [75.92409113604614, 22.749533907085695], [75.92323828091016, 22.74859119674225], [75.9228362966589, 22.74790141831442], [75.92208675207051, 22.74632887183512], [75.92078866000563, 22.746605178605968], [75.91754924002579, 22.74729460196845], [75.91738223000343, 22.746114778186353], [75.91733836903644, 22.745934281358288], [75.91728176784174, 22.745858549189975], [75.91722516671025, 22.745782816998855], [75.91681259586949, 22.744711983996183], [75.91662538468043, 22.744298266488446], [75.91659049668674, 22.7441633341451], [75.91655698569515, 22.743782156437376], [75.91652658512498, 22.74344386723873], [75.91312394694644, 22.743803711417982], [75.91317742391945, 22.744201215910234], [75.9121447407286, 22.74436437849482], [75.9117256204397, 22.742886815469458], [75.91099090753487, 22.740883798113238], [75.90981741114547, 22.74123581364751], [75.90888799888498, 22.741520582313996], [75.9088438586968, 22.741281189540643], [75.90883012954563, 22.7411194877018], [75.90880086719126, 22.7407736022509], [75.90870533599781, 22.740214283980013], [75.90863907861984, 22.739855240081123], [75.90851244280967, 22.73949608778715], [75.90842528116376, 22.73915667375157], [75.90835021566318, 22.73886452349881], [75.90688486017055, 22.739141305779622]]]]}}, {"type": "Feature", "properties": {"tessellate": -1, "extrude": 0, "visibility": -1, "objectid": 84.0, "townname": "Indore", "towncensuscode2011": "802273", "town_lgd_code": 250901.0, "ward_lgd_code": 22666.0, "ward_lgd_name": "Haajee Colony", "sourcewardcode": "38", "state": "Madhya Pradesh", "topology_cleaned": true, "cleaning_method": "vertex_cluster_snap_5m"}, "geometry": {"type": "MultiPolygon", "coordinates": [[[[75.9065822778619, 22.73426577307056], [75.90681384946181, 22.734561282018024], [75.90690450453101, 22.734648929191724], [75.9075373746854, 22.73516436978511], [75.90759281954581, 22.73519919308393], [75.90769491695153, 22.735249830040946], [75.90779529717403, 22.735276358716195], [75.90798773070141, 22.73530715180636], [75.90801626465435, 22.73536633614437], [75.90808741599177, 22.735479114679652], [75.90823076371652, 22.735656429771417], [75.90918677559323, 22.736351588841547], [75.90969554008284, 22.736755356578364], [75.90977626518533, 22.73682824451307], [75.90985414323642, 22.736941796850967], [75.91013423154737, 22.73751812944462], [75.91075668043338, 22.738720480410663], [75.91095555172362, 22.73904597782087], [75.91091291151415, 22.73957717694217], [75.91055561971564, 22.739681646876583], [75.91099090753487, 22.740883798113238], [75.9117256204397, 22.742886815469458], [75.9121447407286, 22.74436437849482], [75.91317742391945, 22.744201215910234], [75.91312394694644, 22.743803711417982], [75.91652658512498, 22.74344386723873], [75.91655698569515, 22.743782156437376], [75.91659049668674, 22.7441633341451], [75.91662538468043, 22.744298266488446], [75.91681259586949, 22.744711983996183], [75.91722516671025, 22.745782816998855], [75.91728176784174, 22.745858549189975], [75.91733836903644, 22.745934281358288], [75.91738223000343, 22.746114778186353], [75.91754924002579, 22.74729460196845], [75.92078866000563, 22.746605178605968], [75.92208675207051, 22.74632887183512], [75.9228362966589, 22.74790141831442], [75.92323828091016, 22.74859119674225], [75.92409113604614, 22.749533907085695], [75.9252181645154, 22.75096903379562], [75.9257938594932, 22.7506527984456], [75.9264104641492, 22.750467752468552], [75.92728287752684, 22.75024842989243], [75.92797170912662, 22.750144977351738], [75.93091758540157, 22.749812587950625], [75.9328830326368, 22.7496406971929], [75.93437292662374, 22.74949902482489], [75.934492505873, 22.74949660904592], [75.93465624214579, 22.749542893033304], [75.93694987342207, 22.750640409459276], [75.93728083181597, 22.74547482183356], [75.93428316623853, 22.745392748142336], [75.93428491093287, 22.744947416525502], [75.931189789938, 22.744810482650664], [75.93071565846145, 22.744803128672316], [75.9300252002786, 22.74487778685353], [75.92678888837449, 22.74546557651277], [75.92619401244156, 22.7450564034241], [75.92568647625473, 22.744759904257855], [75.92513876875348, 22.744513858992157], [75.9247721285625, 22.74438699178751], [75.92462430850668, 22.744331120709553], [75.92450734128614, 22.74428690406493], [75.92414257534789, 22.744076515297117], [75.9224710082073, 22.742884120871082], [75.92249704316015, 22.740683281786207], [75.92133451381375, 22.74071952701131], [75.9206534195249, 22.741724932454066], [75.92027000972192, 22.741491653080008], [75.91908436487934, 22.74073727340035], [75.91806549718567, 22.740149667741605], [75.91755486656584, 22.739909524815175], [75.91575189779995, 22.73906183010291], [75.91589484349022, 22.738182739145362], [75.91447504302404, 22.738028187518445], [75.91453254498798, 22.73617574584505], [75.91454080758196, 22.735060763432614], [75.9144896432808, 22.734747342362976], [75.9144626132923, 22.73463648224948], [75.91307285375568, 22.73467405642332], [75.91312466815758, 22.73303274633076], [75.91303330422357, 22.73173866720159], [75.91289352432959, 22.731717696238913], [75.91079446490019, 22.731751711811363], [75.90978515812252, 22.73185799682467], [75.90924524941884, 22.731836951191596], [75.90826393126501, 22.73175807260402], [75.90793559162336, 22.73174647900247], [75.90771284832604, 22.731770145874997], [75.90734460841725, 22.731821376009172], [75.9068211795499, 22.731980977994244], [75.90597919234295, 22.732061991041544], [75.90621730593611, 22.73293728921653], [75.90627576937584, 22.73350422709716], [75.90635785942169, 22.733784776698226], [75.9065822778619, 22.73426577307056]]]]}}, {"type": "Feature", "properties": {"tessellate": -1, "extrude": 0, "visibility": -1, "objectid": 44.0, "townname": "Indore", "towncensuscode2011": "802273", "town_lgd_code": 250901.0, "ward_lgd_code": 22667.0, "ward_lgd_name": "Naaharasha Havelee", "sourcewardcode": "39", "state": "Madhya Pradesh", "topology_cleaned": true, "cleaning_method": "vertex_cluster_snap_5m"}, "geometry": {"type": "MultiPolygon", "coordinates": [[[[75.91833767539782, 22.729343185139577], [75.91813234064878, 22.729435597339968], [75.91811352558095, 22.72823613153898], [75.91814664720847, 22.728033964839085], [75.91826897265214, 22.727570414513277], [75.91541904232801, 22.727593083342327], [75.9152904226471, 22.72760971782036], [75.91439301346371, 22.727727404150635], [75.9138541490757, 22.727949082906097], [75.91317546744668, 22.728041213273237], [75.91310644254123, 22.727456633996564], [75.91071904800616, 22.727421023599263], [75.91066622515486, 22.728870300004], [75.90948359065435, 22.728855986436898], [75.9093916777153, 22.73013891735586], [75.90978515812252, 22.73185799682467], [75.91079446490019, 22.731751711811363], [75.91289352432959, 22.731717696238913], [75.91303330422357, 22.73173866720159], [75.91312466815758, 22.73303274633076], [75.91307285375568, 22.73467405642332], [75.9144626132923, 22.73463648224948], [75.9144896432808, 22.734747342362976], [75.91454080758196, 22.735060763432614], [75.91453254498798, 22.73617574584505], [75.91447504302404, 22.738028187518445], [75.91589484349022, 22.738182739145362], [75.91575189779995, 22.73906183010291], [75.91755486656584, 22.739909524815175], [75.91806549718567, 22.740149667741605], [75.91908436487934, 22.74073727340035], [75.92027000972192, 22.741491653080008], [75.9206534195249, 22.741724932454066], [75.92133451381375, 22.74071952701131], [75.92249704316015, 22.740683281786207], [75.9224710082073, 22.742884120871082], [75.92414257534789, 22.744076515297117], [75.92450734128614, 22.74428690406493], [75.92462430850668, 22.744331120709553], [75.9247721285625, 22.74438699178751], [75.92513876875348, 22.744513858992157], [75.92568647625473, 22.744759904257855], [75.92619401244156, 22.7450564034241], [75.92678888837449, 22.74546557651277], [75.9300252002786, 22.74487778685353], [75.93071565846145, 22.744803128672316], [75.931189789938, 22.744810482650664], [75.93428491093287, 22.744947416525502], [75.93374198796201, 22.73367943319938], [75.93365071507445, 22.732025770828823], [75.93297561919552, 22.728182597635637], [75.93056959444279, 22.727049622901184], [75.93036065565394, 22.72699609958428], [75.92787429929045, 22.726867830583558], [75.92632724484594, 22.72678629288436], [75.92607521788113, 22.72691331073956], [75.92595535037351, 22.726942368482753], [75.92568484630131, 22.726957303844088], [75.92547127976147, 22.726982748637127], [75.9253849339749, 22.727001043362385], [75.92461651671779, 22.727199065351652], [75.92396555824287, 22.72738655894035], [75.92365183841628, 22.727476984956702], [75.92208435759625, 22.727995220548223], [75.92067774707347, 22.72848695137828], [75.9192788809447, 22.72901710582979], [75.91833767539782, 22.729343185139577]]]]}}, {"type": "Feature", "properties": {"tessellate": -1, "extrude": 0, "visibility": -1, "objectid": 43.0, "townname": "Indore", "towncensuscode2011": "802273", "town_lgd_code": 250901.0, "ward_lgd_code": 22668.0, "ward_lgd_name": "Khajaraana", "sourcewardcode": "40", "state": "Madhya Pradesh", "topology_cleaned": true, "cleaning_method": "vertex_cluster_snap_5m"}, "geometry": {"type": "MultiPolygon", "coordinates": [[[[75.90688486017055, 22.739141305779622], [75.90835021566318, 22.73886452349881], [75.90842528116376, 22.73915667375157], [75.90851244280967, 22.73949608778715], [75.90863907861984, 22.739855240081123], [75.90870533599781, 22.740214283980013], [75.90880086719126, 22.7407736022509], [75.90883012954563, 22.7411194877018], [75.9088438586968, 22.741281189540643], [75.90888799888498, 22.741520582313996], [75.90981741114547, 22.74123581364751], [75.91099090753487, 22.740883798113238], [75.91055561971564, 22.739681646876583], [75.91091291151415, 22.73957717694217], [75.91095555172362, 22.73904597782087], [75.91075668043338, 22.738720480410663], [75.91013423154737, 22.73751812944462], [75.90985414323642, 22.736941796850967], [75.90977626518533, 22.73682824451307], [75.90969554008284, 22.736755356578364], [75.90918677559323, 22.736351588841547], [75.90823076371652, 22.735656429771417], [75.90808741599177, 22.735479114679652], [75.90801626465435, 22.73536633614437], [75.90798773070141, 22.73530715180636], [75.90779529717403, 22.735276358716195], [75.90769491695153, 22.735249830040946], [75.90759281954581, 22.73519919308393], [75.9075373746854, 22.73516436978511], [75.90690450453101, 22.734648929191724], [75.90681384946181, 22.734561282018024], [75.9065822778619, 22.73426577307056], [75.90635785942169, 22.733784776698226], [75.90627576937584, 22.73350422709716], [75.90621730593611, 22.73293728921653], [75.90597919234295, 22.732061991041544], [75.9068211795499, 22.731980977994244], [75.90734460841725, 22.731821376009172], [75.90771284832604, 22.731770145874997], [75.90793559162336, 22.73174647900247], [75.90826393126501, 22.73175807260402], [75.90924524941884, 22.731836951191596], [75.90978515812252, 22.73185799682467], [75.9093916777153, 22.73013891735586], [75.90948359065435, 22.728855986436898], [75.91066622515486, 22.728870300004], [75.91071904800616, 22.727421023599263], [75.90824983833636, 22.727441395042383], [75.90843457989794, 22.726972618892205], [75.9075651635333, 22.726817312565466], [75.90749503421857, 22.72709484180615], [75.90721978991982, 22.727867999258773], [75.90636589715466, 22.727468347253524], [75.90523834417216, 22.72977028223734], [75.9051152977048, 22.72999806759575], [75.90504598614889, 22.730104868303705], [75.90493809252858, 22.730223359276888], [75.90487398807053, 22.73026319621772], [75.90437928789693, 22.73045234594425], [75.90422635069234, 22.730518158171993], [75.90414682900932, 22.730575470490685], [75.90409028668356, 22.730639924326532], [75.90404025086042, 22.730723897698127], [75.90401900127696, 22.730779931898237], [75.90392999252839, 22.731090265775315], [75.9039017544541, 22.731134957954932], [75.90376958301435, 22.731278697091742], [75.9035287102468, 22.731559177329537], [75.903304869667, 22.73157155307386], [75.90283635176577, 22.731611506368196], [75.90226170469397, 22.73166840709414], [75.90195155508908, 22.732945521302938], [75.90187154799911, 22.733664183408226], [75.90185906300987, 22.734329260290746], [75.90185797716663, 22.73483186021273], [75.90190346827647, 22.73569515421858], [75.90316316936591, 22.735795080532352], [75.90396357990747, 22.735785135242946], [75.90430367086645, 22.735775623476876], [75.90457869790913, 22.73576413071794], [75.904773255054, 22.73573285928008], [75.90486287899517, 22.73665533879286], [75.90488937604337, 22.73773688451941], [75.90481158245997, 22.73915974346118], [75.90467038812186, 22.740952227990533], [75.90644873202739, 22.740715061052786], [75.9065886722983, 22.7401093308848], [75.90688486017055, 22.739141305779622]]]]}}, {"type": "Feature", "properties": {"tessellate": -1, "extrude": 0, "visibility": -1, "objectid": 42.0, "townname": "Indore", "towncensuscode2011": "802273", "town_lgd_code": 250901.0, "ward_lgd_code": 22669.0, "ward_lgd_name": "Kailaashapuree", "sourcewardcode": "41", "state": "Madhya Pradesh", "topology_cleaned": true, "cleaning_method": "vertex_cluster_snap_5m"}, "geometry": {"type": "MultiPolygon", "coordinates": [[[[75.91833767539782, 22.729343185139577], [75.9192788809447, 22.72901710582979], [75.92067774707347, 22.72848695137828], [75.92208435759625, 22.727995220548223], [75.92365183841628, 22.727476984956702], [75.92396555824287, 22.72738655894035], [75.92461651671779, 22.727199065351652], [75.9253849339749, 22.727001043362385], [75.92547127976147, 22.726982748637127], [75.92568484630131, 22.726957303844088], [75.92595535037351, 22.726942368482753], [75.92607521788113, 22.72691331073956], [75.92632724484594, 22.72678629288436], [75.92614411603779, 22.72673333706787], [75.92560063855763, 22.726555284320096], [75.921716693614, 22.725150702809298], [75.92104891554068, 22.724890428481213], [75.9208980156285, 22.724822015173203], [75.92054267848265, 22.724600496467996], [75.9194424786401, 22.723831349920754], [75.91841205982261, 22.72298221434054], [75.91816901400905, 22.722835560386336], [75.91616734249503, 22.722002914331885], [75.91425182239135, 22.721046179102576], [75.9137193711923, 22.72079277725499], [75.91216143669399, 22.72010188959584], [75.91102159163556, 22.719715093049683], [75.90916031497432, 22.719147577330833], [75.90899313692832, 22.719163161180383], [75.90852785959416, 22.719274291372802], [75.90831848816015, 22.718739193780358], [75.90818393372368, 22.718209542357556], [75.90815776503248, 22.718006539591467], [75.90818044221808, 22.717916532794067], [75.9082430132124, 22.717792877437876], [75.90825170944771, 22.716248281138416], [75.90784716779304, 22.716280929005624], [75.9061008322053, 22.716421630848007], [75.90619656758251, 22.71987050812177], [75.90602088959669, 22.722972611005048], [75.90586335728344, 22.72380327167172], [75.905773004908, 22.724070978635314], [75.90562159985419, 22.72442755443812], [75.90473966984106, 22.725994166571798], [75.90397293253397, 22.727681887038056], [75.90360765493394, 22.72877558573426], [75.90317413291747, 22.72997652915759], [75.90226170469397, 22.73166840709414], [75.90283635176577, 22.731611506368196], [75.903304869667, 22.73157155307386], [75.9035287102468, 22.731559177329537], [75.90376958301435, 22.731278697091742], [75.9039017544541, 22.731134957954932], [75.90392999252839, 22.731090265775315], [75.90401900127696, 22.730779931898237], [75.90404025086042, 22.730723897698127], [75.90409028668356, 22.730639924326532], [75.90414682900932, 22.730575470490685], [75.90422635069234, 22.730518158171993], [75.90437928789693, 22.73045234594425], [75.90487398807053, 22.73026319621772], [75.90493809252858, 22.730223359276888], [75.90504598614889, 22.730104868303705], [75.9051152977048, 22.72999806759575], [75.90523834417216, 22.72977028223734], [75.90636589715466, 22.727468347253524], [75.90721978991982, 22.727867999258773], [75.90749503421857, 22.72709484180615], [75.9075651635333, 22.726817312565466], [75.90843457989794, 22.726972618892205], [75.90824983833636, 22.727441395042383], [75.91071904800616, 22.727421023599263], [75.91310644254123, 22.727456633996564], [75.91317546744668, 22.728041213273237], [75.9138541490757, 22.727949082906097], [75.91439301346371, 22.727727404150635], [75.9152904226471, 22.72760971782036], [75.91541904232801, 22.727593083342327], [75.91826897265214, 22.727570414513277], [75.91814664720847, 22.728033964839085], [75.91811352558095, 22.72823613153898], [75.91813234064878, 22.729435597339968], [75.91833767539782, 22.729343185139577]]]]}}, {"type": "Feature", "properties": {"tessellate": -1, "extrude": 0, "visibility": -1, "objectid": 41.0, "townname": "Indore", "towncensuscode2011": "802273", "town_lgd_code": 250901.0, "ward_lgd_code": 22670.0, "ward_lgd_name": "Swami Vivekaanand", "sourcewardcode": "42", "state": "Madhya Pradesh", "topology_cleaned": true, "cleaning_method": "vertex_cluster_snap_5m"}, "geometry": {"type": "MultiPolygon", "coordinates": [[[[75.90586335728344, 22.72380327167172], [75.90602088959669, 22.722972611005048], [75.90619656758251, 22.71987050812177], [75.9046242108279, 22.720281739990202], [75.89881578912946, 22.721120147749126], [75.89704919044028, 22.721315425622045], [75.89663007026869, 22.721325183567398], [75.89629733589368, 22.721397416069973], [75.89613910888177, 22.721517267355047], [75.89586939099398, 22.721771702360815], [75.89580645402464, 22.721796263387795], [75.89562093987391, 22.721822956343768], [75.89480745013586, 22.72189074201451], [75.89481177630353, 22.721612682535707], [75.89481633279631, 22.721564691885867], [75.89482266070765, 22.721519581877033], [75.89483791754343, 22.721455000978516], [75.89486720180791, 22.721391335198557], [75.89495035673244, 22.721256549289798], [75.89524221395537, 22.72093270884919], [75.89530061495148, 22.72082461833944], [75.89532019974281, 22.720766787902036], [75.89532945322226, 22.720542808389865], [75.89535635678082, 22.72033778963723], [75.89539334550861, 22.720231173942285], [75.89559056247712, 22.719743823835216], [75.89563168209592, 22.719688492307007], [75.8957397514884, 22.719611919538725], [75.89588249226401, 22.719476709032147], [75.89592499531271, 22.719349738107365], [75.89593260173109, 22.71921691060266], [75.89590949181208, 22.71910710865259], [75.8958600990119, 22.71902080421866], [75.89575635572444, 22.718991531394526], [75.89470407548686, 22.719050627008148], [75.89348026106336, 22.719039765320066], [75.8933446568185, 22.71902968338763], [75.89326576377849, 22.719011064520643], [75.89276013252801, 22.7189075700389], [75.89229478037736, 22.71869391765859], [75.89191615359317, 22.719406745884722], [75.89176366260858, 22.719600631449655], [75.89163114045682, 22.719735691075428], [75.8915451805066, 22.719873742861456], [75.89140049471754, 22.720040124279155], [75.89134383625847, 22.720162114541008], [75.89134679077796, 22.72030256110164], [75.89145146065465, 22.720677750038558], [75.89153738707141, 22.720985295954225], [75.89149482631166, 22.721058971481604], [75.89145741358243, 22.721100641507086], [75.89138131279731, 22.721152463503426], [75.89057969586702, 22.72142968168162], [75.89060384519544, 22.721595347740106], [75.89063936687263, 22.721810541566796], [75.89058085905316, 22.721880195683113], [75.8899969230685, 22.72221188680515], [75.88939104706272, 22.722478931342152], [75.8884278729383, 22.723147579135652], [75.88839928435797, 22.723198864742997], [75.88841316981478, 22.723253166209695], [75.8886287402396, 22.723356660581167], [75.88895479515547, 22.723469928314245], [75.88914183830448, 22.72351351118708], [75.89005660251911, 22.72350489833579], [75.89210810402618, 22.72351207217495], [75.8923125824221, 22.7234962976251], [75.89251657118882, 22.723450084382893], [75.89294249213711, 22.72327183387322], [75.89348797541685, 22.72312200033685], [75.89481918997245, 22.723097031299517], [75.89480713754317, 22.725226353269942], [75.8944437391211, 22.726125271537942], [75.8944087064539, 22.726338374892354], [75.89437826832085, 22.72670401956385], [75.89437435854614, 22.728109572996967], [75.89538448387972, 22.728639573638592], [75.89578821714728, 22.728895293415178], [75.8967062143741, 22.729392289293585], [75.89729746039349, 22.72964180427835], [75.89708529711102, 22.73007811338581], [75.89694337265972, 22.730399670673712], [75.8968217365926, 22.73069663465506], [75.89678865618356, 22.730895093978546], [75.89678001812418, 22.731123495950705], [75.89676623924733, 22.731803033302324], [75.89677431881023, 22.73377380116044], [75.89751957971423, 22.73379030316958], [75.8983434300121, 22.733881875559042], [75.89914195871692, 22.734121817062427], [75.89950349973383, 22.734250850912694], [75.89978503033646, 22.734355584093407], [75.90190346827647, 22.73569515421858], [75.90185797716663, 22.73483186021273], [75.90185906300987, 22.734329260290746], [75.90187154799911, 22.733664183408226], [75.90195155508908, 22.732945521302938], [75.90226170469397, 22.73166840709414], [75.90317413291747, 22.72997652915759], [75.90360765493394, 22.72877558573426], [75.90397293253397, 22.727681887038056], [75.90473966984106, 22.725994166571798], [75.90562159985419, 22.72442755443812], [75.905773004908, 22.724070978635314], [75.90586335728344, 22.72380327167172]]]]}}, {"type": "Feature", "properties": {"tessellate": -1, "extrude": 0, "visibility": -1, "objectid": 40.0, "townname": "Indore", "towncensuscode2011": "802273", "town_lgd_code": 250901.0, "ward_lgd_code": 22671.0, "ward_lgd_name": "Shreenagar", "sourcewardcode": "43", "state": "Madhya Pradesh", "topology_cleaned": true, "cleaning_method": "vertex_cluster_snap_5m"}, "geometry": {"type": "MultiPolygon", "coordinates": [[[[75.89155593817225, 22.733553415758593], [75.89170229789715, 22.733402832475083], [75.8917338307528, 22.733391003999976], [75.89183523966894, 22.733405613557938], [75.89238003218124, 22.73356317892374], [75.8932533309543, 22.733802100379588], [75.89345151911861, 22.73383504687628], [75.89406775019702, 22.733896276833445], [75.89418450626414, 22.733910799027097], [75.89437037946506, 22.733936767556386], [75.89484385526056, 22.734013517050712], [75.8950244013481, 22.734013951331498], [75.89545590911519, 22.733971427826567], [75.89643490756987, 22.733812288799204], [75.89677431881023, 22.73377380116044], [75.89676623924733, 22.731803033302324], [75.89678001812418, 22.731123495950705], [75.89678865618356, 22.730895093978546], [75.8968217365926, 22.73069663465506], [75.89694337265972, 22.730399670673712], [75.89708529711102, 22.73007811338581], [75.89729746039349, 22.72964180427835], [75.8967062143741, 22.729392289293585], [75.89578821714728, 22.728895293415178], [75.89538448387972, 22.728639573638592], [75.89437435854614, 22.728109572996967], [75.89437826832085, 22.72670401956385], [75.8944087064539, 22.726338374892354], [75.8944437391211, 22.726125271537942], [75.89480713754317, 22.725226353269942], [75.89481918997245, 22.723097031299517], [75.89348797541685, 22.72312200033685], [75.89294249213711, 22.72327183387322], [75.89251657118882, 22.723450084382893], [75.8923125824221, 22.7234962976251], [75.89210810402618, 22.72351207217495], [75.89005660251911, 22.72350489833579], [75.89026277048686, 22.725435545583842], [75.88790497690944, 22.72547051806607], [75.88724395308635, 22.72538792295782], [75.88668778746565, 22.725710957309726], [75.8867326856726, 22.726256120452813], [75.88676376738934, 22.72660651851881], [75.88682572034654, 22.727304786505037], [75.88677411961464, 22.727351412009536], [75.88527574632911, 22.727101373277073], [75.88516055306113, 22.727540563080495], [75.88190633043797, 22.72670312422693], [75.88150301816485, 22.72659939157002], [75.88102659042116, 22.72655847890024], [75.88194239694255, 22.72845559832886], [75.88198607468436, 22.728570166761497], [75.8820073260549, 22.72864972055664], [75.88201287334505, 22.728801083012222], [75.88159963691524, 22.729763118793834], [75.88159625537403, 22.72985843557928], [75.8816023002508, 22.729920368608834], [75.88168733772294, 22.73007644142586], [75.88176278845779, 22.730164909921218], [75.88226029529825, 22.73077261457139], [75.88250160873974, 22.73101697989269], [75.88275726606447, 22.731189904939686], [75.88352469521516, 22.731324501767784], [75.88363727376928, 22.731325866681953], [75.88378663609024, 22.731292973745422], [75.88430507311821, 22.731049557685665], [75.88440564621965, 22.731031477221162], [75.88449658656931, 22.731044884812675], [75.88465806759595, 22.73109457588763], [75.88491050026806, 22.731295607863746], [75.88502172711713, 22.731329046404472], [75.8851278271495, 22.73132240677824], [75.88565743730118, 22.731105662167572], [75.88573133691732, 22.731058642440857], [75.88580648135849, 22.73093275777902], [75.8858269304651, 22.730826868135555], [75.88571427652947, 22.730299604454736], [75.88567901967907, 22.730207934298466], [75.88562155852973, 22.73008567498893], [75.8856155817889, 22.729989235755315], [75.88562347988423, 22.7299001266989], [75.88581414582097, 22.72921978921262], [75.88595777061711, 22.72894664852238], [75.88613604617201, 22.728777014371413], [75.8864893653903, 22.728359537711807], [75.88658397083698, 22.728246868436432], [75.88662305870915, 22.727981126844583], [75.88663820518843, 22.72791383737385], [75.88668678819995, 22.727867318978536], [75.8867746087483, 22.727835126024136], [75.88710399443326, 22.727814148505544], [75.8880085617989, 22.727518715453204], [75.88870101135136, 22.72943428692975], [75.88942282048573, 22.731429542650417], [75.89074942501449, 22.735566214695716], [75.89107954090629, 22.735384708476673], [75.89118193060668, 22.735270954351616], [75.89126609527588, 22.7351549532305], [75.89130470698383, 22.735087351890847], [75.89134482297817, 22.734951362523447], [75.89131512875156, 22.73475713848689], [75.89144058768557, 22.734071106805352], [75.89144141696136, 22.73383850302095], [75.89144644086163, 22.733772263275903], [75.89147815511245, 22.733677240116826], [75.8915225058626, 22.73359370867384], [75.89155593817225, 22.733553415758593]]]]}}, {"type": "Feature", "properties": {"tessellate": -1, "extrude": 0, "visibility": -1, "objectid": 54.0, "townname": "Indore", "towncensuscode2011": "802273", "town_lgd_code": 250901.0, "ward_lgd_code": 22672.0, "ward_lgd_name": "H.I.G.", "sourcewardcode": "44", "state": "Madhya Pradesh", "topology_cleaned": true, "cleaning_method": "vertex_cluster_snap_5m"}, "geometry": {"type": "MultiPolygon", "coordinates": [[[[75.89315808901546, 22.74348516235826], [75.89083225472832, 22.735845323614], [75.89021272148567, 22.736042352591245], [75.89013740053396, 22.73609561506325], [75.89008521930512, 22.736173227988598], [75.89003612361498, 22.736306286191336], [75.8899615286879, 22.73654697881039], [75.8899102811693, 22.73685917288443], [75.88989434653062, 22.737240904868692], [75.88985977394307, 22.737451294742648], [75.88982599091227, 22.737633226336293], [75.88979219713323, 22.737768367167], [75.88959940588299, 22.738088665914674], [75.88935394532523, 22.73838134568881], [75.88918411704124, 22.738503152006864], [75.88914477889341, 22.738549077758368], [75.88912093878304, 22.738597175512073], [75.88909444344316, 22.738671393336457], [75.88908544716426, 22.738725912236013], [75.889084558154, 22.73879926494607], [75.88908756570078, 22.73888786170406], [75.88910541773575, 22.738982969937293], [75.88912293407782, 22.739041225494923], [75.88935148192778, 22.739415635060357], [75.88932293659586, 22.739443931649845], [75.889088945245, 22.73949270205709], [75.8890738803139, 22.739437052423202], [75.88905002800563, 22.739347758681525], [75.889028522963, 22.739275072549713], [75.88899588808798, 22.73921310724577], [75.88890275983219, 22.739073072233417], [75.88879498820612, 22.73864126314491], [75.88871782396309, 22.73857539027392], [75.88835435183498, 22.73856982365164], [75.8883193424621, 22.73851708502932], [75.88816270515821, 22.738570527646452], [75.88635176627758, 22.736215477149035], [75.8848777471965, 22.737192343135096], [75.88091873344248, 22.739789702561257], [75.88238937665447, 22.741524954248472], [75.88270132507968, 22.741331099622332], [75.88359805522286, 22.741149548330732], [75.8838036352994, 22.741088793645527], [75.88452309787435, 22.74076748380589], [75.88484925138758, 22.740769020163302], [75.88570358154577, 22.740809451651995], [75.88567970006243, 22.741365292905197], [75.88626550264023, 22.74139971216961], [75.8863052436597, 22.742005062532034], [75.88844167680955, 22.742227151106185], [75.88835625391367, 22.74272209102546], [75.88830447594273, 22.742832490847594], [75.8882243306428, 22.742923537139244], [75.88807863591803, 22.743284672325057], [75.88808516066354, 22.74340522623982], [75.88890338561454, 22.74332651528807], [75.88900504389224, 22.744559040429593], [75.8907555018056, 22.744424816044912], [75.89067671224201, 22.74368798453026], [75.89315808901546, 22.74348516235826]]]]}}, {"type": "Feature", "properties": {"tessellate": -1, "extrude": 0, "visibility": -1, "objectid": 53.0, "townname": "Indore", "towncensuscode2011": "802273", "town_lgd_code": 250901.0, "ward_lgd_code": 22673.0, "ward_lgd_name": "Dr. Bheemrao Ambedkar", "sourcewardcode": "45", "state": "Madhya Pradesh", "topology_cleaned": true, "cleaning_method": "vertex_cluster_snap_5m"}, "geometry": {"type": "MultiPolygon", "coordinates": [[[[75.88914477889341, 22.738549077758368], [75.88918411704124, 22.738503152006864], [75.88935394532523, 22.73838134568881], [75.88959940588299, 22.738088665914674], [75.88979219713323, 22.737768367167], [75.88982599091227, 22.737633226336293], [75.88985977394307, 22.737451294742648], [75.88989434653062, 22.737240904868692], [75.8899102811693, 22.73685917288443], [75.8899615286879, 22.73654697881039], [75.89003612361498, 22.736306286191336], [75.89008521930512, 22.736173227988598], [75.89013740053396, 22.73609561506325], [75.89021272148567, 22.736042352591245], [75.89083225472832, 22.735845323614], [75.89074942501449, 22.735566214695716], [75.88942282048573, 22.731429542650417], [75.88870101135136, 22.72943428692975], [75.8880085617989, 22.727518715453204], [75.88710399443326, 22.727814148505544], [75.8867746087483, 22.727835126024136], [75.88668678819995, 22.727867318978536], [75.88663820518843, 22.72791383737385], [75.88662305870915, 22.727981126844583], [75.88658397083698, 22.728246868436432], [75.8864893653903, 22.728359537711807], [75.88613604617201, 22.728777014371413], [75.88595777061711, 22.72894664852238], [75.88581414582097, 22.72921978921262], [75.88562347988423, 22.7299001266989], [75.8856155817889, 22.729989235755315], [75.88562155852973, 22.73008567498893], [75.88567901967907, 22.730207934298466], [75.88571427652947, 22.730299604454736], [75.8858269304651, 22.730826868135555], [75.88580648135849, 22.73093275777902], [75.88573133691732, 22.731058642440857], [75.88565743730118, 22.731105662167572], [75.8851278271495, 22.73132240677824], [75.88502172711713, 22.731329046404472], [75.88491050026806, 22.731295607863746], [75.88465806759595, 22.73109457588763], [75.88449658656931, 22.731044884812675], [75.88440564621965, 22.731031477221162], [75.88430507311821, 22.731049557685665], [75.88378663609024, 22.731292973745422], [75.88363727376928, 22.731325866681953], [75.88354232359566, 22.73202220304499], [75.88356534450419, 22.732573991623074], [75.88408448782067, 22.733303064085973], [75.88260355985291, 22.734293767737434], [75.88200334835952, 22.733526295976954], [75.8819890405902, 22.73345149141671], [75.8820039406695, 22.73319351721072], [75.88199150042092, 22.732969567604332], [75.88194197276748, 22.732854128252452], [75.8813873452719, 22.732063910083532], [75.88132215183549, 22.73203382838118], [75.8810381737099, 22.732045872286317], [75.8809850541231, 22.732038396711822], [75.88093046291108, 22.732029212961095], [75.88085821331042, 22.731999711936968], [75.88055452187479, 22.73164006542101], [75.88007170939278, 22.731943252484562], [75.87997000925431, 22.73202890328853], [75.87991605670123, 22.732119530311614], [75.87990216171556, 22.732169920611028], [75.87987424776502, 22.732631841172974], [75.87983469001989, 22.732666519828197], [75.87976322836872, 22.732691708782536], [75.87970765881431, 22.732727514337707], [75.87969027910292, 22.73277358795957], [75.87968294875682, 22.732853118692873], [75.87973199456127, 22.73317514611476], [75.87976336727714, 22.733261419215545], [75.87980694318449, 22.733390531871017], [75.87983222705701, 22.73347638682186], [75.87984185841502, 22.733551036689825], [75.879902623746, 22.733748886117684], [75.88013709512576, 22.734590057453016], [75.88018748389877, 22.734649984862443], [75.88041687099404, 22.734886650443926], [75.88044654630217, 22.734928219397528], [75.8804721934291, 22.734994651273233], [75.88049019737437, 22.735033393959885], [75.88085720155283, 22.73500395641037], [75.88132658513736, 22.735642936925128], [75.88171348603733, 22.736159748146704], [75.88325687092775, 22.735124987434276], [75.8848777471965, 22.737192343135096], [75.88635176627758, 22.736215477149035], [75.88816270515821, 22.738570527646452], [75.8883193424621, 22.73851708502932], [75.88835435183498, 22.73856982365164], [75.88871782396309, 22.73857539027392], [75.88879498820612, 22.73864126314491], [75.88890275983219, 22.739073072233417], [75.88899588808798, 22.73921310724577], [75.889028522963, 22.739275072549713], [75.88905002800563, 22.739347758681525], [75.8890738803139, 22.739437052423202], [75.889088945245, 22.73949270205709], [75.88932293659586, 22.739443931649845], [75.88935148192778, 22.739415635060357], [75.88912293407782, 22.739041225494923], [75.88910541773575, 22.738982969937293], [75.88908756570078, 22.73888786170406], [75.889084558154, 22.73879926494607], [75.88908544716426, 22.738725912236013], [75.88909444344316, 22.738671393336457], [75.88912093878304, 22.738597175512073], [75.88914477889341, 22.738549077758368]]]]}}, {"type": "Feature", "properties": {"tessellate": -1, "extrude": 0, "visibility": -1, "objectid": 39.0, "townname": "Indore", "towncensuscode2011": "802273", "town_lgd_code": 250901.0, "ward_lgd_code": 22674.0, "ward_lgd_name": "Somanaath", "sourcewardcode": "46", "state": "Madhya Pradesh", "topology_cleaned": true, "cleaning_method": "vertex_cluster_snap_5m"}, "geometry": {"type": "MultiPolygon", "coordinates": [[[[75.87881298810565, 22.730069146020448], [75.8790874965806, 22.730114879135552], [75.8792219904078, 22.730117210618083], [75.87933753907751, 22.730095889416052], [75.87940955242833, 22.730058186934055], [75.87944289399915, 22.730079411708314], [75.87952377051042, 22.73028564178752], [75.87957298545619, 22.73038310805017], [75.87961836830574, 22.730429513761223], [75.87979477174582, 22.7303919140746], [75.88021952339274, 22.730298793929403], [75.88026908302234, 22.730297888693638], [75.88032032932045, 22.73033229318401], [75.88036218329646, 22.730405455793353], [75.8804711409962, 22.73041935360644], [75.88050698552817, 22.7304436355836], [75.88050209114262, 22.73053092132227], [75.8803635868, 22.730624724135897], [75.88029883550321, 22.730655973621197], [75.88021242571159, 22.73072654557314], [75.8801515318534, 22.73081278472774], [75.88010190949517, 22.73094087491659], [75.8800448053171, 22.73104109431532], [75.87991957134798, 22.731146837583434], [75.8798127151602, 22.731187532327134], [75.87967439082982, 22.731210695512228], [75.87948781889281, 22.73122680733604], [75.87932360581698, 22.731206483275237], [75.87891704847027, 22.731160573505182], [75.87877719480439, 22.731157774446043], [75.87868534197943, 22.73121487118415], [75.87859765096765, 22.7313137226286], [75.8784899549868, 22.731451706549617], [75.87840842142168, 22.731554137252623], [75.87836524438217, 22.7316396460778], [75.87838671170839, 22.731753253597354], [75.87841859366513, 22.73186608123409], [75.87846418600182, 22.732036735046858], [75.87859668778559, 22.732306183797725], [75.87867651663733, 22.73242461924159], [75.87870766873218, 22.732514597322357], [75.87872750963791, 22.732602198673785], [75.87871557357285, 22.733172607924082], [75.8787095012399, 22.733350049423805], [75.87866705583896, 22.73356535850204], [75.87857710365702, 22.733676326596836], [75.87845387863285, 22.73382270622816], [75.87835188454704, 22.733908447990537], [75.8782583894989, 22.73395268151721], [75.87773350475803, 22.734104790211997], [75.87743721671, 22.734218155378993], [75.87737109804762, 22.734264406013946], [75.8773124877828, 22.734312241345965], [75.87726390853321, 22.734390733799213], [75.87718472902102, 22.734542019523158], [75.87711892580515, 22.73472936380047], [75.87626883284503, 22.734384991885793], [75.87552795642098, 22.734140012406087], [75.87526415902589, 22.73398816724082], [75.8750867923744, 22.73416609506683], [75.87626893258383, 22.73533282424968], [75.87696785941385, 22.73591595478853], [75.87723868311834, 22.735611320932826], [75.8776048781894, 22.735861602049983], [75.87785235329365, 22.7360336764024], [75.87790198968185, 22.73609022129296], [75.87794315752517, 22.73613208890421], [75.87797991450819, 22.73616946423823], [75.8780771600855, 22.73614806372154], [75.87857218706392, 22.73645806534217], [75.87902937785668, 22.736896722678665], [75.87963259838915, 22.736490712542185], [75.87981920435301, 22.736554903505546], [75.88020116005124, 22.736421370120905], [75.88132658513736, 22.735642936925128], [75.88085720155283, 22.73500395641037], [75.88049019737437, 22.735033393959885], [75.8804721934291, 22.734994651273233], [75.88044654630217, 22.734928219397528], [75.88041687099404, 22.734886650443926], [75.88018748389877, 22.734649984862443], [75.88013709512576, 22.734590057453016], [75.879902623746, 22.733748886117684], [75.87984185841502, 22.733551036689825], [75.87983222705701, 22.73347638682186], [75.87980694318449, 22.733390531871017], [75.87976336727714, 22.733261419215545], [75.87973199456127, 22.73317514611476], [75.87968294875682, 22.732853118692873], [75.87969027910292, 22.73277358795957], [75.87970765881431, 22.732727514337707], [75.87976322836872, 22.732691708782536], [75.87983469001989, 22.732666519828197], [75.87987424776502, 22.732631841172974], [75.87990216171556, 22.732169920611028], [75.87991605670123, 22.732119530311614], [75.87997000925431, 22.73202890328853], [75.88007170939278, 22.731943252484562], [75.88055452187479, 22.73164006542101], [75.88085821331042, 22.731999711936968], [75.88093046291108, 22.732029212961095], [75.8809850541231, 22.732038396711822], [75.8810381737099, 22.732045872286317], [75.88132215183549, 22.73203382838118], [75.8813873452719, 22.732063910083532], [75.88194197276748, 22.732854128252452], [75.88199150042092, 22.732969567604332], [75.8820039406695, 22.73319351721072], [75.8819890405902, 22.73345149141671], [75.88200334835952, 22.733526295976954], [75.88260355985291, 22.734293767737434], [75.88408448782067, 22.733303064085973], [75.88356534450419, 22.732573991623074], [75.88354232359566, 22.73202220304499], [75.88363727376928, 22.731325866681953], [75.88352469521516, 22.731324501767784], [75.88275726606447, 22.731189904939686], [75.88250160873974, 22.73101697989269], [75.88226029529825, 22.73077261457139], [75.88176278845779, 22.730164909921218], [75.88168733772294, 22.73007644142586], [75.8816023002508, 22.729920368608834], [75.88159625537403, 22.72985843557928], [75.88159963691524, 22.729763118793834], [75.88201287334505, 22.728801083012222], [75.8820073260549, 22.72864972055664], [75.88198607468436, 22.728570166761497], [75.88194239694255, 22.72845559832886], [75.88102659042116, 22.72655847890024], [75.88086829155992, 22.726943886185403], [75.88034934745356, 22.72783703768735], [75.87944884957025, 22.72921374631814], [75.87881298810565, 22.730069146020448]]]]}}, {"type": "Feature", "properties": {"tessellate": -1, "extrude": 0, "visibility": -1, "objectid": 38.0, "townname": "Indore", "towncensuscode2011": "802273", "town_lgd_code": 250901.0, "ward_lgd_code": 22675.0, "ward_lgd_name": "Saradaar Vallabh Bhai", "sourcewardcode": "47", "state": "Madhya Pradesh", "topology_cleaned": true, "cleaning_method": "vertex_cluster_snap_5m"}, "geometry": {"type": "MultiPolygon", "coordinates": [[[[75.87153644391493, 22.733038844980676], [75.87376250009807, 22.73543660665279], [75.87469597053806, 22.73460498032892], [75.87496251240468, 22.734330995540777], [75.8750867923744, 22.73416609506683], [75.87526415902589, 22.73398816724082], [75.87552795642098, 22.734140012406087], [75.87626883284503, 22.734384991885793], [75.87711892580515, 22.73472936380047], [75.87718472902102, 22.734542019523158], [75.87726390853321, 22.734390733799213], [75.8773124877828, 22.734312241345965], [75.87737109804762, 22.734264406013946], [75.87743721671, 22.734218155378993], [75.87773350475803, 22.734104790211997], [75.8782583894989, 22.73395268151721], [75.87835188454704, 22.733908447990537], [75.87845387863285, 22.73382270622816], [75.87857710365702, 22.733676326596836], [75.87866705583896, 22.73356535850204], [75.8787095012399, 22.733350049423805], [75.87871557357285, 22.733172607924082], [75.87872750963791, 22.732602198673785], [75.87870766873218, 22.732514597322357], [75.87867651663733, 22.73242461924159], [75.87859668778559, 22.732306183797725], [75.87846418600182, 22.732036735046858], [75.87841859366513, 22.73186608123409], [75.87838671170839, 22.731753253597354], [75.87836524438217, 22.7316396460778], [75.87840842142168, 22.731554137252623], [75.8784899549868, 22.731451706549617], [75.87859765096765, 22.7313137226286], [75.87868534197943, 22.73121487118415], [75.87877719480439, 22.731157774446043], [75.87891704847027, 22.731160573505182], [75.87932360581698, 22.731206483275237], [75.87948781889281, 22.73122680733604], [75.87967439082982, 22.731210695512228], [75.8798127151602, 22.731187532327134], [75.87991957134798, 22.731146837583434], [75.8800448053171, 22.73104109431532], [75.88010190949517, 22.73094087491659], [75.8801515318534, 22.73081278472774], [75.88021242571159, 22.73072654557314], [75.88029883550321, 22.730655973621197], [75.8803635868, 22.730624724135897], [75.88050209114262, 22.73053092132227], [75.88050698552817, 22.7304436355836], [75.8804711409962, 22.73041935360644], [75.88036218329646, 22.730405455793353], [75.88032032932045, 22.73033229318401], [75.88026908302234, 22.730297888693638], [75.88021952339274, 22.730298793929403], [75.87979477174582, 22.7303919140746], [75.87961836830574, 22.730429513761223], [75.87957298545619, 22.73038310805017], [75.87952377051042, 22.73028564178752], [75.87944289399915, 22.730079411708314], [75.87940955242833, 22.730058186934055], [75.87933753907751, 22.730095889416052], [75.8792219904078, 22.730117210618083], [75.8790874965806, 22.730114879135552], [75.87881298810565, 22.730069146020448], [75.87944884957025, 22.72921374631814], [75.88034934745356, 22.72783703768735], [75.88086829155992, 22.726943886185403], [75.88102659042116, 22.72655847890024], [75.88150301816485, 22.72659939157002], [75.88190633043797, 22.72670312422693], [75.88516055306113, 22.727540563080495], [75.88527574632911, 22.727101373277073], [75.88677411961464, 22.727351412009536], [75.88682572034654, 22.727304786505037], [75.88676376738934, 22.72660651851881], [75.8867326856726, 22.726256120452813], [75.88668778746565, 22.725710957309726], [75.88724395308635, 22.72538792295782], [75.88677305668129, 22.72395374744461], [75.88514697609926, 22.72356891973378], [75.88285546521041, 22.72295768051218], [75.87944078962047, 22.722058023283974], [75.87565704979164, 22.72100991373028], [75.87284860950439, 22.720480217048582], [75.87188284425953, 22.720305277292127], [75.87080666313764, 22.720022717332025], [75.86871864773993, 22.719792531865803], [75.86886056012297, 22.722729302049565], [75.86895898050655, 22.724575659838553], [75.86906584032911, 22.72632387256588], [75.86907539023488, 22.726833644492046], [75.86902244905674, 22.727208531762695], [75.86897761103283, 22.727525111962105], [75.86875081286185, 22.728803433360508], [75.86873658444618, 22.72886330929126], [75.86845864744987, 22.730432861697444], [75.86840272088973, 22.73058212005701], [75.86815013749859, 22.730908680871117], [75.86714269404125, 22.732258172800563], [75.87015979041827, 22.73174757907811], [75.87153644391493, 22.733038844980676]]]]}}, {"type": "Feature", "properties": {"tessellate": -1, "extrude": 0, "visibility": -1, "objectid": 36.0, "townname": "Indore", "towncensuscode2011": "802273", "town_lgd_code": 250901.0, "ward_lgd_code": 22676.0, "ward_lgd_name": "Geeta Bhavan", "sourcewardcode": "48", "state": "Madhya Pradesh", "topology_cleaned": true, "cleaning_method": "vertex_cluster_snap_5m"}, "geometry": {"type": "MultiPolygon", "coordinates": [[[[75.8854846249308, 22.712939087747976], [75.88539563564791, 22.712924404955466], [75.88530073749705, 22.71291445198633], [75.8848215258317, 22.71294817743577], [75.88457954925477, 22.712990074179643], [75.88422784892822, 22.713063470127796], [75.88362014791333, 22.71319356193407], [75.88349479732571, 22.71321755960951], [75.88364446027906, 22.71426591721692], [75.883766802157, 22.715122835313096], [75.88392931679164, 22.716094521356045], [75.88424894995049, 22.71804550998556], [75.88444560894574, 22.719283660478258], [75.88452156809907, 22.71957310944405], [75.88465491084293, 22.719988702941997], [75.88478353676648, 22.72027632472716], [75.88560086040835, 22.721742733910336], [75.88626605381776, 22.722898794797292], [75.88677305668129, 22.72395374744461], [75.88724395308635, 22.72538792295782], [75.88790497690944, 22.72547051806607], [75.89026277048686, 22.725435545583842], [75.89005660251911, 22.72350489833579], [75.88914183830448, 22.72351351118708], [75.88895479515547, 22.723469928314245], [75.8886287402396, 22.723356660581167], [75.88841316981478, 22.723253166209695], [75.88839928435797, 22.723198864742997], [75.8884278729383, 22.723147579135652], [75.88939104706272, 22.722478931342152], [75.8899969230685, 22.72221188680515], [75.89058085905316, 22.721880195683113], [75.89063936687263, 22.721810541566796], [75.89060384519544, 22.721595347740106], [75.89057969586702, 22.72142968168162], [75.89138131279731, 22.721152463503426], [75.89145741358243, 22.721100641507086], [75.89149482631166, 22.721058971481604], [75.89153738707141, 22.720985295954225], [75.89145146065465, 22.720677750038558], [75.89134679077796, 22.72030256110164], [75.89134383625847, 22.720162114541008], [75.89140049471754, 22.720040124279155], [75.8915451805066, 22.719873742861456], [75.89163114045682, 22.719735691075428], [75.89176366260858, 22.719600631449655], [75.89191615359317, 22.719406745884722], [75.89229478037736, 22.71869391765859], [75.89250193128407, 22.718280586144562], [75.89265315453196, 22.718101792084553], [75.8927436349686, 22.717985484005936], [75.89276935184436, 22.717086647972874], [75.8927954799255, 22.7169566979868], [75.89286333925624, 22.716835638322333], [75.89295484066568, 22.71668174717977], [75.89307908923458, 22.71614259659001], [75.89311003512742, 22.716034931139404], [75.89319763709085, 22.71588042933208], [75.89332108556933, 22.715803320659592], [75.89378325779752, 22.715753495713994], [75.89398196344706, 22.71569023804536], [75.8941276792466, 22.715533694609558], [75.89441074945505, 22.7150877787992], [75.89449657663332, 22.714885230721436], [75.89479990342376, 22.71345180446114], [75.89473243579249, 22.71222450762353], [75.89469596789037, 22.712096443093547], [75.89459770011712, 22.712047401622396], [75.89436856833377, 22.712012460753254], [75.89300401447866, 22.71189461701633], [75.89222132628902, 22.71207910312849], [75.88974484748317, 22.71219939804739], [75.8892652292357, 22.71345069760564], [75.88676582719981, 22.712556216072375], [75.88635794222024, 22.71333920001606], [75.88574695637227, 22.713034288338818], [75.88559038461672, 22.712972556622162], [75.8854846249308, 22.712939087747976]]]]}}, {"type": "Feature", "properties": {"tessellate": -1, "extrude": 0, "visibility": -1, "objectid": 37.0, "townname": "Indore", "towncensuscode2011": "802273", "town_lgd_code": 250901.0, "ward_lgd_code": 22677.0, "ward_lgd_name": "Tilak Nagar", "sourcewardcode": "49", "state": "Madhya Pradesh", "topology_cleaned": true, "cleaning_method": "vertex_cluster_snap_5m"}, "geometry": {"type": "MultiPolygon", "coordinates": [[[[75.90619656758251, 22.71987050812177], [75.9061008322053, 22.716421630848007], [75.90608059782497, 22.71609899744461], [75.90606783729125, 22.715935482634976], [75.90604927080494, 22.715792234571186], [75.90602826462641, 22.715677725173844], [75.90566619862727, 22.71413044049397], [75.9056464944271, 22.71393254928267], [75.90566650752078, 22.713644645386825], [75.90580084743536, 22.712057603806894], [75.90292186143925, 22.711002119431473], [75.90249340124323, 22.710993156034128], [75.90215885445748, 22.710992514128943], [75.90006167143909, 22.71102799577365], [75.90003529407153, 22.711073941450508], [75.90002429816343, 22.711864209016984], [75.89998642277371, 22.71241516331437], [75.89995293685168, 22.712639731107405], [75.89986464577447, 22.713037363104554], [75.89926740496553, 22.713104269398187], [75.89748737742342, 22.71329980571639], [75.89479990342376, 22.71345180446114], [75.89449657663332, 22.714885230721436], [75.89441074945505, 22.7150877787992], [75.8941276792466, 22.715533694609558], [75.89398196344706, 22.71569023804536], [75.89378325779752, 22.715753495713994], [75.89332108556933, 22.715803320659592], [75.89319763709085, 22.71588042933208], [75.89311003512742, 22.716034931139404], [75.89307908923458, 22.71614259659001], [75.89295484066568, 22.71668174717977], [75.89286333925624, 22.716835638322333], [75.8927954799255, 22.7169566979868], [75.89276935184436, 22.717086647972874], [75.8927436349686, 22.717985484005936], [75.89265315453196, 22.718101792084553], [75.89250193128407, 22.718280586144562], [75.89229478037736, 22.71869391765859], [75.89276013252801, 22.7189075700389], [75.89326576377849, 22.719011064520643], [75.8933446568185, 22.71902968338763], [75.89348026106336, 22.719039765320066], [75.89470407548686, 22.719050627008148], [75.89575635572444, 22.718991531394526], [75.8958600990119, 22.71902080421866], [75.89590949181208, 22.71910710865259], [75.89593260173109, 22.71921691060266], [75.89592499531271, 22.719349738107365], [75.89588249226401, 22.719476709032147], [75.8957397514884, 22.719611919538725], [75.89563168209592, 22.719688492307007], [75.89559056247712, 22.719743823835216], [75.89539334550861, 22.720231173942285], [75.89535635678082, 22.72033778963723], [75.89532945322226, 22.720542808389865], [75.89532019974281, 22.720766787902036], [75.89530061495148, 22.72082461833944], [75.89524221395537, 22.72093270884919], [75.89495035673244, 22.721256549289798], [75.89486720180791, 22.721391335198557], [75.89483791754343, 22.721455000978516], [75.89482266070765, 22.721519581877033], [75.89481633279631, 22.721564691885867], [75.89481177630353, 22.721612682535707], [75.89480745013586, 22.72189074201451], [75.89562093987391, 22.721822956343768], [75.89580645402464, 22.721796263387795], [75.89586939099398, 22.721771702360815], [75.89613910888177, 22.721517267355047], [75.89629733589368, 22.721397416069973], [75.89663007026869, 22.721325183567398], [75.89704919044028, 22.721315425622045], [75.89881578912946, 22.721120147749126], [75.9046242108279, 22.720281739990202], [75.90619656758251, 22.71987050812177]]]]}}, {"type": "Feature", "properties": {"tessellate": -1, "extrude": 0, "visibility": -1, "objectid": 2.0, "townname": "Indore", "towncensuscode2011": "802273", "town_lgd_code": 250901.0, "ward_lgd_code": 22678.0, "ward_lgd_name": "Brajeshvaree", "sourcewardcode": "50", "state": "Madhya Pradesh", "topology_cleaned": true, "cleaning_method": "vertex_cluster_snap_5m"}, "geometry": {"type": "MultiPolygon", "coordinates": [[[[75.9201801564897, 22.714683961288276], [75.91994711405907, 22.714385859770136], [75.91985195926237, 22.71407567366494], [75.91866639837916, 22.712669915203886], [75.91861650044332, 22.712589898858358], [75.91855377358429, 22.712469578875016], [75.91851674024795, 22.71230385621174], [75.91850329916004, 22.71084384670547], [75.91847559854139, 22.71064672603812], [75.91848007330344, 22.710536678947967], [75.91850823976532, 22.710475273766473], [75.91854737977327, 22.710424193460582], [75.91860256932746, 22.710356219675333], [75.91862250187337, 22.7103084111957], [75.91864112630982, 22.71021047732466], [75.91864571113891, 22.710080466764317], [75.91853254809777, 22.70896726281728], [75.91847560323728, 22.708706356686672], [75.91820156791178, 22.707850792552296], [75.91807304858995, 22.70717875540588], [75.91802787204732, 22.70653604857447], [75.9177793097159, 22.70495824211371], [75.9176616480066, 22.704366083709967], [75.9172948053183, 22.703460735885876], [75.91722595874603, 22.703107760998567], [75.91716346673451, 22.70192534263331], [75.91737741299828, 22.698059450672243], [75.91250603588048, 22.6981259654088], [75.91101099722748, 22.698146317225483], [75.91100316477905, 22.699449821044055], [75.9102427948397, 22.7005661083916], [75.91014809944586, 22.700792019952186], [75.91007595670469, 22.701042282559325], [75.91009418654784, 22.701355352299434], [75.9100221057443, 22.701570837549855], [75.90992208030956, 22.701638521480717], [75.90980514179674, 22.701666104763817], [75.90973407435683, 22.701740308316857], [75.90985929707782, 22.702274077679984], [75.90912534877685, 22.702647518109945], [75.90878552961952, 22.702833269882507], [75.90840296489681, 22.70309215982411], [75.90829751882514, 22.700758545412], [75.90695794330354, 22.700751601197418], [75.90684186429397, 22.701560350089256], [75.90682861379901, 22.70163277940667], [75.9067871586351, 22.701857484054667], [75.90664983856337, 22.70244206411891], [75.9061231782195, 22.70426907842331], [75.90599938355622, 22.70470525969625], [75.9059345943083, 22.70505357713138], [75.90589538386847, 22.705294257190364], [75.90585798909419, 22.705899769136742], [75.90579085033751, 22.70594283014312], [75.90570475883183, 22.705946433961046], [75.90532723022547, 22.705922104289485], [75.905039762009, 22.705942519488467], [75.90484754414042, 22.706012257516186], [75.9044290779143, 22.706173604456914], [75.90362117989024, 22.706485110876127], [75.90317290516481, 22.706733520305416], [75.90298417857396, 22.706816334260893], [75.90276761687453, 22.706871031836926], [75.90049293602883, 22.707416618432237], [75.89999899745364, 22.707547034364868], [75.89439998859102, 22.708695910198895], [75.89390488185025, 22.7087980408029], [75.89436856833377, 22.712012460753254], [75.89459770011712, 22.712047401622396], [75.89469596789037, 22.712096443093547], [75.89473243579249, 22.71222450762353], [75.89479990342376, 22.71345180446114], [75.89748737742342, 22.71329980571639], [75.89926740496553, 22.713104269398187], [75.89986464577447, 22.713037363104554], [75.89995293685168, 22.712639731107405], [75.89998642277371, 22.71241516331437], [75.90002429816343, 22.711864209016984], [75.90003529407153, 22.711073941450508], [75.90006167143909, 22.71102799577365], [75.90215885445748, 22.710992514128943], [75.90249340124323, 22.710993156034128], [75.90292186143925, 22.711002119431473], [75.90580084743536, 22.712057603806894], [75.90566650752078, 22.713644645386825], [75.9056464944271, 22.71393254928267], [75.90566619862727, 22.71413044049397], [75.90602826462641, 22.715677725173844], [75.90604927080494, 22.715792234571186], [75.90606783729125, 22.715935482634976], [75.90608059782497, 22.71609899744461], [75.9061008322053, 22.716421630848007], [75.90784716779304, 22.716280929005624], [75.90825170944771, 22.716248281138416], [75.9082430132124, 22.717792877437876], [75.90818044221808, 22.717916532794067], [75.90815776503248, 22.718006539591467], [75.90818393372368, 22.718209542357556], [75.90831848816015, 22.718739193780358], [75.90852785959416, 22.719274291372802], [75.90899313692832, 22.719163161180383], [75.90916031497432, 22.719147577330833], [75.91102159163556, 22.719715093049683], [75.91216143669399, 22.72010188959584], [75.9137193711923, 22.72079277725499], [75.91425182239135, 22.721046179102576], [75.91616734249503, 22.722002914331885], [75.91816901400905, 22.722835560386336], [75.91841205982261, 22.72298221434054], [75.9194424786401, 22.723831349920754], [75.92054267848265, 22.724600496467996], [75.9208980156285, 22.724822015173203], [75.92104891554068, 22.724890428481213], [75.921716693614, 22.725150702809298], [75.92560063855763, 22.726555284320096], [75.92614411603779, 22.72673333706787], [75.92632724484594, 22.72678629288436], [75.92787429929045, 22.726867830583558], [75.92783270348049, 22.72357349425554], [75.9261383366485, 22.72367626727945], [75.92571695313188, 22.722915876955536], [75.92506822884742, 22.722331768715854], [75.92440159149254, 22.721776305284404], [75.92421947461152, 22.721582969401652], [75.9241574149485, 22.721447382480886], [75.92407997662308, 22.72121116720483], [75.92405755466436, 22.7211346975145], [75.92400256976472, 22.721023097232823], [75.923924624589, 22.720914339485628], [75.92384845572309, 22.720838089995738], [75.92356285483967, 22.720691057830564], [75.92346023107267, 22.72061920642978], [75.92229486483252, 22.719015540548153], [75.9222262302424, 22.718857317997074], [75.92216455065049, 22.71851640925705], [75.9221499673787, 22.71802564338825], [75.92215508414489, 22.71768489135999], [75.92070283453697, 22.71539961424536], [75.9201801564897, 22.714683961288276]]]]}}, {"type": "Feature", "properties": {"tessellate": -1, "extrude": 0, "visibility": -1, "objectid": 3.0, "townname": "Indore", "towncensuscode2011": "802273", "town_lgd_code": 250901.0, "ward_lgd_code": 22679.0, "ward_lgd_name": "Maam Bhagavatee Nagar", "sourcewardcode": "51", "state": "Madhya Pradesh", "topology_cleaned": true, "cleaning_method": "vertex_cluster_snap_5m"}, "geometry": {"type": "MultiPolygon", "coordinates": [[[[75.90908036343185, 22.685545523337492], [75.90720242792868, 22.686545741992653], [75.9071135471175, 22.68658960408072], [75.9066511213304, 22.68682193306562], [75.90639034132788, 22.68694219384368], [75.90626638373996, 22.686981285929186], [75.90616025228302, 22.686992545692572], [75.90602883110644, 22.686992115292142], [75.90584268813441, 22.686974922074764], [75.9049226893174, 22.686890066433868], [75.9041296280124, 22.686819483366186], [75.90387952302855, 22.686816288940182], [75.9035256774995, 22.686847553475193], [75.90305195811112, 22.686917341829513], [75.90170285975614, 22.687115814367306], [75.90014053016307, 22.687338509000817], [75.8997273047093, 22.687400269355354], [75.89895473158991, 22.687515896598626], [75.89777118312325, 22.687770224171565], [75.89684554485333, 22.68798588226249], [75.89644858627305, 22.688049711020746], [75.89629696025786, 22.688056160569907], [75.89606963822776, 22.68803891557176], [75.89488326049418, 22.68779913158514], [75.89416885923833, 22.687654259598297], [75.89321482403845, 22.68742454665096], [75.89269547254547, 22.687258797170365], [75.89262655474369, 22.687229372501125], [75.8919434572929, 22.68683653991167], [75.89108453816537, 22.686230238951055], [75.89033847735577, 22.68576367881646], [75.88996607260648, 22.68555916411648], [75.88964974066107, 22.685415038898594], [75.8895320126171, 22.685394284815484], [75.88941557102991, 22.685391860556553], [75.88933009486583, 22.685405975306804], [75.88926828187428, 22.68674916945094], [75.88950212271295, 22.686751212475617], [75.889427554479, 22.687957988211544], [75.88947818219874, 22.68881882570602], [75.88961397864452, 22.689873761183325], [75.89166785905265, 22.689618892648056], [75.89202717195633, 22.689588436586373], [75.89288289682831, 22.689592608075937], [75.8939277968821, 22.68966084667319], [75.89489784197504, 22.68975993822101], [75.89534879209602, 22.689839345838546], [75.89568052586888, 22.68990930235105], [75.89594651959112, 22.69000464761985], [75.89687214418424, 22.69053250199371], [75.89754767918966, 22.690969978002048], [75.89811462655445, 22.69144514089539], [75.89860930837855, 22.691437170316153], [75.89873884184877, 22.691416163895678], [75.89881034713544, 22.691408942436585], [75.8988811269631, 22.69140989989491], [75.89896331997447, 22.691406954188892], [75.89917564859014, 22.691355944420494], [75.90006111968933, 22.691031560224022], [75.90026632470692, 22.690933391618948], [75.90036873106051, 22.690872926732393], [75.90049822779666, 22.69078683628594], [75.90098320361524, 22.690381686505603], [75.90106151709085, 22.69032894453636], [75.90111841879185, 22.690306764315366], [75.90117962187603, 22.69030967161928], [75.90123179803825, 22.690346413177036], [75.90155568328929, 22.69077853484102], [75.90159899900101, 22.69080010556126], [75.9016706037769, 22.690793288760783], [75.90174730656172, 22.690739878057524], [75.90179124673334, 22.6906857937769], [75.90184464778135, 22.690589833357013], [75.90188927481476, 22.690506839559372], [75.90193704878602, 22.69042870584041], [75.90197535416472, 22.690391273996184], [75.90204113468369, 22.690357300507184], [75.90211900813888, 22.69034150550768], [75.90233335406327, 22.690338851995186], [75.90272353080462, 22.690346362379366], [75.90278223396612, 22.69041346267048], [75.90301654467342, 22.691986774156415], [75.90305497182558, 22.692413547382817], [75.90430002108552, 22.692269757834655], [75.90483976216849, 22.692214857881797], [75.90536685297099, 22.692175654767805], [75.90649390156074, 22.69214922204508], [75.90762952211888, 22.692138450194623], [75.90804041029554, 22.692104594393985], [75.90833447249852, 22.692010879555475], [75.90873701499221, 22.69177445930925], [75.90902596963078, 22.691570750374275], [75.90911047571875, 22.691542177786992], [75.90996433555186, 22.691424593782855], [75.91026762120202, 22.69134229491757], [75.91161155607068, 22.690697729897696], [75.91180122561707, 22.69142362443344], [75.912060229463, 22.693108336354307], [75.91222195262498, 22.693979368691778], [75.91231932790505, 22.694762153995875], [75.91206903465697, 22.694791492583803], [75.91250603588048, 22.6981259654088], [75.91737741299828, 22.698059450672243], [75.91750915451443, 22.69806257951784], [75.91755835345303, 22.697220063186922], [75.91763256774236, 22.69598230110782], [75.91762184722393, 22.695658982148746], [75.91788979977908, 22.694802474554574], [75.91921459173317, 22.68585945058959], [75.91683226344794, 22.686330452468987], [75.91663657380153, 22.685477865652842], [75.9159328171358, 22.682819329977825], [75.91537893402493, 22.683112998778846], [75.91466982205472, 22.68348568802877], [75.91414055320864, 22.683763404298734], [75.91398858251263, 22.68384909177861], [75.91374303635433, 22.68396006363202], [75.91358114551124, 22.68401780507637], [75.91344953335704, 22.684061553121193], [75.91322689724016, 22.684119008488835], [75.91245054216026, 22.684334987949146], [75.91171165140722, 22.6845493050704], [75.91121832247862, 22.68469899032895], [75.91106902254067, 22.684747353625326], [75.91078056257952, 22.684846551359325], [75.91002126890682, 22.685156184684867], [75.90908036343185, 22.685545523337492]]]]}}, {"type": "Feature", "properties": {"tessellate": -1, "extrude": 0, "visibility": -1, "objectid": 5.0, "townname": "Indore", "towncensuscode2011": "802273", "town_lgd_code": 250901.0, "ward_lgd_code": 22680.0, "ward_lgd_name": "Musakkhedi", "sourcewardcode": "52", "state": "Madhya Pradesh", "topology_cleaned": true, "cleaning_method": "vertex_cluster_snap_5m"}, "geometry": {"type": "MultiPolygon", "coordinates": [[[[75.89512670873029, 22.69463034501255], [75.89532639235736, 22.694482622187074], [75.89649027065768, 22.693679304619952], [75.89672894618178, 22.693480054170035], [75.89699320275349, 22.693232604380665], [75.89710272484548, 22.693187999737333], [75.89719878460609, 22.69316903391431], [75.89887821257919, 22.692933062427684], [75.90005378249118, 22.692911460836253], [75.90024602276415, 22.692862414342397], [75.90113647602146, 22.692576837963237], [75.90146969561579, 22.692530248063527], [75.90175541103417, 22.692513914711206], [75.90305497182558, 22.692413547382817], [75.90301654467342, 22.691986774156415], [75.90278223396612, 22.69041346267048], [75.90272353080462, 22.690346362379366], [75.90233335406327, 22.690338851995186], [75.90211900813888, 22.69034150550768], [75.90204113468369, 22.690357300507184], [75.90197535416472, 22.690391273996184], [75.90193704878602, 22.69042870584041], [75.90188927481476, 22.690506839559372], [75.90184464778135, 22.690589833357013], [75.90179124673334, 22.6906857937769], [75.90174730656172, 22.690739878057524], [75.9016706037769, 22.690793288760783], [75.90159899900101, 22.69080010556126], [75.90155568328929, 22.69077853484102], [75.90123179803825, 22.690346413177036], [75.90117962187603, 22.69030967161928], [75.90111841879185, 22.690306764315366], [75.90106151709085, 22.69032894453636], [75.90098320361524, 22.690381686505603], [75.90049822779666, 22.69078683628594], [75.90036873106051, 22.690872926732393], [75.90026632470692, 22.690933391618948], [75.90006111968933, 22.691031560224022], [75.89917564859014, 22.691355944420494], [75.89896331997447, 22.691406954188892], [75.8988811269631, 22.69140989989491], [75.89881034713544, 22.691408942436585], [75.89873884184877, 22.691416163895678], [75.89860930837855, 22.691437170316153], [75.89811462655445, 22.69144514089539], [75.89754767918966, 22.690969978002048], [75.89687214418424, 22.69053250199371], [75.89594651959112, 22.69000464761985], [75.89568052586888, 22.68990930235105], [75.89534879209602, 22.689839345838546], [75.89489784197504, 22.68975993822101], [75.8939277968821, 22.68966084667319], [75.89288289682831, 22.689592608075937], [75.89202717195633, 22.689588436586373], [75.89166785905265, 22.689618892648056], [75.88961397864452, 22.689873761183325], [75.8896073991234, 22.69092054505943], [75.88975650582378, 22.693327649993208], [75.89018677017293, 22.6946037914819], [75.89094350089107, 22.694469685596836], [75.89097687039832, 22.694631823213342], [75.891141304866, 22.694602634308104], [75.89120943863352, 22.694871529244434], [75.89098232981138, 22.694919042886465], [75.89102549250086, 22.69515031889365], [75.890546207102, 22.695313413179324], [75.89108862850817, 22.69661828468985], [75.89131261984373, 22.69730734048875], [75.89143045357208, 22.697237491201562], [75.89237008436452, 22.696781325885556], [75.89313552344731, 22.696382222504933], [75.89339964341067, 22.69624696923135], [75.89356277380534, 22.6961215834763], [75.8937308807957, 22.69593799715144], [75.89475173560766, 22.694964585847572], [75.89490268517362, 22.694822826796237], [75.89512670873029, 22.69463034501255]]]]}}, {"type": "Feature", "properties": {"tessellate": -1, "extrude": 0, "visibility": -1, "objectid": 7.0, "townname": "Indore", "towncensuscode2011": "802273", "town_lgd_code": 250901.0, "ward_lgd_code": 22681.0, "ward_lgd_name": "Dr Maulaana Aajaad Nagar", "sourcewardcode": "53", "state": "Madhya Pradesh", "topology_cleaned": true, "cleaning_method": "vertex_cluster_snap_5m"}, "geometry": {"type": "MultiPolygon", "coordinates": [[[[75.8844661662991, 22.699734293491748], [75.88495696701204, 22.70063262406034], [75.8852804442817, 22.700580972326314], [75.88642810124227, 22.700552848770243], [75.88792312444265, 22.70055458592678], [75.88873491505599, 22.700528941652596], [75.8888972730075, 22.700523794239214], [75.88899020631466, 22.700275863552704], [75.88927711505819, 22.69988359119205], [75.88977269073489, 22.699285650602828], [75.89029939373597, 22.69858636556115], [75.89011992750406, 22.697879536644695], [75.88993311019425, 22.697338052566753], [75.88975571789462, 22.69685378514432], [75.88963005837215, 22.696510867652723], [75.88877265953515, 22.696736850619953], [75.88856456987432, 22.69600551834146], [75.88996728899036, 22.695636222010975], [75.8898999096499, 22.695453678013404], [75.890546207102, 22.695313413179324], [75.89102549250086, 22.69515031889365], [75.89098232981138, 22.694919042886465], [75.89120943863352, 22.694871529244434], [75.891141304866, 22.694602634308104], [75.89097687039832, 22.694631823213342], [75.89094350089107, 22.694469685596836], [75.89018677017293, 22.6946037914819], [75.88975650582378, 22.693327649993208], [75.8896073991234, 22.69092054505943], [75.88961397864452, 22.689873761183325], [75.88664174964825, 22.690122040676084], [75.88620679302817, 22.690122191227637], [75.88589097823606, 22.69008988494225], [75.8855785102217, 22.689987553486965], [75.88536664318305, 22.689876083591823], [75.88513692447461, 22.68968305347378], [75.88469995300935, 22.68912650491735], [75.88433689603849, 22.68952939739905], [75.88469712047448, 22.689837781960247], [75.88477062346534, 22.68992942232583], [75.88480073086555, 22.689979027932807], [75.88483345578348, 22.690057253790165], [75.88483708635172, 22.690122361915144], [75.88482843791218, 22.690276422999794], [75.88474134844853, 22.690509866429775], [75.88466774175635, 22.690614424192887], [75.88459456956583, 22.69072602529084], [75.88454018457149, 22.690837432201917], [75.88452370097427, 22.69095386880536], [75.88452596701138, 22.69106423998603], [75.88454667555268, 22.691151023349555], [75.88463801307124, 22.691306248084107], [75.88481994158862, 22.69157614317094], [75.88488505182973, 22.691679572781013], [75.88490054775697, 22.691818686174393], [75.88489069860061, 22.69195251987256], [75.88477257899976, 22.69232641788084], [75.88471284607076, 22.692484374532903], [75.88471649583285, 22.692658601588366], [75.88475162381397, 22.692838074448204], [75.88485013490522, 22.693033817658186], [75.88499328064175, 22.693252077228976], [75.88510969714429, 22.693401110790877], [75.88515051495597, 22.693450837714646], [75.88523920415459, 22.693587468605354], [75.88528574650495, 22.693694794571083], [75.8853106312081, 22.69397684883113], [75.88527445506473, 22.694664733624577], [75.88529025854461, 22.694821278958567], [75.88531398272517, 22.694922678983044], [75.88532912170886, 22.694975799783244], [75.88538963985324, 22.695061188436263], [75.8854548628375, 22.695106083056835], [75.88561734354538, 22.69516642792146], [75.88573199569818, 22.695214797585233], [75.88589581099843, 22.695323687305123], [75.88592769534667, 22.695361720511823], [75.88599837814814, 22.695468370593034], [75.88604165418354, 22.695612569122517], [75.88606407891044, 22.695723731873294], [75.88608377131264, 22.69589443740367], [75.88606584987471, 22.696195878451377], [75.88601205366494, 22.696323271013263], [75.88596222433392, 22.696446847723962], [75.88588796375168, 22.696556016496185], [75.88561437227511, 22.696816914246483], [75.88543907406272, 22.697072570525886], [75.8853338745311, 22.697260678246465], [75.88525013081419, 22.697394107717713], [75.88518221991191, 22.697476503287717], [75.88510349001791, 22.697541795919246], [75.88497356536735, 22.697669880204657], [75.88375814857397, 22.698968952888603], [75.8844661662991, 22.699734293491748]]]]}}, {"type": "Feature", "properties": {"tessellate": -1, "extrude": 0, "visibility": -1, "objectid": 4.0, "townname": "Indore", "towncensuscode2011": "802273", "town_lgd_code": 250901.0, "ward_lgd_code": 22682.0, "ward_lgd_name": "Residency", "sourcewardcode": "54", "state": "Madhya Pradesh", "topology_cleaned": true, "cleaning_method": "vertex_cluster_snap_5m"}, "geometry": {"type": "MultiPolygon", "coordinates": [[[[75.88411327495815, 22.700860674930798], [75.88332531350542, 22.701004677589097], [75.88187668136004, 22.701209227287865], [75.88137247879129, 22.701378393941148], [75.88091654439773, 22.701620551166872], [75.87941807014982, 22.7027119454164], [75.87839317548251, 22.70342919799605], [75.87827784470927, 22.703542292427553], [75.87821954468251, 22.7036367366715], [75.87811828908737, 22.7038959985362], [75.87782330229746, 22.704692162966783], [75.87818955295143, 22.704826822687224], [75.87838438327569, 22.704950950891448], [75.87856173473466, 22.70511275224658], [75.87873384861801, 22.705353892167867], [75.87881132669337, 22.705579472987495], [75.878828565131, 22.705824444389872], [75.87877574432764, 22.706518200226224], [75.8787370653485, 22.70733788906144], [75.87876839645706, 22.708036602309452], [75.87884895981621, 22.7084402070076], [75.87900505550395, 22.708733645316034], [75.87917454804393, 22.708990335727382], [75.87962671781781, 22.709541483902274], [75.88058444406407, 22.71046426696641], [75.88077886342637, 22.71064430856699], [75.88121215562805, 22.71090631849345], [75.8815200023652, 22.71100976649054], [75.88233327279487, 22.71114430034879], [75.88271545939159, 22.711270641077554], [75.88282865190408, 22.711324756424066], [75.88294279367054, 22.711177701165813], [75.8831341056016, 22.71075128019871], [75.88326553968133, 22.7105831726434], [75.88385049838584, 22.710036515067433], [75.88468267832451, 22.709296085050333], [75.88483359481265, 22.709114860965478], [75.8849465419682, 22.70888859140066], [75.8859133439274, 22.706798690808977], [75.88598814040901, 22.706650948068066], [75.88606406607688, 22.706557668129097], [75.88614935599159, 22.706467136518448], [75.88639556169362, 22.70632783833159], [75.88698463436066, 22.70606180280845], [75.88711355452045, 22.705973377369364], [75.88724826489253, 22.70586188552735], [75.8873970173286, 22.70567832255316], [75.88819776858062, 22.70420809142868], [75.88827441882457, 22.704152112818143], [75.88864883407531, 22.703981658124786], [75.89127395007714, 22.702525296230796], [75.89197723258492, 22.7056768779291], [75.89198581918755, 22.70572488565081], [75.89214093206299, 22.705652479284208], [75.89339177971658, 22.70489621095333], [75.89439998859102, 22.708695910198895], [75.89999899745364, 22.707547034364868], [75.90049293602883, 22.707416618432237], [75.90276761687453, 22.706871031836926], [75.90298417857396, 22.706816334260893], [75.90317290516481, 22.706733520305416], [75.90362117989024, 22.706485110876127], [75.9044290779143, 22.706173604456914], [75.90484754414042, 22.706012257516186], [75.905039762009, 22.705942519488467], [75.90532723022547, 22.705922104289485], [75.90570475883183, 22.705946433961046], [75.90579085033751, 22.70594283014312], [75.90585798909419, 22.705899769136742], [75.90589538386847, 22.705294257190364], [75.9059345943083, 22.70505357713138], [75.90599938355622, 22.70470525969625], [75.9061231782195, 22.70426907842331], [75.90664983856337, 22.70244206411891], [75.9067871586351, 22.701857484054667], [75.90682861379901, 22.70163277940667], [75.90684186429397, 22.701560350089256], [75.90695794330354, 22.700751601197418], [75.90829751882514, 22.700758545412], [75.90840296489681, 22.70309215982411], [75.90878552961952, 22.702833269882507], [75.90912534877685, 22.702647518109945], [75.90985929707782, 22.702274077679984], [75.90973407435683, 22.701740308316857], [75.90980514179674, 22.701666104763817], [75.90992208030956, 22.701638521480717], [75.9100221057443, 22.701570837549855], [75.91009418654784, 22.701355352299434], [75.91007595670469, 22.701042282559325], [75.91014809944586, 22.700792019952186], [75.9102427948397, 22.7005661083916], [75.91100316477905, 22.699449821044055], [75.91101099722748, 22.698146317225483], [75.91250603588048, 22.6981259654088], [75.91206903465697, 22.694791492583803], [75.91231932790505, 22.694762153995875], [75.91222195262498, 22.693979368691778], [75.912060229463, 22.693108336354307], [75.91180122561707, 22.69142362443344], [75.91161155607068, 22.690697729897696], [75.91026762120202, 22.69134229491757], [75.90996433555186, 22.691424593782855], [75.90911047571875, 22.691542177786992], [75.90902596963078, 22.691570750374275], [75.90873701499221, 22.69177445930925], [75.90833447249852, 22.692010879555475], [75.90804041029554, 22.692104594393985], [75.90762952211888, 22.692138450194623], [75.90649390156074, 22.69214922204508], [75.90536685297099, 22.692175654767805], [75.90483976216849, 22.692214857881797], [75.90430002108552, 22.692269757834655], [75.90305497182558, 22.692413547382817], [75.90175541103417, 22.692513914711206], [75.90146969561579, 22.692530248063527], [75.90113647602146, 22.692576837963237], [75.90024602276415, 22.692862414342397], [75.90005378249118, 22.692911460836253], [75.89887821257919, 22.692933062427684], [75.89719878460609, 22.69316903391431], [75.89710272484548, 22.693187999737333], [75.89699320275349, 22.693232604380665], [75.89672894618178, 22.693480054170035], [75.89649027065768, 22.693679304619952], [75.89532639235736, 22.694482622187074], [75.89512670873029, 22.69463034501255], [75.89490268517362, 22.694822826796237], [75.89475173560766, 22.694964585847572], [75.8937308807957, 22.69593799715144], [75.89356277380534, 22.6961215834763], [75.89339964341067, 22.69624696923135], [75.89313552344731, 22.696382222504933], [75.89237008436452, 22.696781325885556], [75.89143045357208, 22.697237491201562], [75.89131261984373, 22.69730734048875], [75.89108862850817, 22.69661828468985], [75.890546207102, 22.695313413179324], [75.8898999096499, 22.695453678013404], [75.88996728899036, 22.695636222010975], [75.88856456987432, 22.69600551834146], [75.88877265953515, 22.696736850619953], [75.88963005837215, 22.696510867652723], [75.88975571789462, 22.69685378514432], [75.88993311019425, 22.697338052566753], [75.89011992750406, 22.697879536644695], [75.89029939373597, 22.69858636556115], [75.88977269073489, 22.699285650602828], [75.88927711505819, 22.69988359119205], [75.88899020631466, 22.700275863552704], [75.8888972730075, 22.700523794239214], [75.88873491505599, 22.700528941652596], [75.88792312444265, 22.70055458592678], [75.88642810124227, 22.700552848770243], [75.8852804442817, 22.700580972326314], [75.88495696701204, 22.70063262406034], [75.88411327495815, 22.700860674930798]]]]}}, {"type": "Feature", "properties": {"tessellate": -1, "extrude": 0, "visibility": -1, "objectid": 13.0, "townname": "Indore", "towncensuscode2011": "802273", "town_lgd_code": 250901.0, "ward_lgd_code": 22683.0, "ward_lgd_name": "Saaooth Tukoganj", "sourcewardcode": "55", "state": "Madhya Pradesh", "topology_cleaned": true, "cleaning_method": "vertex_cluster_snap_5m"}, "geometry": {"type": "MultiPolygon", "coordinates": [[[[75.8854846249308, 22.712939087747976], [75.88559038461672, 22.712972556622162], [75.88574695637227, 22.713034288338818], [75.88635794222024, 22.71333920001606], [75.88676582719981, 22.712556216072375], [75.8892652292357, 22.71345069760564], [75.88974484748317, 22.71219939804739], [75.89222132628902, 22.71207910312849], [75.89300401447866, 22.71189461701633], [75.89436856833377, 22.712012460753254], [75.89390488185025, 22.7087980408029], [75.89439998859102, 22.708695910198895], [75.89339177971658, 22.70489621095333], [75.89214093206299, 22.705652479284208], [75.89198581918755, 22.70572488565081], [75.89197723258492, 22.7056768779291], [75.89127395007714, 22.702525296230796], [75.88864883407531, 22.703981658124786], [75.88827441882457, 22.704152112818143], [75.88819776858062, 22.70420809142868], [75.8873970173286, 22.70567832255316], [75.88724826489253, 22.70586188552735], [75.88711355452045, 22.705973377369364], [75.88698463436066, 22.70606180280845], [75.88639556169362, 22.70632783833159], [75.88614935599159, 22.706467136518448], [75.88606406607688, 22.706557668129097], [75.88598814040901, 22.706650948068066], [75.8859133439274, 22.706798690808977], [75.8849465419682, 22.70888859140066], [75.88483359481265, 22.709114860965478], [75.88468267832451, 22.709296085050333], [75.88385049838584, 22.710036515067433], [75.88326553968133, 22.7105831726434], [75.8831341056016, 22.71075128019871], [75.88294279367054, 22.711177701165813], [75.88282865190408, 22.711324756424066], [75.88271545939159, 22.711270641077554], [75.88233327279487, 22.71114430034879], [75.8815200023652, 22.71100976649054], [75.88121215562805, 22.71090631849345], [75.88077886342637, 22.71064430856699], [75.88058444406407, 22.71046426696641], [75.87962671781781, 22.709541483902274], [75.87917454804393, 22.708990335727382], [75.87900505550395, 22.708733645316034], [75.87884895981621, 22.7084402070076], [75.87876839645706, 22.708036602309452], [75.8787370653485, 22.70733788906144], [75.87669507444132, 22.707854491322145], [75.87608842810053, 22.70801029253301], [75.8758446208406, 22.708130863664227], [75.87573988652703, 22.70827298470192], [75.87489820617228, 22.70884287766379], [75.87389803604361, 22.70947803784055], [75.87127811650777, 22.7111602804668], [75.86992000149894, 22.712057878758465], [75.86907130024082, 22.712448564701333], [75.86749434872257, 22.712831996954225], [75.86788135296823, 22.71367737720662], [75.86797382146162, 22.714058701965588], [75.86820769526248, 22.715324316093163], [75.86871864773993, 22.719792531865803], [75.87080666313764, 22.720022717332025], [75.87188284425953, 22.720305277292127], [75.87284860950439, 22.720480217048582], [75.87565704979164, 22.72100991373028], [75.87944078962047, 22.722058023283974], [75.88285546521041, 22.72295768051218], [75.88514697609926, 22.72356891973378], [75.88677305668129, 22.72395374744461], [75.88626605381776, 22.722898794797292], [75.88560086040835, 22.721742733910336], [75.88478353676648, 22.72027632472716], [75.88465491084293, 22.719988702941997], [75.88452156809907, 22.71957310944405], [75.88444560894574, 22.719283660478258], [75.88424894995049, 22.71804550998556], [75.88392931679164, 22.716094521356045], [75.883766802157, 22.715122835313096], [75.88364446027906, 22.71426591721692], [75.88349479732571, 22.71321755960951], [75.88362014791333, 22.71319356193407], [75.88422784892822, 22.713063470127796], [75.88457954925477, 22.712990074179643], [75.8848215258317, 22.71294817743577], [75.88530073749705, 22.71291445198633], [75.88539563564791, 22.712924404955466], [75.8854846249308, 22.712939087747976]]]]}}, {"type": "Feature", "properties": {"tessellate": -1, "extrude": 0, "visibility": -1, "objectid": 34.0, "townname": "Indore", "towncensuscode2011": "802273", "town_lgd_code": 250901.0, "ward_lgd_code": 22684.0, "ward_lgd_name": "Snehalata Ganj", "sourcewardcode": "56", "state": "Madhya Pradesh", "topology_cleaned": true, "cleaning_method": "vertex_cluster_snap_5m"}, "geometry": {"type": "MultiPolygon", "coordinates": [[[[75.87153644391493, 22.733038844980676], [75.87015979041827, 22.73174757907811], [75.86714269404125, 22.732258172800563], [75.86815013749859, 22.730908680871117], [75.86840272088973, 22.73058212005701], [75.86845864744987, 22.730432861697444], [75.86873658444618, 22.72886330929126], [75.86875081286185, 22.728803433360508], [75.86897761103283, 22.727525111962105], [75.86902244905674, 22.727208531762695], [75.86907539023488, 22.726833644492046], [75.86906584032911, 22.72632387256588], [75.86895898050655, 22.724575659838553], [75.86886056012297, 22.722729302049565], [75.86804230401798, 22.722755154947343], [75.86536305362596, 22.722873649072653], [75.8653186642931, 22.722689886423062], [75.86465460312348, 22.722739908885043], [75.86427931750852, 22.722164727009808], [75.86353083254696, 22.721779718338006], [75.86342403323106, 22.721751570048852], [75.86277478905659, 22.721725988383902], [75.86272688921565, 22.721742686981912], [75.86270100837308, 22.72176920310361], [75.86259460390602, 22.722122427051794], [75.86251931966557, 22.72215882985951], [75.86244380268845, 22.722158108095858], [75.86236716680979, 22.722141990998935], [75.86211977136512, 22.722053265761883], [75.86189832468895, 22.722096463305924], [75.86214349971067, 22.72368007850495], [75.86215420811733, 22.723757343566483], [75.8623128611422, 22.724710015361744], [75.8625121670175, 22.725902836578165], [75.86257652280548, 22.726211961127028], [75.86271426453395, 22.72687252628588], [75.86302271813196, 22.72824857948215], [75.86327566849697, 22.729608401016254], [75.863277317137, 22.729809015703054], [75.86326525879589, 22.729904740610298], [75.86324458383378, 22.729992924306266], [75.8631597229749, 22.7301565190959], [75.86306441671397, 22.73031601504936], [75.86180842230745, 22.73236606336165], [75.86258691386722, 22.73336561381334], [75.86285243266784, 22.733778615803438], [75.86313876427009, 22.734450843032764], [75.86333138251148, 22.73499341002479], [75.86346679954384, 22.73528155452613], [75.86356570726988, 22.73541597346526], [75.86379110430464, 22.73553326860563], [75.86445382635559, 22.73467172878302], [75.86558551053714, 22.73320433163006], [75.8658462684964, 22.73335476428691], [75.86625929614027, 22.733584810303164], [75.86632079338555, 22.733631403509452], [75.86635805170968, 22.733671669476415], [75.86638750165423, 22.733709087196498], [75.86641600060486, 22.73375012327403], [75.8664521820322, 22.73382038468095], [75.8664862495441, 22.733926066976228], [75.86652124582541, 22.734055501067193], [75.86655588147663, 22.734266776256533], [75.86661748779999, 22.734601025229452], [75.86668273369756, 22.7350491607792], [75.86679336862987, 22.735684033550456], [75.8669408978344, 22.73648644913718], [75.86703214234058, 22.73698015040433], [75.86714443147841, 22.737537058810553], [75.87073655470164, 22.737005173899995], [75.87088299557607, 22.737416642424044], [75.87139126176689, 22.740285780438334], [75.87138530898925, 22.740337617181734], [75.87126493769806, 22.740997863542184], [75.87127090132144, 22.741047602874307], [75.87152158723217, 22.741341795582265], [75.87158902631997, 22.74142615728824], [75.87164805451897, 22.741474161846487], [75.87171846737951, 22.741520658989526], [75.87184487196521, 22.741566308607176], [75.87201575993339, 22.741593107370214], [75.87211503772704, 22.741599611258216], [75.87225029095177, 22.741581710250415], [75.87245692033622, 22.74151653812652], [75.87292785732234, 22.741482350432385], [75.87300571416435, 22.74147415667556], [75.87306568771625, 22.741486926830262], [75.87314539543206, 22.741540147292465], [75.87321101872585, 22.741614446411333], [75.87326082458706, 22.741666972091686], [75.87332997059549, 22.74168258257206], [75.87345261788789, 22.741673240469755], [75.87352998137278, 22.74164869942395], [75.87377190770016, 22.741483156677386], [75.87420328059427, 22.7412000514915], [75.8743237232226, 22.741104455659276], [75.87435151125898, 22.741040756456332], [75.87435449521794, 22.74096635338431], [75.87432709466744, 22.740746459471755], [75.8743137039351, 22.740677520632474], [75.87428392258396, 22.740603883986253], [75.87425267191921, 22.74052890042235], [75.8741450284193, 22.74030935515165], [75.87411388874938, 22.740251804636674], [75.87409658309556, 22.740179770802616], [75.87429270779589, 22.739688341403827], [75.87481589859303, 22.739021191097976], [75.87484357447237, 22.738978223159027], [75.87484587613045, 22.738926722457723], [75.8742127683106, 22.73829679331553], [75.8741574044241, 22.738212366631068], [75.87408525807878, 22.73795432709047], [75.87408198293379, 22.737898701710183], [75.87410663381742, 22.737824134930502], [75.87418058456925, 22.73773800720805], [75.8743268822297, 22.737650490002345], [75.87442003896348, 22.737629023715325], [75.87459332613629, 22.737605041248163], [75.87585335832692, 22.73758811345973], [75.87591099699083, 22.737570905827507], [75.8760138559313, 22.73751325343963], [75.87617862160606, 22.73731353380787], [75.87620867087479, 22.73724580221154], [75.87616336861112, 22.737074694595467], [75.87618945463761, 22.737011591561245], [75.87696785941385, 22.73591595478853], [75.87626893258383, 22.73533282424968], [75.8750867923744, 22.73416609506683], [75.87496251240468, 22.734330995540777], [75.87469597053806, 22.73460498032892], [75.87376250009807, 22.73543660665279], [75.87153644391493, 22.733038844980676]]]]}}, {"type": "Feature", "properties": {"tessellate": -1, "extrude": 0, "visibility": -1, "objectid": 32.0, "townname": "Indore", "towncensuscode2011": "802273", "town_lgd_code": 250901.0, "ward_lgd_code": 22685.0, "ward_lgd_name": "Devi Ahilyaabai", "sourcewardcode": "57", "state": "Madhya Pradesh", "topology_cleaned": true, "cleaning_method": "vertex_cluster_snap_5m"}, "geometry": {"type": "MultiPolygon", "coordinates": [[[[75.85665716068412, 22.734654363909044], [75.85615965129543, 22.73459388897525], [75.855274699327, 22.734508206596278], [75.85452482729123, 22.734439953501635], [75.85346574354035, 22.734351759453038], [75.85287289357625, 22.73429024771028], [75.85228547883075, 22.734257158854692], [75.85096678797618, 22.73413580808522], [75.85078311100715, 22.73611955732075], [75.85079616475457, 22.736238317511273], [75.85083098723229, 22.736302582881674], [75.85088258318217, 22.736394264551322], [75.85123580210988, 22.736867973149284], [75.85129811028955, 22.736975315097382], [75.85144033562615, 22.737297217617463], [75.85161977582659, 22.7377785354816], [75.8519487523111, 22.738707997948367], [75.85199257343872, 22.73880197890211], [75.85204366236012, 22.73885870497061], [75.85212542035171, 22.738929991329158], [75.85219873358908, 22.738974313896716], [75.85229315295432, 22.739030086144865], [75.85243057366485, 22.739094661983717], [75.85262274059907, 22.739208898289746], [75.85272458325223, 22.73928387103171], [75.85284053707512, 22.739388667742425], [75.85294224935971, 22.739505373660574], [75.85302585494725, 22.73962316980391], [75.85311665577737, 22.739801900473065], [75.8531433498741, 22.739882061635925], [75.85316220450608, 22.73993868842825], [75.85318316872149, 22.74006847153849], [75.8531864891649, 22.74011705153789], [75.85314333396074, 22.740256119708647], [75.85307496546837, 22.740443829877353], [75.8529501166458, 22.740773389181733], [75.85286080331258, 22.74130541484549], [75.85294233440263, 22.741355519463408], [75.85360069787018, 22.7414782402634], [75.85367769292556, 22.741511386627064], [75.85372656361616, 22.741587002985327], [75.85376341651364, 22.74170333218868], [75.85378278117544, 22.741810631468], [75.85372656202524, 22.741978765606532], [75.8536373373079, 22.742132623216193], [75.85347639902672, 22.742264913599655], [75.85336194150219, 22.74229181108234], [75.85329406275189, 22.742291812287224], [75.85282970787965, 22.74214836288215], [75.85275827302273, 22.742187360378402], [75.85251202907753, 22.742728940183195], [75.85249788670392, 22.742851142252672], [75.85251206278504, 22.742938506373452], [75.85278667883559, 22.743453820621017], [75.8528766334973, 22.743558575273436], [75.85295243986376, 22.74358048217436], [75.85315069596999, 22.74351357282789], [75.8533969611721, 22.743430508674837], [75.85368103011011, 22.743334595917553], [75.8537864633271, 22.74332852238432], [75.85389124508742, 22.743358674715136], [75.85394791969941, 22.74343623652723], [75.8539727835316, 22.74353510564047], [75.85398327678604, 22.743687888418968], [75.85401757373845, 22.743925635093312], [75.85405429736434, 22.744021008237215], [75.85414115217814, 22.744096873014133], [75.85424270461206, 22.744124422781063], [75.85439029209199, 22.74411586517989], [75.85457843430484, 22.744082611015795], [75.8547438201372, 22.744070254344646], [75.8548578682802, 22.744102614700704], [75.85497405464957, 22.744165585495047], [75.85527065816513, 22.744393707841713], [75.8561627641522, 22.74522674267239], [75.85901800581135, 22.741781306397463], [75.86379110430464, 22.73553326860563], [75.86356570726988, 22.73541597346526], [75.86346679954384, 22.73528155452613], [75.86333138251148, 22.73499341002479], [75.86313876427009, 22.734450843032764], [75.86285243266784, 22.733778615803438], [75.86258691386722, 22.73336561381334], [75.86180842230745, 22.73236606336165], [75.86306441671397, 22.73031601504936], [75.8631597229749, 22.7301565190959], [75.86324458383378, 22.729992924306266], [75.86326525879589, 22.729904740610298], [75.863277317137, 22.729809015703054], [75.86327566849697, 22.729608401016254], [75.86302271813196, 22.72824857948215], [75.86271426453395, 22.72687252628588], [75.86257652280548, 22.726211961127028], [75.8625121670175, 22.725902836578165], [75.8623128611422, 22.724710015361744], [75.86215420811733, 22.723757343566483], [75.86214349971067, 22.72368007850495], [75.86189832468895, 22.722096463305924], [75.86211977136512, 22.722053265761883], [75.86236716680979, 22.722141990998935], [75.86244380268845, 22.722158108095858], [75.86251931966557, 22.72215882985951], [75.86259460390602, 22.722122427051794], [75.86270100837308, 22.72176920310361], [75.86272688921565, 22.721742686981912], [75.86277478905659, 22.721725988383902], [75.86342403323106, 22.721751570048852], [75.86353083254696, 22.721779718338006], [75.86427931750852, 22.722164727009808], [75.86465460312348, 22.722739908885043], [75.8653186642931, 22.722689886423062], [75.86536305362596, 22.722873649072653], [75.86804230401798, 22.722755154947343], [75.86886056012297, 22.722729302049565], [75.86871864773993, 22.719792531865803], [75.86760016790015, 22.719687407947884], [75.86663749219005, 22.719661103164697], [75.86567692378803, 22.719737577124096], [75.86281824910283, 22.719945251287058], [75.86181240256872, 22.720022398096063], [75.8615183521157, 22.720055146694378], [75.86139879344513, 22.720057236113146], [75.86127465804194, 22.720043722929187], [75.86052497449747, 22.719946589182285], [75.86020823415679, 22.719916677816347], [75.86003746404707, 22.719919674023274], [75.85914873342038, 22.71991568968184], [75.85872915533865, 22.71986790048162], [75.85844605217355, 22.71981377704855], [75.8581792797853, 22.71972397524727], [75.85699351465037, 22.719304787803352], [75.85589243316561, 22.71894249800071], [75.85531893521062, 22.719853388622884], [75.85520080827283, 22.720132870832366], [75.85507207449554, 22.720444838342427], [75.85461049692405, 22.721395325064552], [75.85440033134022, 22.721969685829706], [75.85412601386452, 22.722609788348734], [75.85348379575116, 22.723999972225077], [75.85325379574216, 22.724344997877186], [75.85707144047053, 22.724390066944455], [75.85709402159884, 22.72527942987371], [75.85708863594378, 22.725634096085706], [75.85743017134656, 22.728593295952056], [75.85741425716908, 22.72983632763107], [75.85452204002975, 22.72986952031674], [75.85451938065569, 22.730805086866614], [75.85531561100277, 22.730799202173564], [75.85532220402031, 22.731828030292654], [75.85727294322487, 22.731911251887656], [75.85710420809893, 22.734633720277888], [75.85692077218629, 22.734654305629167], [75.85680345947644, 22.73465945112004], [75.85665716068412, 22.734654363909044]]]]}}, {"type": "Feature", "properties": {"tessellate": -1, "extrude": 0, "visibility": -1, "objectid": 33.0, "townname": "Indore", "towncensuscode2011": "802273", "town_lgd_code": 250901.0, "ward_lgd_code": 22686.0, "ward_lgd_name": "Emli Bazaar", "sourcewardcode": "58", "state": "Madhya Pradesh", "topology_cleaned": true, "cleaning_method": "vertex_cluster_snap_5m"}, "geometry": {"type": "MultiPolygon", "coordinates": [[[[75.85665716068412, 22.734654363909044], [75.85680345947644, 22.73465945112004], [75.85692077218629, 22.734654305629167], [75.85710420809893, 22.734633720277888], [75.85727294322487, 22.731911251887656], [75.85532220402031, 22.731828030292654], [75.85531561100277, 22.730799202173564], [75.85451938065569, 22.730805086866614], [75.85452204002975, 22.72986952031674], [75.85741425716908, 22.72983632763107], [75.85743017134656, 22.728593295952056], [75.85708863594378, 22.725634096085706], [75.85709402159884, 22.72527942987371], [75.85707144047053, 22.724390066944455], [75.85325379574216, 22.724344997877186], [75.85348379575116, 22.723999972225077], [75.85412601386452, 22.722609788348734], [75.85440033134022, 22.721969685829706], [75.85461049692405, 22.721395325064552], [75.85507207449554, 22.720444838342427], [75.85520080827283, 22.720132870832366], [75.85531893521062, 22.719853388622884], [75.85589243316561, 22.71894249800071], [75.85541895616134, 22.71879156001155], [75.85539309202993, 22.71875041731013], [75.85533111798011, 22.718116267006288], [75.85529624550769, 22.7180826699027], [75.85418373481285, 22.718072989297788], [75.85358123819336, 22.718042982936034], [75.85226851891773, 22.717955209886128], [75.85211465396455, 22.71795187465975], [75.85210597443209, 22.718091210715386], [75.85213615066468, 22.71868741258695], [75.8521390644124, 22.71906362401996], [75.8508759384882, 22.719152551226557], [75.85087873900362, 22.71954249360401], [75.85081712642211, 22.71995572269283], [75.85080015417263, 22.72004542096884], [75.85078366103397, 22.72025986326659], [75.85077343626403, 22.720527476933327], [75.85087011298707, 22.721060726034285], [75.85093297801366, 22.72171601094196], [75.851425600197, 22.721686921564707], [75.85180482205035, 22.72169556072077], [75.85181650838254, 22.72174301234481], [75.85176499897459, 22.72207344501012], [75.85165964710042, 22.722326028519422], [75.85161522396774, 22.722354086958585], [75.85086378951523, 22.722384373855483], [75.85077475984876, 22.72239514530978], [75.8503159702563, 22.722431821248236], [75.85005375418368, 22.722449113766366], [75.84992273929605, 22.722472844579727], [75.84974812218086, 22.72249996859984], [75.85003641110052, 22.723298494212067], [75.85021351492529, 22.72390999385028], [75.85027636985704, 22.724626884336608], [75.84947082502792, 22.724648329382767], [75.84982411722109, 22.727220511524223], [75.84980366465985, 22.727267230814274], [75.84911979923876, 22.727994412528126], [75.8490387274457, 22.728103962456128], [75.84900774034658, 22.728360846463193], [75.84897451167522, 22.728577996923224], [75.8489638322964, 22.728630535689785], [75.84893811518116, 22.728700000966214], [75.84876835067408, 22.728970403659197], [75.84868692234599, 22.729093324231226], [75.84844027974928, 22.729695693014207], [75.8484280784401, 22.729769919153895], [75.84843675885254, 22.729851080237722], [75.84846758885925, 22.72990791516378], [75.84855786638707, 22.72998810110682], [75.84885711783127, 22.730052453482426], [75.84903350677017, 22.73005838177836], [75.84924941521768, 22.72999861028328], [75.84945653987171, 22.72995144112373], [75.84949394760244, 22.72992224622478], [75.8495398835998, 22.729886411863152], [75.84961580364649, 22.7297388599207], [75.84967860300377, 22.72969001862175], [75.84973934907632, 22.729671358609078], [75.84981855607603, 22.729685480736848], [75.84986634141022, 22.729720455580832], [75.84988415273656, 22.729782056625133], [75.84985067341698, 22.729895418770603], [75.8494754826249, 22.730590428890675], [75.84930456432562, 22.731249756287625], [75.84931228022245, 22.731348085216172], [75.84934918644187, 22.731426837971117], [75.8494242334095, 22.731563470541992], [75.84942514930164, 22.73163292983455], [75.84939845771753, 22.731710213935354], [75.84903300237887, 22.732090459821393], [75.84903301973783, 22.732140593161052], [75.84905434462934, 22.732219248082526], [75.8491222657479, 22.73233731054868], [75.84942019926567, 22.73273923378317], [75.8495190805334, 22.73280880470146], [75.84955715946231, 22.732840850284433], [75.84961893093357, 22.73292489060579], [75.84963377832653, 22.7329795519545], [75.84963820077654, 22.733033365415697], [75.84962784530835, 22.733091051316194], [75.8496020852282, 22.733177273207826], [75.849575857207, 22.73323504347941], [75.84954621174943, 22.733275578789257], [75.84950525987853, 22.73331445791115], [75.84925219526905, 22.73350820675012], [75.84921172056637, 22.733577072986304], [75.8491944705861, 22.733637957060978], [75.84918383531976, 22.733792298042435], [75.84976143171794, 22.733954623156855], [75.85030678332727, 22.73406761660895], [75.85096678797618, 22.73413580808522], [75.85228547883075, 22.734257158854692], [75.85287289357625, 22.73429024771028], [75.85346574354035, 22.734351759453038], [75.85452482729123, 22.734439953501635], [75.855274699327, 22.734508206596278], [75.85615965129543, 22.73459388897525], [75.85665716068412, 22.734654363909044]]]]}}, {"type": "Feature", "properties": {"tessellate": -1, "extrude": 0, "visibility": -1, "objectid": 14.0, "townname": "Indore", "towncensuscode2011": "802273", "town_lgd_code": 250901.0, "ward_lgd_code": 22687.0, "ward_lgd_name": "Harasiddhee", "sourcewardcode": "59", "state": "Madhya Pradesh", "topology_cleaned": true, "cleaning_method": "vertex_cluster_snap_5m"}, "geometry": {"type": "MultiPolygon", "coordinates": [[[[75.86281824910283, 22.719945251287058], [75.86279161235868, 22.719781264655687], [75.86276985296823, 22.71955654965763], [75.86271577641068, 22.718851902809178], [75.86270921024226, 22.718783016119026], [75.8626999144253, 22.718721370588863], [75.86266755572512, 22.718677463914485], [75.86258738371995, 22.71864058994525], [75.8618148932251, 22.718445486223057], [75.86159392625952, 22.718362218002973], [75.86144416878756, 22.718315149702576], [75.86134638864826, 22.718280718544303], [75.8612904958338, 22.71826476012169], [75.86124176844946, 22.718257976793847], [75.8611884618683, 22.718266303299234], [75.86107899691955, 22.718294037095077], [75.86058569277535, 22.71849194202297], [75.85960031612774, 22.718820625239182], [75.85927494264577, 22.71887350108167], [75.85924116841278, 22.718854833609647], [75.85945101137978, 22.71826914720754], [75.85948201780236, 22.718166861938048], [75.85946549423603, 22.717953273975446], [75.85944586826832, 22.71774182544495], [75.85944419558786, 22.717661078973077], [75.85946864327738, 22.71736610883779], [75.85968454414274, 22.71652966218405], [75.85964999685575, 22.716454692921364], [75.85893909019602, 22.716404946896613], [75.85797262940099, 22.716408147707856], [75.85792203041692, 22.71621032430552], [75.85787344296993, 22.715975906219604], [75.85784481312439, 22.715366057640377], [75.8577736835258, 22.713842291696448], [75.859103228539, 22.713015676582557], [75.85928726578632, 22.712815328388547], [75.85953191471964, 22.7126386821922], [75.85965547629661, 22.71251462657726], [75.85978028149971, 22.71224675795296], [75.85996622015942, 22.7117744135046], [75.85985100743169, 22.71172291220023], [75.85966082754945, 22.711656457565777], [75.85943543046317, 22.71159461813617], [75.85935004669813, 22.711579901376876], [75.85852750468067, 22.711517293350358], [75.85836068878059, 22.711496960990146], [75.85825141209514, 22.711476048721277], [75.85816683212911, 22.711449674366317], [75.85807538506953, 22.71141502639268], [75.85780329360887, 22.71131269603529], [75.85713424743454, 22.711132460022622], [75.85687846488439, 22.71113166259406], [75.85668864775693, 22.711154449064548], [75.8564188208574, 22.711212441024895], [75.85603074763816, 22.711310178594342], [75.85596720193297, 22.711307763595784], [75.8559394981365, 22.71127588964773], [75.85593437960307, 22.711212143618678], [75.85595781689565, 22.71113722443764], [75.8563317708543, 22.710632352203994], [75.85637749004106, 22.710531659773206], [75.85639955464428, 22.71040047190016], [75.856462719214, 22.710020835393404], [75.85645536365986, 22.70996532144157], [75.85615039460998, 22.708708738582388], [75.8559286601028, 22.707684491590776], [75.85475462372607, 22.708399594057763], [75.85457189081797, 22.708371032256597], [75.85419569895006, 22.70826419309152], [75.85180978795519, 22.707597990279393], [75.85119100572265, 22.708992648381898], [75.85121951830943, 22.709037481356265], [75.85173229144348, 22.70931423503767], [75.85181773603107, 22.709370598059948], [75.85201597674255, 22.70952924693436], [75.85255639160539, 22.710228417614577], [75.85266902636931, 22.710461683372028], [75.85281746253872, 22.710910287155276], [75.85287197227629, 22.71122226965762], [75.85291110721066, 22.711897102077646], [75.852810781962, 22.713321067595594], [75.85281589696663, 22.713455181339384], [75.8528542740512, 22.71372470401483], [75.8528793861443, 22.713833328198746], [75.8529535517747, 22.713985952783723], [75.85304889439074, 22.714209193263684], [75.85304988717913, 22.714259411803464], [75.85304704082115, 22.71442857110483], [75.8535604249584, 22.714674376642783], [75.85362868697536, 22.71469912421431], [75.85384135859174, 22.714710364207047], [75.8547895915283, 22.714650829468187], [75.85482915870746, 22.714711500809063], [75.85483154950381, 22.714876973694846], [75.8547024158921, 22.714920119268783], [75.85357938348297, 22.714921058720833], [75.85337802770178, 22.714921139664497], [75.85313672096669, 22.71494776485997], [75.85312356208073, 22.714992593883657], [75.85315877150649, 22.715112184467266], [75.85345268112843, 22.71611012453726], [75.85351974672429, 22.71645211961505], [75.85358123819336, 22.718042982936034], [75.85418373481285, 22.718072989297788], [75.85529624550769, 22.7180826699027], [75.85533111798011, 22.718116267006288], [75.85539309202993, 22.71875041731013], [75.85541895616134, 22.71879156001155], [75.85589243316561, 22.71894249800071], [75.85699351465037, 22.719304787803352], [75.8581792797853, 22.71972397524727], [75.85844605217355, 22.71981377704855], [75.85872915533865, 22.71986790048162], [75.85914873342038, 22.71991568968184], [75.86003746404707, 22.719919674023274], [75.86020823415679, 22.719916677816347], [75.86052497449747, 22.719946589182285], [75.86127465804194, 22.720043722929187], [75.86139879344513, 22.720057236113146], [75.8615183521157, 22.720055146694378], [75.86181240256872, 22.720022398096063], [75.86281824910283, 22.719945251287058]]]]}}, {"type": "Feature", "properties": {"tessellate": -1, "extrude": 0, "visibility": -1, "objectid": 12.0, "townname": "Indore", "towncensuscode2011": "802273", "town_lgd_code": 250901.0, "ward_lgd_code": 22688.0, "ward_lgd_name": "Ranipuraa", "sourcewardcode": "60", "state": "Madhya Pradesh", "topology_cleaned": true, "cleaning_method": "vertex_cluster_snap_5m"}, "geometry": {"type": "MultiPolygon", "coordinates": [[[[75.86567692378803, 22.719737577124096], [75.86663749219005, 22.719661103164697], [75.86760016790015, 22.719687407947884], [75.86871864773993, 22.719792531865803], [75.86820769526248, 22.715324316093163], [75.86797382146162, 22.714058701965588], [75.86788135296823, 22.71367737720662], [75.86749434872257, 22.712831996954225], [75.86718960205778, 22.71284882511658], [75.86630553867246, 22.71302208239608], [75.86491729076481, 22.713114687227986], [75.86458704512482, 22.71316443830429], [75.86436098305138, 22.713245512334513], [75.8641123391212, 22.713312255186658], [75.86310663813092, 22.71337369065347], [75.86171456880453, 22.713385713632476], [75.86151009454558, 22.713431619129825], [75.86134472026396, 22.713564302074513], [75.86121104114885, 22.7138296903607], [75.86116760411966, 22.713874547528896], [75.86102538807211, 22.71384929805777], [75.86065532417989, 22.71377577363925], [75.86048425510704, 22.713729722267537], [75.86036038418062, 22.713648549230516], [75.86032513826638, 22.713570783590292], [75.86032579519168, 22.713520104631826], [75.86036164552071, 22.713367433851], [75.86038064781148, 22.713260922266645], [75.8603950282844, 22.713147118770443], [75.86045374793403, 22.712681058655136], [75.86049939529245, 22.712405711429305], [75.86046072887875, 22.712349237045135], [75.85978028149971, 22.71224675795296], [75.85965547629661, 22.71251462657726], [75.85953191471964, 22.7126386821922], [75.85928726578632, 22.712815328388547], [75.859103228539, 22.713015676582557], [75.8577736835258, 22.713842291696448], [75.85784481312439, 22.715366057640377], [75.85787344296993, 22.715975906219604], [75.85792203041692, 22.71621032430552], [75.85797262940099, 22.716408147707856], [75.85893909019602, 22.716404946896613], [75.85964999685575, 22.716454692921364], [75.85968454414274, 22.71652966218405], [75.85946864327738, 22.71736610883779], [75.85944419558786, 22.717661078973077], [75.85944586826832, 22.71774182544495], [75.85946549423603, 22.717953273975446], [75.85948201780236, 22.718166861938048], [75.85945101137978, 22.71826914720754], [75.85924116841278, 22.718854833609647], [75.85927494264577, 22.71887350108167], [75.85960031612774, 22.718820625239182], [75.86058569277535, 22.71849194202297], [75.86107899691955, 22.718294037095077], [75.8611884618683, 22.718266303299234], [75.86124176844946, 22.718257976793847], [75.8612904958338, 22.71826476012169], [75.86134638864826, 22.718280718544303], [75.86144416878756, 22.718315149702576], [75.86159392625952, 22.718362218002973], [75.8618148932251, 22.718445486223057], [75.86258738371995, 22.71864058994525], [75.86266755572512, 22.718677463914485], [75.8626999144253, 22.718721370588863], [75.86270921024226, 22.718783016119026], [75.86271577641068, 22.718851902809178], [75.86276985296823, 22.71955654965763], [75.86279161235868, 22.719781264655687], [75.86281824910283, 22.719945251287058], [75.86567692378803, 22.719737577124096]]]]}}, {"type": "Feature", "properties": {"tessellate": -1, "extrude": 0, "visibility": -1, "objectid": 15.0, "townname": "Indore", "towncensuscode2011": "802273", "town_lgd_code": 250901.0, "ward_lgd_code": 22689.0, "ward_lgd_name": "Taatyaa Saravate", "sourcewardcode": "61", "state": "Madhya Pradesh", "topology_cleaned": true, "cleaning_method": "vertex_cluster_snap_5m"}, "geometry": {"type": "MultiPolygon", "coordinates": [[[[75.86335338525129, 22.709588775644164], [75.86404739020668, 22.709495149397277], [75.86453580161252, 22.70936126012692], [75.86541989932941, 22.709227758329842], [75.8653568221775, 22.709152583297968], [75.86496286383085, 22.708683459892562], [75.8639361798811, 22.70767631277317], [75.86306870696947, 22.70696584850536], [75.86066506155292, 22.705116000979082], [75.85918891737398, 22.707681014893033], [75.85901692496789, 22.70776657837219], [75.85751599974942, 22.707659550131776], [75.85607039820601, 22.70760270652399], [75.8559286601028, 22.707684491590776], [75.85615039460998, 22.708708738582388], [75.85645536365986, 22.70996532144157], [75.856462719214, 22.710020835393404], [75.85639955464428, 22.71040047190016], [75.85637749004106, 22.710531659773206], [75.8563317708543, 22.710632352203994], [75.85595781689565, 22.71113722443764], [75.85593437960307, 22.711212143618678], [75.8559394981365, 22.71127588964773], [75.85596720193297, 22.711307763595784], [75.85603074763816, 22.711310178594342], [75.8564188208574, 22.711212441024895], [75.85668864775693, 22.711154449064548], [75.85687846488439, 22.71113166259406], [75.85713424743454, 22.711132460022622], [75.85780329360887, 22.71131269603529], [75.85807538506953, 22.71141502639268], [75.85816683212911, 22.711449674366317], [75.85825141209514, 22.711476048721277], [75.85836068878059, 22.711496960990146], [75.85852750468067, 22.711517293350358], [75.85935004669813, 22.711579901376876], [75.85943543046317, 22.71159461813617], [75.85966082754945, 22.711656457565777], [75.85985100743169, 22.71172291220023], [75.85996622015942, 22.7117744135046], [75.86012314651472, 22.71145849672074], [75.86043545338201, 22.711545521538092], [75.86062879401995, 22.711556856608485], [75.86114068307751, 22.711547778269072], [75.86183231123373, 22.711585876065993], [75.86204783577865, 22.711594741286326], [75.86216270009848, 22.711598277364526], [75.8622317012511, 22.711624462575806], [75.86231498143606, 22.71167636013487], [75.86237209097935, 22.711677136191206], [75.86276008516339, 22.71156741495793], [75.86286362262923, 22.711542467191588], [75.86299044192992, 22.71149607574302], [75.86297112232666, 22.71112446995164], [75.86271961289509, 22.710205178115825], [75.86268925336398, 22.710083756977216], [75.86268863895249, 22.710024548632376], [75.86270638579556, 22.70998217822981], [75.8628108133177, 22.709874166806], [75.86321016083795, 22.709619448035053], [75.86335338525129, 22.709588775644164]]]]}}, {"type": "Feature", "properties": {"tessellate": -1, "extrude": 0, "visibility": -1, "objectid": 11.0, "townname": "Indore", "towncensuscode2011": "802273", "town_lgd_code": 250901.0, "ward_lgd_code": 22690.0, "ward_lgd_name": "Raavajee Baazaar", "sourcewardcode": "62", "state": "Madhya Pradesh", "topology_cleaned": true, "cleaning_method": "vertex_cluster_snap_5m"}, "geometry": {"type": "MultiPolygon", "coordinates": [[[[75.86335338525129, 22.709588775644164], [75.86321016083795, 22.709619448035053], [75.8628108133177, 22.709874166806], [75.86270638579556, 22.70998217822981], [75.86268863895249, 22.710024548632376], [75.86268925336398, 22.710083756977216], [75.86271961289509, 22.710205178115825], [75.86297112232666, 22.71112446995164], [75.86299044192992, 22.71149607574302], [75.86286362262923, 22.711542467191588], [75.86276008516339, 22.71156741495793], [75.86237209097935, 22.711677136191206], [75.86231498143606, 22.71167636013487], [75.8622317012511, 22.711624462575806], [75.86216270009848, 22.711598277364526], [75.86204783577865, 22.711594741286326], [75.86183231123373, 22.711585876065993], [75.86114068307751, 22.711547778269072], [75.86062879401995, 22.711556856608485], [75.86043545338201, 22.711545521538092], [75.86012314651472, 22.71145849672074], [75.85996622015942, 22.7117744135046], [75.85978028149971, 22.71224675795296], [75.86046072887875, 22.712349237045135], [75.86049939529245, 22.712405711429305], [75.86045374793403, 22.712681058655136], [75.8603950282844, 22.713147118770443], [75.86038064781148, 22.713260922266645], [75.86036164552071, 22.713367433851], [75.86032579519168, 22.713520104631826], [75.86032513826638, 22.713570783590292], [75.86036038418062, 22.713648549230516], [75.86048425510704, 22.713729722267537], [75.86065532417989, 22.71377577363925], [75.86102538807211, 22.71384929805777], [75.86116760411966, 22.713874547528896], [75.86121104114885, 22.7138296903607], [75.86134472026396, 22.713564302074513], [75.86151009454558, 22.713431619129825], [75.86171456880453, 22.713385713632476], [75.86310663813092, 22.71337369065347], [75.8641123391212, 22.713312255186658], [75.86436098305138, 22.713245512334513], [75.86458704512482, 22.71316443830429], [75.86491729076481, 22.713114687227986], [75.86630553867246, 22.71302208239608], [75.86718960205778, 22.71284882511658], [75.86749434872257, 22.712831996954225], [75.86907130024082, 22.712448564701333], [75.86992000149894, 22.712057878758465], [75.87127811650777, 22.7111602804668], [75.87389803604361, 22.70947803784055], [75.87489820617228, 22.70884287766379], [75.87573988652703, 22.70827298470192], [75.87519307175981, 22.707487574231596], [75.87496155390413, 22.707228508669342], [75.8748550178464, 22.707087092035874], [75.8747913271059, 22.706992593473437], [75.87474735254183, 22.70689048965138], [75.87470321646042, 22.706686313393114], [75.87461297243145, 22.70668789077874], [75.87450797332436, 22.706727035875694], [75.87429604036606, 22.70686865802592], [75.87367502452074, 22.707843825026934], [75.87355247072988, 22.707955239359528], [75.87343415975924, 22.70802950465505], [75.87292241074047, 22.70827329953923], [75.87273652262071, 22.708361843969637], [75.87244899989219, 22.708544524822383], [75.87206514551657, 22.708797917089594], [75.87195136119486, 22.7088953715492], [75.8714459342466, 22.708446835258417], [75.87135136235756, 22.708241668132803], [75.87122500267802, 22.708152025994945], [75.87109752672868, 22.708162927570296], [75.87075865683082, 22.708186090554253], [75.8703570266426, 22.708184572790646], [75.87030146685737, 22.708112972071167], [75.87015673445904, 22.70736528155331], [75.86999829816897, 22.707052606376696], [75.86969062265284, 22.706511122445384], [75.86971075593364, 22.706384550364696], [75.87034130499795, 22.70603614910855], [75.87122619472294, 22.70552439803947], [75.8674925290779, 22.703904737596478], [75.86743719948235, 22.703250864006446], [75.86733883815052, 22.70200953317956], [75.86663990622327, 22.70193265538622], [75.86595845770243, 22.701756225945847], [75.86587217322143, 22.70240264674725], [75.86575693300534, 22.70335255414382], [75.86572641304969, 22.70363942844684], [75.86568311164434, 22.70404587920379], [75.86538459845512, 22.705671366238633], [75.86599643223238, 22.708460803492073], [75.86496286383085, 22.708683459892562], [75.8653568221775, 22.709152583297968], [75.86541989932941, 22.709227758329842], [75.86453580161252, 22.70936126012692], [75.86404739020668, 22.709495149397277], [75.86335338525129, 22.709588775644164]]]]}}, {"type": "Feature", "properties": {"tessellate": -1, "extrude": 0, "visibility": -1, "objectid": 10.0, "townname": "Indore", "towncensuscode2011": "802273", "town_lgd_code": 250901.0, "ward_lgd_code": 22691.0, "ward_lgd_name": "Navalakha", "sourcewardcode": "63", "state": "Madhya Pradesh", "topology_cleaned": true, "cleaning_method": "vertex_cluster_snap_5m"}, "geometry": {"type": "MultiPolygon", "coordinates": [[[[75.87292241074047, 22.70827329953923], [75.87343415975924, 22.70802950465505], [75.87355247072988, 22.707955239359528], [75.87367502452074, 22.707843825026934], [75.87429604036606, 22.70686865802592], [75.87450797332436, 22.706727035875694], [75.87461297243145, 22.70668789077874], [75.87470321646042, 22.706686313393114], [75.87474735254183, 22.70689048965138], [75.8747913271059, 22.706992593473437], [75.8748550178464, 22.707087092035874], [75.87496155390413, 22.707228508669342], [75.87519307175981, 22.707487574231596], [75.87573988652703, 22.70827298470192], [75.8758446208406, 22.708130863664227], [75.87608842810053, 22.70801029253301], [75.87669507444132, 22.707854491322145], [75.8787370653485, 22.70733788906144], [75.87877574432764, 22.706518200226224], [75.878828565131, 22.705824444389872], [75.87881132669337, 22.705579472987495], [75.87873384861801, 22.705353892167867], [75.87856173473466, 22.70511275224658], [75.87838438327569, 22.704950950891448], [75.87818955295143, 22.704826822687224], [75.87782330229746, 22.704692162966783], [75.87811828908737, 22.7038959985362], [75.87821954468251, 22.7036367366715], [75.87827784470927, 22.703542292427553], [75.87839317548251, 22.70342919799605], [75.87941807014982, 22.7027119454164], [75.88091654439773, 22.701620551166872], [75.88137247879129, 22.701378393941148], [75.88187668136004, 22.701209227287865], [75.88332531350542, 22.701004677589097], [75.88411327495815, 22.700860674930798], [75.88495696701204, 22.70063262406034], [75.8844661662991, 22.699734293491748], [75.88375814857397, 22.698968952888603], [75.88249390287142, 22.697816631123157], [75.88219055644542, 22.697620841674773], [75.88192977955639, 22.697504940022643], [75.88158054365752, 22.697470732269394], [75.88111622732161, 22.697541940659686], [75.87877887197297, 22.698539846565268], [75.87829722999378, 22.698780421186814], [75.87809104320338, 22.698858785273], [75.87798835878583, 22.69887813745415], [75.87744935970579, 22.698062248930725], [75.87723172546798, 22.697856404868634], [75.87623923662086, 22.697297458133825], [75.87592478552088, 22.697864738553395], [75.87573950130678, 22.698015159215462], [75.87554045346829, 22.698205852024444], [75.87533483793604, 22.69840489092345], [75.87528381448857, 22.698403453751002], [75.87441972912096, 22.697827353113908], [75.874346287346, 22.697806346098705], [75.87309920582679, 22.69770484906503], [75.87189999809515, 22.69750687942863], [75.87157705591065, 22.697412075390325], [75.8710269326429, 22.697201168084753], [75.8701712983234, 22.696756880355295], [75.87016324272193, 22.69800926673752], [75.86913086423823, 22.698129235863206], [75.86912671211569, 22.698551282721322], [75.86908052109018, 22.698760287485896], [75.86903484015443, 22.698988439539473], [75.86896637685089, 22.699123855508773], [75.86880459043974, 22.699343062946934], [75.86814394967986, 22.700242095340812], [75.86696010076095, 22.699470623485706], [75.86654210845352, 22.699974818553763], [75.86643188242178, 22.700126719168107], [75.86636355900077, 22.700253913245625], [75.86627433591826, 22.700448155400856], [75.86613623293825, 22.700796224081433], [75.86608311911326, 22.700988915701746], [75.86595845770243, 22.701756225945847], [75.86663990622327, 22.70193265538622], [75.86733883815052, 22.70200953317956], [75.86743719948235, 22.703250864006446], [75.8674925290779, 22.703904737596478], [75.87122619472294, 22.70552439803947], [75.87034130499795, 22.70603614910855], [75.86971075593364, 22.706384550364696], [75.86969062265284, 22.706511122445384], [75.86999829816897, 22.707052606376696], [75.87015673445904, 22.70736528155331], [75.87030146685737, 22.708112972071167], [75.8703570266426, 22.708184572790646], [75.87075865683082, 22.708186090554253], [75.87109752672868, 22.708162927570296], [75.87122500267802, 22.708152025994945], [75.87135136235756, 22.708241668132803], [75.8714459342466, 22.708446835258417], [75.87195136119486, 22.7088953715492], [75.87206514551657, 22.708797917089594], [75.87244899989219, 22.708544524822383], [75.87273652262071, 22.708361843969637], [75.87292241074047, 22.70827329953923]]]]}}, {"type": "Feature", "properties": {"tessellate": -1, "extrude": 0, "visibility": -1, "objectid": 8.0, "townname": "Indore", "towncensuscode2011": "802273", "town_lgd_code": 250901.0, "ward_lgd_code": 22692.0, "ward_lgd_name": "Chitaavad", "sourcewardcode": "64", "state": "Madhya Pradesh", "topology_cleaned": true, "cleaning_method": "vertex_cluster_snap_5m"}, "geometry": {"type": "MultiPolygon", "coordinates": [[[[75.88518221991191, 22.697476503287717], [75.88525013081419, 22.697394107717713], [75.8853338745311, 22.697260678246465], [75.88543907406272, 22.697072570525886], [75.88561437227511, 22.696816914246483], [75.88588796375168, 22.696556016496185], [75.88596222433392, 22.696446847723962], [75.88601205366494, 22.696323271013263], [75.88606584987471, 22.696195878451377], [75.88608377131264, 22.69589443740367], [75.88606407891044, 22.695723731873294], [75.88604165418354, 22.695612569122517], [75.88599837814814, 22.695468370593034], [75.88592769534667, 22.695361720511823], [75.88589581099843, 22.695323687305123], [75.88573199569818, 22.695214797585233], [75.88561734354538, 22.69516642792146], [75.8854548628375, 22.695106083056835], [75.88538963985324, 22.695061188436263], [75.88532912170886, 22.694975799783244], [75.88531398272517, 22.694922678983044], [75.88529025854461, 22.694821278958567], [75.88527445506473, 22.694664733624577], [75.8853106312081, 22.69397684883113], [75.88528574650495, 22.693694794571083], [75.88523920415459, 22.693587468605354], [75.88515051495597, 22.693450837714646], [75.88510969714429, 22.693401110790877], [75.88499328064175, 22.693252077228976], [75.88485013490522, 22.693033817658186], [75.88475162381397, 22.692838074448204], [75.88471649583285, 22.692658601588366], [75.88471284607076, 22.692484374532903], [75.88477257899976, 22.69232641788084], [75.88489069860061, 22.69195251987256], [75.88490054775697, 22.691818686174393], [75.88488505182973, 22.691679572781013], [75.88481994158862, 22.69157614317094], [75.88463801307124, 22.691306248084107], [75.88454667555268, 22.691151023349555], [75.88452596701138, 22.69106423998603], [75.88452370097427, 22.69095386880536], [75.88454018457149, 22.690837432201917], [75.88459456956583, 22.69072602529084], [75.88466774175635, 22.690614424192887], [75.88474134844853, 22.690509866429775], [75.88482843791218, 22.690276422999794], [75.88483708635172, 22.690122361915144], [75.88483345578348, 22.690057253790165], [75.88480073086555, 22.689979027932807], [75.88477062346534, 22.68992942232583], [75.88469712047448, 22.689837781960247], [75.88433689603849, 22.68952939739905], [75.88469995300935, 22.68912650491735], [75.88513692447461, 22.68968305347378], [75.88536664318305, 22.689876083591823], [75.8855785102217, 22.689987553486965], [75.88589097823606, 22.69008988494225], [75.88620679302817, 22.690122191227637], [75.88664174964825, 22.690122040676084], [75.88961397864452, 22.689873761183325], [75.88947818219874, 22.68881882570602], [75.889427554479, 22.687957988211544], [75.88950212271295, 22.686751212475617], [75.88926828187428, 22.68674916945094], [75.88933009486583, 22.685405975306804], [75.88911975998546, 22.685471007196668], [75.88881537074803, 22.685669165994373], [75.88819628743137, 22.68620401551465], [75.88795593110852, 22.685749541927976], [75.88786841867254, 22.68555337811354], [75.88777428235993, 22.685416959347112], [75.88755340319454, 22.685205185078352], [75.88747022158559, 22.685152351307256], [75.88728375286111, 22.68505366017329], [75.8870363233186, 22.684906076541736], [75.88696313376728, 22.684862942812156], [75.88689599720627, 22.684807400250836], [75.88685819645399, 22.684742120128107], [75.88684402606246, 22.684673005547108], [75.88690472919939, 22.68430357927366], [75.8860291344783, 22.684171486718217], [75.88523752037723, 22.68409538149631], [75.88421847893588, 22.684029832637627], [75.88418443018942, 22.68399533379765], [75.88387036625174, 22.682859807566714], [75.88390811552624, 22.68153571578207], [75.88388765058559, 22.681471423130194], [75.88385314809841, 22.681419176755785], [75.88305581484104, 22.68128342855004], [75.8826713596282, 22.681169744778664], [75.88246248525557, 22.681082281918194], [75.88239238733242, 22.681080590651312], [75.88159678862543, 22.681641860983223], [75.88153344664809, 22.681707247721484], [75.88117281538777, 22.682549126072228], [75.87818507290875, 22.681669914531888], [75.87596184204943, 22.680827565811185], [75.87493802318083, 22.682627943045937], [75.87401341903275, 22.684205197767298], [75.87321798800988, 22.685569646558545], [75.87276713933107, 22.68614805319348], [75.87107912256943, 22.688193480472716], [75.8676428624969, 22.692699860396825], [75.86638124767069, 22.694985827250807], [75.86690643047156, 22.695242774058936], [75.86697356550133, 22.69514376933902], [75.8701712983234, 22.696756880355295], [75.8710269326429, 22.697201168084753], [75.87157705591065, 22.697412075390325], [75.87189999809515, 22.69750687942863], [75.87309920582679, 22.69770484906503], [75.874346287346, 22.697806346098705], [75.87441972912096, 22.697827353113908], [75.87528381448857, 22.698403453751002], [75.87533483793604, 22.69840489092345], [75.87554045346829, 22.698205852024444], [75.87573950130678, 22.698015159215462], [75.87592478552088, 22.697864738553395], [75.87623923662086, 22.697297458133825], [75.87723172546798, 22.697856404868634], [75.87744935970579, 22.698062248930725], [75.87798835878583, 22.69887813745415], [75.87809104320338, 22.698858785273], [75.87829722999378, 22.698780421186814], [75.87877887197297, 22.698539846565268], [75.88111622732161, 22.697541940659686], [75.88158054365752, 22.697470732269394], [75.88192977955639, 22.697504940022643], [75.88219055644542, 22.697620841674773], [75.88249390287142, 22.697816631123157], [75.88375814857397, 22.698968952888603], [75.88497356536735, 22.697669880204657], [75.88510349001791, 22.697541795919246], [75.88518221991191, 22.697476503287717]]]]}}, {"type": "Feature", "properties": {"tessellate": -1, "extrude": 0, "visibility": -1, "objectid": 16.0, "townname": "Indore", "towncensuscode2011": "802273", "town_lgd_code": 250901.0, "ward_lgd_code": 22693.0, "ward_lgd_name": "Sant Kavar Raam", "sourcewardcode": "65", "state": "Madhya Pradesh", "topology_cleaned": true, "cleaning_method": "vertex_cluster_snap_5m"}, "geometry": {"type": "MultiPolygon", "coordinates": [[[[75.8629482168861, 22.696888041438115], [75.86263503343363, 22.696873560817114], [75.8600332085452, 22.696839238254547], [75.86003209785763, 22.69728511661836], [75.86071305799915, 22.697294553330988], [75.86070131278188, 22.698484362045082], [75.86003444822278, 22.69847250107707], [75.86003938585556, 22.697937897460314], [75.85617392431568, 22.697960071456617], [75.85478996253252, 22.697936035196516], [75.85480574938018, 22.698550380873026], [75.85483213898137, 22.69877100832613], [75.85494769098435, 22.699240020680723], [75.85513061159737, 22.69980261687812], [75.8551426086035, 22.699931635422136], [75.85513658046845, 22.700089746470752], [75.85508860784284, 22.70032892770678], [75.8549896656438, 22.700653924518726], [75.85570271199734, 22.70129642917848], [75.85620153214656, 22.70171253389485], [75.86066506155292, 22.705116000979082], [75.86306870696947, 22.70696584850536], [75.8639361798811, 22.70767631277317], [75.86496286383085, 22.708683459892562], [75.86599643223238, 22.708460803492073], [75.86538459845512, 22.705671366238633], [75.86568311164434, 22.70404587920379], [75.86572641304969, 22.70363942844684], [75.86575693300534, 22.70335255414382], [75.86587217322143, 22.70240264674725], [75.86595845770243, 22.701756225945847], [75.86608311911326, 22.700988915701746], [75.86613623293825, 22.700796224081433], [75.86627433591826, 22.700448155400856], [75.86636355900077, 22.700253913245625], [75.86643188242178, 22.700126719168107], [75.86654210845352, 22.699974818553763], [75.86696010076095, 22.699470623485706], [75.86677834859093, 22.699348812764594], [75.86634174540752, 22.699076572279733], [75.86527586525595, 22.698375231662823], [75.86465196297473, 22.69794899171548], [75.86376077405562, 22.697328355358295], [75.86322122252864, 22.6969694022082], [75.86307075852623, 22.696914660432405], [75.8629482168861, 22.696888041438115]]]]}}, {"type": "Feature", "properties": {"tessellate": -1, "extrude": 0, "visibility": -1, "objectid": 19.0, "townname": "Indore", "towncensuscode2011": "802273", "town_lgd_code": 250901.0, "ward_lgd_code": 22694.0, "ward_lgd_name": "Shaheed Hemu Kolonee", "sourcewardcode": "66", "state": "Madhya Pradesh", "topology_cleaned": true, "cleaning_method": "vertex_cluster_snap_5m"}, "geometry": {"type": "MultiPolygon", "coordinates": [[[[75.8559286601028, 22.707684491590776], [75.85607039820601, 22.70760270652399], [75.85751599974942, 22.707659550131776], [75.85901692496789, 22.70776657837219], [75.85918891737398, 22.707681014893033], [75.86066506155292, 22.705116000979082], [75.85620153214656, 22.70171253389485], [75.85570271199734, 22.70129642917848], [75.8549896656438, 22.700653924518726], [75.85003232783652, 22.694723377903724], [75.84930971920683, 22.695299370402292], [75.84914423239499, 22.695507106355095], [75.84870748654549, 22.696168296853156], [75.84862994118524, 22.696365448816724], [75.84862924151199, 22.696488934879127], [75.84863785474656, 22.69659123412041], [75.84868015341542, 22.696741049433523], [75.84874244049603, 22.696911625154907], [75.84882775880082, 22.697217575025654], [75.84882400982266, 22.697383352105398], [75.848678280806, 22.69822284738481], [75.84865070455477, 22.69831368584906], [75.84818403255673, 22.699002132955748], [75.84735080753732, 22.698598613115966], [75.84719624146062, 22.698541077769004], [75.84706527961008, 22.6985223499416], [75.84689256523565, 22.698537446089027], [75.84466158984907, 22.69875552388551], [75.84481845072887, 22.700182135383468], [75.84485992585327, 22.700690208516853], [75.8450940050241, 22.701964715830897], [75.84555753868081, 22.705407305869606], [75.84728594710316, 22.705352995679657], [75.84761691459525, 22.70537490912472], [75.84809387266858, 22.705546629479407], [75.84910470734268, 22.70605705635609], [75.8492050174845, 22.7061247236511], [75.84931957337956, 22.706213181660633], [75.84948190437261, 22.70639153602066], [75.84968177605163, 22.70665785365015], [75.84979491766302, 22.706769443484962], [75.84987633436397, 22.706836126726998], [75.85005034018003, 22.70691821616513], [75.85141629923612, 22.707495933760327], [75.85180978795519, 22.707597990279393], [75.85419569895006, 22.70826419309152], [75.85457189081797, 22.708371032256597], [75.85475462372607, 22.708399594057763], [75.8559286601028, 22.707684491590776]]]]}}, {"type": "Feature", "properties": {"tessellate": -1, "extrude": 0, "visibility": -1, "objectid": 18.0, "townname": "Indore", "towncensuscode2011": "802273", "town_lgd_code": 250901.0, "ward_lgd_code": 22695.0, "ward_lgd_name": "Mahaaraaja Holakar", "sourcewardcode": "67", "state": "Madhya Pradesh", "topology_cleaned": true, "cleaning_method": "vertex_cluster_snap_5m"}, "geometry": {"type": "MultiPolygon", "coordinates": [[[[75.84909333454318, 22.713306521101313], [75.8493884099044, 22.713283816886115], [75.84945764101285, 22.713300160376427], [75.8495520719941, 22.71336090301807], [75.84970965319974, 22.713478128116304], [75.8498003187966, 22.713528231586555], [75.84991094933, 22.713563324342438], [75.85006249437197, 22.713601722457028], [75.85079599148902, 22.71365436915698], [75.8517903633865, 22.713743110511615], [75.8528542740512, 22.71372470401483], [75.85281589696663, 22.713455181339384], [75.852810781962, 22.713321067595594], [75.85291110721066, 22.711897102077646], [75.85287197227629, 22.71122226965762], [75.85281746253872, 22.710910287155276], [75.85266902636931, 22.710461683372028], [75.85255639160539, 22.710228417614577], [75.85201597674255, 22.70952924693436], [75.85181773603107, 22.709370598059948], [75.85173229144348, 22.70931423503767], [75.85121951830943, 22.709037481356265], [75.85119100572265, 22.708992648381898], [75.85180978795519, 22.707597990279393], [75.85141629923612, 22.707495933760327], [75.85005034018003, 22.70691821616513], [75.84987633436397, 22.706836126726998], [75.84979491766302, 22.706769443484962], [75.84968177605163, 22.70665785365015], [75.84948190437261, 22.70639153602066], [75.84931957337956, 22.706213181660633], [75.8492050174845, 22.7061247236511], [75.84910470734268, 22.70605705635609], [75.84809387266858, 22.705546629479407], [75.84761691459525, 22.70537490912472], [75.84728594710316, 22.705352995679657], [75.84555753868081, 22.705407305869606], [75.84470315926474, 22.705337928722834], [75.84428608634026, 22.705325587097317], [75.84421421972263, 22.705339154666056], [75.84371423065029, 22.705475617566908], [75.84329572705346, 22.705595389847648], [75.8429880137718, 22.705730069032768], [75.84310116532454, 22.70587607978989], [75.8431489233302, 22.705963900710625], [75.84315895834209, 22.706044513308083], [75.84322455650992, 22.706756155608907], [75.84332446140283, 22.706750073617727], [75.8433575206722, 22.70695752486254], [75.84341184255088, 22.70744927074784], [75.84343900356832, 22.70783023348284], [75.8434716986859, 22.708145044818643], [75.84347749723034, 22.70820156136398], [75.845914689356, 22.707979756374304], [75.84603856271258, 22.70823780873921], [75.84612012691657, 22.70875641819958], [75.84623827524452, 22.709508519821124], [75.84631594432382, 22.70990005423885], [75.84708517408383, 22.71028837930205], [75.84711013621423, 22.710231067718826], [75.8471323432419, 22.710089943757644], [75.84706913735512, 22.709612518965663], [75.848393383928, 22.709580750072398], [75.84832043569898, 22.70982990790224], [75.84828254532826, 22.71022241535979], [75.84828712243495, 22.710475407545957], [75.84831391987893, 22.710573816282007], [75.84921224175156, 22.71271042969855], [75.84909333454318, 22.713306521101313]]]]}}, {"type": "Feature", "properties": {"tessellate": -1, "extrude": 0, "visibility": -1, "objectid": 31.0, "townname": "Indore", "towncensuscode2011": "802273", "town_lgd_code": 250901.0, "ward_lgd_code": 22696.0, "ward_lgd_name": "Bambaee Baazaar", "sourcewardcode": "68", "state": "Madhya Pradesh", "topology_cleaned": true, "cleaning_method": "vertex_cluster_snap_5m"}, "geometry": {"type": "MultiPolygon", "coordinates": [[[[75.85103126767058, 22.716369179779], [75.85100735135214, 22.71572940470866], [75.85345268112843, 22.71611012453726], [75.85315877150649, 22.715112184467266], [75.85312356208073, 22.714992593883657], [75.85313672096669, 22.71494776485997], [75.85337802770178, 22.714921139664497], [75.85357938348297, 22.714921058720833], [75.8547024158921, 22.714920119268783], [75.85483154950381, 22.714876973694846], [75.85482915870746, 22.714711500809063], [75.8547895915283, 22.714650829468187], [75.85384135859174, 22.714710364207047], [75.85362868697536, 22.71469912421431], [75.8535604249584, 22.714674376642783], [75.85304704082115, 22.71442857110483], [75.85304988717913, 22.714259411803464], [75.85304889439074, 22.714209193263684], [75.8529535517747, 22.713985952783723], [75.8528793861443, 22.713833328198746], [75.8528542740512, 22.71372470401483], [75.8517903633865, 22.713743110511615], [75.85079599148902, 22.71365436915698], [75.85006249437197, 22.713601722457028], [75.84991094933, 22.713563324342438], [75.8498003187966, 22.713528231586555], [75.84970965319974, 22.713478128116304], [75.8495520719941, 22.71336090301807], [75.84945764101285, 22.713300160376427], [75.8493884099044, 22.713283816886115], [75.84909333454318, 22.713306521101313], [75.84921224175156, 22.71271042969855], [75.84831391987893, 22.710573816282007], [75.84828712243495, 22.710475407545957], [75.84828254532826, 22.71022241535979], [75.84832043569898, 22.70982990790224], [75.848393383928, 22.709580750072398], [75.84706913735512, 22.709612518965663], [75.8471323432419, 22.710089943757644], [75.84711013621423, 22.710231067718826], [75.84708517408383, 22.71028837930205], [75.84631594432382, 22.70990005423885], [75.84636565660308, 22.710875363753974], [75.84629530428597, 22.713273837405247], [75.84632648413415, 22.71335668638251], [75.84638587757605, 22.71340415704966], [75.84651215275723, 22.713434291527605], [75.84813402041854, 22.713723700010366], [75.84905733829748, 22.71386378170322], [75.84923836726234, 22.713883415940238], [75.84928738934364, 22.71390673193857], [75.84929981245094, 22.713963393649568], [75.84934022411824, 22.714279697819844], [75.84945936158606, 22.715582717596025], [75.8477209265119, 22.71554731883788], [75.84769010961153, 22.715602674255564], [75.8476718862581, 22.716264172301795], [75.84770481247179, 22.716314131308955], [75.84877771518066, 22.716329397111586], [75.84955449363365, 22.716340447962356], [75.85103126767058, 22.716369179779]]]]}}, {"type": "Feature", "properties": {"tessellate": -1, "extrude": 0, "visibility": -1, "objectid": 30.0, "townname": "Indore", "towncensuscode2011": "802273", "town_lgd_code": 250901.0, "ward_lgd_code": 22697.0, "ward_lgd_name": "Jawaahar Maarg", "sourcewardcode": "69", "state": "Madhya Pradesh", "topology_cleaned": true, "cleaning_method": "vertex_cluster_snap_5m"}, "geometry": {"type": "MultiPolygon", "coordinates": [[[[75.8429880137718, 22.705730069032768], [75.84271762188506, 22.70585416298804], [75.84252345511732, 22.70596096318866], [75.84246344504744, 22.70600292177305], [75.84234709336486, 22.706097659268732], [75.84226975522023, 22.70618776506485], [75.84222855052013, 22.706248052056644], [75.84219051221335, 22.706300734572515], [75.8421630381993, 22.706377389486093], [75.84195811848386, 22.70697094854438], [75.8417609211332, 22.707665366318402], [75.84169956110749, 22.707884831948036], [75.84166952023531, 22.708115062804193], [75.84165262876536, 22.70826654625758], [75.84166414402215, 22.70863720364289], [75.84170653405396, 22.709232532113802], [75.84174226372934, 22.709709833117635], [75.84175975588624, 22.709943246374465], [75.84177080942645, 22.710079045834956], [75.8418349201986, 22.7104207914267], [75.84189611486032, 22.710826958223254], [75.84191346636808, 22.710941767744938], [75.84194724516814, 22.711227216109293], [75.8419639279386, 22.711742104478255], [75.84197882837057, 22.71220433931103], [75.84198008375705, 22.712250401432442], [75.8419531963261, 22.713107692305215], [75.84064892580015, 22.71306839401653], [75.84057246330941, 22.714371005431033], [75.84056596228251, 22.71498059210517], [75.84061650373188, 22.71522096779416], [75.84061683087278, 22.71533830582545], [75.84060343400172, 22.715839080028204], [75.83938008262788, 22.716092379936587], [75.83905592022826, 22.716120728660933], [75.83822599253517, 22.71614386974466], [75.8369908274902, 22.71620101478782], [75.83700349382951, 22.716586661345712], [75.83743923152798, 22.71657245642988], [75.83751850907967, 22.717839654233554], [75.83906094328765, 22.717839065850672], [75.84067526342231, 22.717811075774687], [75.84103679134527, 22.717762202735354], [75.8418880998249, 22.71781056658171], [75.84348916752336, 22.717955962604854], [75.84476773351393, 22.71778164979706], [75.84538906751904, 22.717673492253425], [75.84618098504379, 22.717548350887448], [75.84620772154375, 22.71798522939642], [75.84623972852823, 22.718297423607478], [75.84640603759826, 22.719674899495452], [75.84650675731764, 22.719665242918897], [75.84900632004181, 22.719404484759988], [75.8506280428923, 22.719169948992697], [75.8508759384882, 22.719152551226557], [75.8521390644124, 22.71906362401996], [75.85213615066468, 22.71868741258695], [75.85210597443209, 22.718091210715386], [75.85211465396455, 22.71795187465975], [75.85226851891773, 22.717955209886128], [75.85358123819336, 22.718042982936034], [75.85351974672429, 22.71645211961505], [75.85345268112843, 22.71611012453726], [75.85100735135214, 22.71572940470866], [75.85103126767058, 22.716369179779], [75.84955449363365, 22.716340447962356], [75.84877771518066, 22.716329397111586], [75.84770481247179, 22.716314131308955], [75.8476718862581, 22.716264172301795], [75.84769010961153, 22.715602674255564], [75.8477209265119, 22.71554731883788], [75.84945936158606, 22.715582717596025], [75.84934022411824, 22.714279697819844], [75.84929981245094, 22.713963393649568], [75.84928738934364, 22.71390673193857], [75.84923836726234, 22.713883415940238], [75.84905733829748, 22.71386378170322], [75.84813402041854, 22.713723700010366], [75.84651215275723, 22.713434291527605], [75.84638587757605, 22.71340415704966], [75.84632648413415, 22.71335668638251], [75.84629530428597, 22.713273837405247], [75.84636565660308, 22.710875363753974], [75.84631594432382, 22.70990005423885], [75.84623827524452, 22.709508519821124], [75.84612012691657, 22.70875641819958], [75.84603856271258, 22.70823780873921], [75.845914689356, 22.707979756374304], [75.84347749723034, 22.70820156136398], [75.8434716986859, 22.708145044818643], [75.84343900356832, 22.70783023348284], [75.84341184255088, 22.70744927074784], [75.8433575206722, 22.70695752486254], [75.84332446140283, 22.706750073617727], [75.84322455650992, 22.706756155608907], [75.84315895834209, 22.706044513308083], [75.8431489233302, 22.705963900710625], [75.84310116532454, 22.70587607978989], [75.8429880137718, 22.705730069032768]]]]}}, {"type": "Feature", "properties": {"tessellate": -1, "extrude": 0, "visibility": -1, "objectid": 29.0, "townname": "Indore", "towncensuscode2011": "802273", "town_lgd_code": 250901.0, "ward_lgd_code": 22698.0, "ward_lgd_name": "Lok Naayak Nagar", "sourcewardcode": "70", "state": "Madhya Pradesh", "topology_cleaned": true, "cleaning_method": "vertex_cluster_snap_5m"}, "geometry": {"type": "MultiPolygon", "coordinates": [[[[75.83751850907967, 22.717839654233554], [75.83743923152798, 22.71657245642988], [75.83700349382951, 22.716586661345712], [75.8369908274902, 22.71620101478782], [75.83822599253517, 22.71614386974466], [75.83905592022826, 22.716120728660933], [75.83938008262788, 22.716092379936587], [75.84060343400172, 22.715839080028204], [75.84061683087278, 22.71533830582545], [75.84061650373188, 22.71522096779416], [75.84056596228251, 22.71498059210517], [75.84057246330941, 22.714371005431033], [75.84064892580015, 22.71306839401653], [75.8395368120546, 22.712909923731996], [75.83861357264288, 22.712732389240095], [75.83873731389264, 22.712458850745357], [75.83879449677394, 22.71228782547328], [75.8388374836974, 22.71208805907838], [75.8388437933801, 22.71173338687968], [75.83866052512495, 22.71011480502506], [75.83858363119671, 22.709303494467907], [75.83861329250588, 22.70821078628287], [75.83850353636645, 22.70817423562923], [75.83774985701169, 22.70795163449122], [75.83740801509069, 22.707855505621854], [75.83762039163132, 22.707315930811568], [75.83703555347104, 22.706902566241503], [75.8369136493399, 22.707045656014813], [75.83650334302048, 22.707747325252303], [75.83609495718267, 22.707563378454406], [75.83480130727025, 22.707243678448105], [75.83383531911358, 22.7071382417328], [75.83319095450675, 22.7071510839368], [75.83297659086121, 22.705819907589056], [75.83157366267754, 22.70560282390546], [75.83118931264757, 22.708043850780257], [75.82964351589784, 22.707468517233654], [75.82898731812149, 22.708847661797346], [75.82913253090058, 22.710002785709726], [75.82916354649768, 22.710787692281077], [75.8291337532371, 22.711450605744414], [75.82914474383804, 22.711497159597457], [75.82920692991502, 22.711621403746257], [75.82924961897203, 22.711693176277798], [75.82927396901103, 22.711743093434862], [75.82930855910956, 22.711828096272974], [75.82931738178159, 22.71190266397699], [75.82920787308821, 22.7124164927879], [75.82915588903239, 22.71244232597757], [75.82894883541144, 22.712449722419315], [75.82882897087003, 22.71244862732802], [75.82863523919974, 22.71242081554614], [75.82863054123274, 22.712675573465972], [75.82775601973422, 22.712631052139585], [75.82784029926344, 22.713272056825502], [75.82788259599009, 22.713343380087895], [75.82789799568943, 22.71439827675184], [75.82883056218817, 22.714394711091526], [75.82883767793781, 22.71447687545374], [75.8291336574346, 22.71447380562495], [75.82972472460713, 22.71443280117842], [75.83039111652118, 22.714369453033427], [75.83090753298742, 22.71433361936343], [75.831444459162, 22.714259828721254], [75.83223967444115, 22.71413338442413], [75.83265142733727, 22.714050575670367], [75.83280853573731, 22.71402744588629], [75.83423303031408, 22.71409337050498], [75.83438467911787, 22.71410125117066], [75.83449080162494, 22.7141481212224], [75.83453472994968, 22.71423099647311], [75.83454110126787, 22.71430223434002], [75.83453188277208, 22.71437165660668], [75.83451689785409, 22.71443749572446], [75.83449237404102, 22.714519915176126], [75.8343929625297, 22.714600376749328], [75.83431630276783, 22.714627333985607], [75.83422459061896, 22.714612636807935], [75.83402672788628, 22.71456254147272], [75.83388844864974, 22.71452758181572], [75.83373153125765, 22.714485854049467], [75.8336272854693, 22.714459478840162], [75.83357199331721, 22.71444549474969], [75.83351102449011, 22.714442741264055], [75.83343804043014, 22.714449625452215], [75.83333354192531, 22.7144779919278], [75.83327094050071, 22.71451919286994], [75.83325367157275, 22.714569732686087], [75.8332935925607, 22.714666269142242], [75.83362849751383, 22.715109765040744], [75.83370879155656, 22.715216569310954], [75.83378861093729, 22.715325363291846], [75.8338146677788, 22.715399479472445], [75.83382246050215, 22.715496454272728], [75.83380187733411, 22.715634767927988], [75.83378525383168, 22.715767731409425], [75.83379291301425, 22.715826587247633], [75.83425054204348, 22.715826007236146], [75.83466240004743, 22.71584020808874], [75.834874745299, 22.71586972185358], [75.83503065202677, 22.715905040225326], [75.83519753463361, 22.715919886334486], [75.83552529768745, 22.71589112012372], [75.8355588103574, 22.715894061445503], [75.83574738293753, 22.716033359967973], [75.8358603504218, 22.71611677729364], [75.8358988647505, 22.7161576765432], [75.83592988060192, 22.716246490354955], [75.83605436928772, 22.716767861807234], [75.83609572605087, 22.716835845406244], [75.83613252702186, 22.716939262521187], [75.83625082721879, 22.71788413724991], [75.83638946691737, 22.717913673013296], [75.8367465084994, 22.71794333062043], [75.83735349638461, 22.717844492949805], [75.83751850907967, 22.717839654233554]]]]}}, {"type": "Feature", "properties": {"tessellate": -1, "extrude": 0, "visibility": -1, "objectid": 28.0, "townname": "Indore", "towncensuscode2011": "802273", "town_lgd_code": 250901.0, "ward_lgd_code": 22699.0, "ward_lgd_name": "Dravid Nagar", "sourcewardcode": "71", "state": "Madhya Pradesh", "topology_cleaned": true, "cleaning_method": "vertex_cluster_snap_5m"}, "geometry": {"type": "MultiPolygon", "coordinates": [[[[75.84196096218778, 22.70214906861573], [75.84099872515804, 22.700245074428008], [75.84022941924108, 22.69861918326775], [75.83960282403396, 22.697339681152773], [75.83952304670655, 22.697204783795947], [75.83944494585495, 22.69704142331733], [75.83938627536207, 22.69685537811109], [75.83901577994835, 22.6955827496773], [75.83890878889439, 22.695247188627548], [75.83847219674045, 22.69362207162861], [75.83834717749602, 22.6931870596144], [75.83806464900744, 22.692080718399417], [75.83475493895102, 22.692298911102803], [75.83181714817427, 22.692428023766258], [75.83182098963889, 22.69282248026232], [75.83243164476782, 22.692800335761557], [75.83256323548092, 22.694019935528356], [75.83257978957091, 22.694230050104245], [75.83265109147665, 22.6942848715117], [75.83352815938974, 22.693997027327754], [75.8340015241024, 22.693841720892628], [75.83447790716811, 22.69367058938766], [75.8347132047164, 22.694216227217723], [75.83495509472563, 22.694596343554462], [75.83563872397801, 22.6954491146143], [75.83485171976314, 22.696076868353586], [75.83449722908321, 22.696442842121936], [75.83332117065622, 22.697809086749714], [75.83560590534799, 22.699508224091684], [75.8352716366797, 22.699886650007343], [75.83598942751465, 22.701807495121344], [75.83601492458943, 22.70190193851212], [75.8359825403984, 22.701956035361786], [75.8359404768476, 22.702003407948393], [75.83560479045195, 22.702373621853337], [75.83551568558849, 22.702610844895094], [75.83610363236569, 22.702770278999555], [75.83612220375765, 22.703279468354058], [75.83577897831441, 22.703354339527753], [75.83373884418234, 22.70384346779444], [75.8336296865285, 22.703905010083368], [75.83358968998361, 22.70402066159465], [75.83323212932427, 22.70574965422955], [75.83297659086121, 22.705819907589056], [75.83319095450675, 22.7071510839368], [75.83383531911358, 22.7071382417328], [75.83480130727025, 22.707243678448105], [75.83609495718267, 22.707563378454406], [75.83650334302048, 22.707747325252303], [75.8369136493399, 22.707045656014813], [75.83703555347104, 22.706902566241503], [75.83762039163132, 22.707315930811568], [75.83740801509069, 22.707855505621854], [75.83774985701169, 22.70795163449122], [75.83850353636645, 22.70817423562923], [75.83861329250588, 22.70821078628287], [75.83858363119671, 22.709303494467907], [75.83866052512495, 22.71011480502506], [75.8388437933801, 22.71173338687968], [75.8388374836974, 22.71208805907838], [75.83879449677394, 22.71228782547328], [75.83873731389264, 22.712458850745357], [75.83861357264288, 22.712732389240095], [75.8395368120546, 22.712909923731996], [75.84064892580015, 22.71306839401653], [75.8419531963261, 22.713107692305215], [75.84198008375705, 22.712250401432442], [75.84197882837057, 22.71220433931103], [75.8419639279386, 22.711742104478255], [75.84194724516814, 22.711227216109293], [75.84191346636808, 22.710941767744938], [75.84189611486032, 22.710826958223254], [75.8418349201986, 22.7104207914267], [75.84177080942645, 22.710079045834956], [75.84175975588624, 22.709943246374465], [75.84174226372934, 22.709709833117635], [75.84170653405396, 22.709232532113802], [75.84166414402215, 22.70863720364289], [75.84165262876536, 22.70826654625758], [75.84166952023531, 22.708115062804193], [75.84169956110749, 22.707884831948036], [75.8417609211332, 22.707665366318402], [75.84195811848386, 22.70697094854438], [75.8421630381993, 22.706377389486093], [75.84219051221335, 22.706300734572515], [75.84222855052013, 22.706248052056644], [75.84226975522023, 22.70618776506485], [75.84234709336486, 22.706097659268732], [75.84246344504744, 22.70600292177305], [75.84252345511732, 22.70596096318866], [75.84271762188506, 22.70585416298804], [75.8429880137718, 22.705730069032768], [75.84329572705346, 22.705595389847648], [75.84371423065029, 22.705475617566908], [75.84334838278596, 22.704909049100934], [75.84323019637732, 22.70470389828266], [75.84309242664085, 22.70446461515102], [75.84276841546047, 22.703844845595473], [75.84229154379477, 22.70282562369849], [75.84196096218778, 22.70214906861573]]]]}}, {"type": "Feature", "properties": {"tessellate": -1, "extrude": 0, "visibility": -1, "objectid": 20.0, "townname": "Indore", "towncensuscode2011": "802273", "town_lgd_code": 250901.0, "ward_lgd_code": 22700.0, "ward_lgd_name": "Lok Maanya Nagar", "sourcewardcode": "72", "state": "Madhya Pradesh", "topology_cleaned": true, "cleaning_method": "vertex_cluster_snap_5m"}, "geometry": {"type": "MultiPolygon", "coordinates": [[[[75.84196096218778, 22.70214906861573], [75.84229154379477, 22.70282562369849], [75.84276841546047, 22.703844845595473], [75.84309242664085, 22.70446461515102], [75.84323019637732, 22.70470389828266], [75.84334838278596, 22.704909049100934], [75.84371423065029, 22.705475617566908], [75.84421421972263, 22.705339154666056], [75.84428608634026, 22.705325587097317], [75.84470315926474, 22.705337928722834], [75.84555753868081, 22.705407305869606], [75.8450940050241, 22.701964715830897], [75.84485992585327, 22.700690208516853], [75.84481845072887, 22.700182135383468], [75.84466158984907, 22.69875552388551], [75.84448268899818, 22.69713686413699], [75.84509470146253, 22.697016022318365], [75.84534069338466, 22.69693270252576], [75.84557861054991, 22.696786916008506], [75.84633100362531, 22.696206085153097], [75.84734316207684, 22.695297871306227], [75.84919423005486, 22.693762731671175], [75.84271903660283, 22.685951523747885], [75.84253304173023, 22.686100736127436], [75.84015349246208, 22.686214593720656], [75.84015727550229, 22.686595681023643], [75.84000301877062, 22.68660218139923], [75.84002585672454, 22.6867715228103], [75.84005842581819, 22.68709997663883], [75.84035363983402, 22.689759220996855], [75.84046075148223, 22.690457956921346], [75.84137354176838, 22.69069430019816], [75.84150035977625, 22.690721274823538], [75.84164334853868, 22.69200918618182], [75.84164925226135, 22.692131011751947], [75.84055763747867, 22.692177307086446], [75.84044668737553, 22.692166417689215], [75.84034455745555, 22.692149158728185], [75.83878778377175, 22.691873775584927], [75.8379658762372, 22.691750984941503], [75.83806464900744, 22.692080718399417], [75.83834717749602, 22.6931870596144], [75.83847219674045, 22.69362207162861], [75.83890878889439, 22.695247188627548], [75.83901577994835, 22.6955827496773], [75.83938627536207, 22.69685537811109], [75.83944494585495, 22.69704142331733], [75.83952304670655, 22.697204783795947], [75.83960282403396, 22.697339681152773], [75.84022941924108, 22.69861918326775], [75.84099872515804, 22.700245074428008], [75.84196096218778, 22.70214906861573]]]]}}, {"type": "Feature", "properties": {"tessellate": -1, "extrude": 0, "visibility": -1, "objectid": 17.0, "townname": "Indore", "towncensuscode2011": "802273", "town_lgd_code": 250901.0, "ward_lgd_code": 22701.0, "ward_lgd_name": "Lakshman Sinh Chauhaan", "sourcewardcode": "73", "state": "Madhya Pradesh", "topology_cleaned": true, "cleaning_method": "vertex_cluster_snap_5m"}, "geometry": {"type": "MultiPolygon", "coordinates": [[[[75.85480574938018, 22.698550380873026], [75.85478996253252, 22.697936035196516], [75.85617392431568, 22.697960071456617], [75.86003938585556, 22.697937897460314], [75.86003444822278, 22.69847250107707], [75.86070131278188, 22.698484362045082], [75.86071305799915, 22.697294553330988], [75.86003209785763, 22.69728511661836], [75.8600332085452, 22.696839238254547], [75.86004107274236, 22.694621215329143], [75.85514793573809, 22.694955464430034], [75.85520963475219, 22.69275585006333], [75.85524887509327, 22.692176710008614], [75.8554223463401, 22.69120291971458], [75.85529213148102, 22.691193769535154], [75.85506064426828, 22.691227254485515], [75.85495618313524, 22.691242355779753], [75.85473012451608, 22.691303542833566], [75.8542124023072, 22.691474683491435], [75.85405872827396, 22.691513081221657], [75.85383286727675, 22.6915277455714], [75.85360321299015, 22.69151153667295], [75.85342666314014, 22.691471648594717], [75.85318097573906, 22.69142878663305], [75.85264812896904, 22.69134292117765], [75.85256067378269, 22.69133742520716], [75.85248854858135, 22.691339345003346], [75.85242502462388, 22.691346819474514], [75.85235463813142, 22.691362279585878], [75.85230820979778, 22.691379328376026], [75.85226729214693, 22.69140592288531], [75.85222350681754, 22.691472549244125], [75.85216420163677, 22.69154829131388], [75.85210711265533, 22.691604600419424], [75.85175908078344, 22.691824873059904], [75.85161122887462, 22.691923397866542], [75.85153438228036, 22.691980534548243], [75.85147745685924, 22.692031874366947], [75.85144255388485, 22.692086619917713], [75.8514174607442, 22.692137700040007], [75.85139887820847, 22.692186848575965], [75.85105084496895, 22.693226963057626], [75.8506390021095, 22.692683915140474], [75.85016751751533, 22.693029587517703], [75.84969870789872, 22.693304244241773], [75.8494451804944, 22.693490226472534], [75.84919423005486, 22.693762731671175], [75.84734316207684, 22.695297871306227], [75.84633100362531, 22.696206085153097], [75.84557861054991, 22.696786916008506], [75.84534069338466, 22.69693270252576], [75.84509470146253, 22.697016022318365], [75.84448268899818, 22.69713686413699], [75.84466158984907, 22.69875552388551], [75.84689256523565, 22.698537446089027], [75.84706527961008, 22.6985223499416], [75.84719624146062, 22.698541077769004], [75.84735080753732, 22.698598613115966], [75.84818403255673, 22.699002132955748], [75.84865070455477, 22.69831368584906], [75.848678280806, 22.69822284738481], [75.84882400982266, 22.697383352105398], [75.84882775880082, 22.697217575025654], [75.84874244049603, 22.696911625154907], [75.84868015341542, 22.696741049433523], [75.84863785474656, 22.69659123412041], [75.84862924151199, 22.696488934879127], [75.84862994118524, 22.696365448816724], [75.84870748654549, 22.696168296853156], [75.84914423239499, 22.695507106355095], [75.84930971920683, 22.695299370402292], [75.85003232783652, 22.694723377903724], [75.8549896656438, 22.700653924518726], [75.85508860784284, 22.70032892770678], [75.85513658046845, 22.700089746470752], [75.8551426086035, 22.699931635422136], [75.85513061159737, 22.69980261687812], [75.85494769098435, 22.699240020680723], [75.85483213898137, 22.69877100832613], [75.85480574938018, 22.698550380873026]]]]}}, {"type": "Feature", "properties": {"tessellate": -1, "extrude": 0, "visibility": -1, "objectid": 9.0, "townname": "Indore", "towncensuscode2011": "802273", "town_lgd_code": 250901.0, "ward_lgd_code": 22702.0, "ward_lgd_name": "Vishnupuree", "sourcewardcode": "74", "state": "Madhya Pradesh", "topology_cleaned": true, "cleaning_method": "vertex_cluster_snap_5m"}, "geometry": {"type": "MultiPolygon", "coordinates": [[[[75.86677834859093, 22.699348812764594], [75.86696010076095, 22.699470623485706], [75.86814394967986, 22.700242095340812], [75.86880459043974, 22.699343062946934], [75.86896637685089, 22.699123855508773], [75.86903484015443, 22.698988439539473], [75.86908052109018, 22.698760287485896], [75.86912671211569, 22.698551282721322], [75.86913086423823, 22.698129235863206], [75.87016324272193, 22.69800926673752], [75.8701712983234, 22.696756880355295], [75.86697356550133, 22.69514376933902], [75.86690643047156, 22.695242774058936], [75.86638124767069, 22.694985827250807], [75.8676428624969, 22.692699860396825], [75.87107912256943, 22.688193480472716], [75.87276713933107, 22.68614805319348], [75.87321798800988, 22.685569646558545], [75.87401341903275, 22.684205197767298], [75.87493802318083, 22.682627943045937], [75.87596184204943, 22.680827565811185], [75.87708680940119, 22.678864575170074], [75.87964992145751, 22.674394596585703], [75.87870387620849, 22.674331590539207], [75.87826665294692, 22.674304360455398], [75.8782066744819, 22.674897710102126], [75.87685017871308, 22.674824206862574], [75.87649441882189, 22.674872313350967], [75.8752071601732, 22.674879985824248], [75.87404675568614, 22.674845042196626], [75.87393509667521, 22.675258011310948], [75.87349509370247, 22.675176494654117], [75.87306611441913, 22.675067998116663], [75.8727420445444, 22.675032819265336], [75.87243251343943, 22.67503396384073], [75.87000440135121, 22.6750050791333], [75.86844484393691, 22.67506855548916], [75.86801272969572, 22.675049038156903], [75.8673995933389, 22.675049560043316], [75.86500617184682, 22.675135583468265], [75.86463496184632, 22.675173359129747], [75.86448915310714, 22.675205310455024], [75.86371280181282, 22.67561382054224], [75.86344119933769, 22.675749787879777], [75.86337904571081, 22.67581940677872], [75.86331422016002, 22.675928695319705], [75.86326819236531, 22.676039779451532], [75.86315980573492, 22.676218857538593], [75.86304067555345, 22.67631443738403], [75.86269097836302, 22.676399606736624], [75.86246918570332, 22.676469181915703], [75.862331920744, 22.676560161712022], [75.8620964775663, 22.67693756727174], [75.86203008669962, 22.67713927225376], [75.86190209991366, 22.677624676779562], [75.8618028738904, 22.67800839448785], [75.86159950016723, 22.678471350764294], [75.86121558245539, 22.679234724843035], [75.86088068157693, 22.679695497023253], [75.86059804177704, 22.68009230437145], [75.86041382115617, 22.680240624102026], [75.86032134873729, 22.680272375482446], [75.8602246628937, 22.680284095988785], [75.85988209696355, 22.68032839158688], [75.85960988519342, 22.68030627687222], [75.85835983040081, 22.68060737161826], [75.85822941568354, 22.68070526678249], [75.858190608999, 22.680835731976945], [75.85795696720508, 22.682099991011125], [75.85784522946182, 22.68230555058016], [75.85759374666871, 22.682596137420788], [75.85722467009673, 22.682839749161218], [75.85707801439729, 22.68289364890506], [75.85692116394078, 22.682920503807626], [75.85670907349882, 22.68294006636179], [75.85584945233133, 22.682976641079627], [75.85570831286168, 22.683056796399903], [75.85562775724507, 22.68312696242006], [75.85557132797445, 22.683210368451093], [75.85550168331544, 22.683360328652217], [75.85540077514909, 22.683821555614657], [75.85526294425586, 22.68554914834334], [75.85526510809595, 22.687168679661536], [75.85545764994434, 22.690679805704935], [75.8554223463401, 22.69120291971458], [75.85524887509327, 22.692176710008614], [75.85520963475219, 22.69275585006333], [75.85514793573809, 22.694955464430034], [75.86004107274236, 22.694621215329143], [75.8600332085452, 22.696839238254547], [75.86263503343363, 22.696873560817114], [75.8629482168861, 22.696888041438115], [75.86307075852623, 22.696914660432405], [75.86322122252864, 22.6969694022082], [75.86376077405562, 22.697328355358295], [75.86465196297473, 22.69794899171548], [75.86527586525595, 22.698375231662823], [75.86634174540752, 22.699076572279733], [75.86677834859093, 22.699348812764594]]]]}}, {"type": "Feature", "properties": {"tessellate": -1, "extrude": 0, "visibility": -1, "objectid": 6.0, "townname": "Indore", "towncensuscode2011": "802273", "town_lgd_code": 250901.0, "ward_lgd_code": 22703.0, "ward_lgd_name": "Paalada", "sourcewardcode": "75", "state": "Madhya Pradesh", "topology_cleaned": true, "cleaning_method": "vertex_cluster_snap_5m"}, "geometry": {"type": "MultiPolygon", "coordinates": [[[[75.90908036343185, 22.685545523337492], [75.91002126890682, 22.685156184684867], [75.91078056257952, 22.684846551359325], [75.91106902254067, 22.684747353625326], [75.91121832247862, 22.68469899032895], [75.91171165140722, 22.6845493050704], [75.91245054216026, 22.684334987949146], [75.91322689724016, 22.684119008488835], [75.91344953335704, 22.684061553121193], [75.91358114551124, 22.68401780507637], [75.91374303635433, 22.68396006363202], [75.91398858251263, 22.68384909177861], [75.91414055320864, 22.683763404298734], [75.91466982205472, 22.68348568802877], [75.91537893402493, 22.683112998778846], [75.9159328171358, 22.682819329977825], [75.91783868756335, 22.681850828153383], [75.92109700767143, 22.68028530797125], [75.92056840324332, 22.678573797015492], [75.92011450294687, 22.677392090827883], [75.92336063930026, 22.67651238147832], [75.9237565774764, 22.676405044353736], [75.92445197001224, 22.676216577903848], [75.92783690436609, 22.67495388293149], [75.92847269766658, 22.67463305020262], [75.92897182226605, 22.674311652912046], [75.92949859608424, 22.673933637546], [75.92972600331173, 22.67360559479745], [75.92981725696643, 22.673352954665358], [75.9298702434747, 22.67304055771108], [75.92987026857749, 22.67262558263875], [75.92984728793849, 22.672378754483155], [75.92959570595409, 22.67138694869861], [75.92832284430048, 22.66800154321746], [75.92814613186484, 22.667675392538342], [75.92769892959286, 22.667218475129545], [75.92659674972404, 22.666481439529996], [75.92535083119948, 22.665818212892287], [75.92391327510798, 22.66511073589626], [75.92344584313956, 22.664827265727155], [75.92329875046103, 22.66470707139711], [75.92310677724886, 22.664483346398743], [75.92092832158035, 22.6579930239183], [75.91873380248217, 22.651908245399245], [75.91850503931438, 22.651636398079187], [75.91836184000041, 22.651572000272388], [75.91809082514109, 22.651488100584206], [75.9175310324283, 22.65140043406771], [75.9168041026886, 22.651453823916007], [75.91603529234382, 22.651590463348782], [75.91511425708633, 22.6519749312975], [75.91290116751432, 22.653228148548152], [75.90815964034216, 22.655321755539067], [75.90772230506236, 22.65552043087317], [75.9062729325996, 22.656037284441087], [75.90385234002046, 22.65710438885701], [75.89993413911755, 22.659200790320362], [75.90157486101457, 22.663770956344386], [75.9028803338174, 22.66308323615355], [75.90291704215454, 22.665599271122915], [75.90319914932499, 22.66887621904129], [75.90412240755106, 22.67329339830125], [75.89937060394675, 22.673638296802082], [75.89672768273167, 22.673681751724846], [75.89550253970441, 22.67361399405645], [75.8953492771357, 22.673650802451878], [75.89232688123093, 22.67383722128131], [75.89231179394308, 22.673912460250957], [75.8922370193383, 22.674285670483048], [75.89215886412262, 22.674602804321772], [75.89207717653788, 22.674735051446305], [75.89202862195316, 22.674782880870435], [75.89196594767918, 22.674814800441137], [75.89111276969409, 22.674783869631366], [75.88748349750438, 22.674692826425396], [75.88466247137424, 22.67459308282889], [75.88207788402373, 22.674478257051966], [75.88023143565545, 22.67444252855113], [75.87964992145751, 22.674394596585703], [75.87708680940119, 22.678864575170074], [75.87596184204943, 22.680827565811185], [75.87818507290875, 22.681669914531888], [75.88117281538777, 22.682549126072228], [75.88153344664809, 22.681707247721484], [75.88159678862543, 22.681641860983223], [75.88239238733242, 22.681080590651312], [75.88246248525557, 22.681082281918194], [75.8826713596282, 22.681169744778664], [75.88305581484104, 22.68128342855004], [75.88385314809841, 22.681419176755785], [75.88388765058559, 22.681471423130194], [75.88390811552624, 22.68153571578207], [75.88387036625174, 22.682859807566714], [75.88418443018942, 22.68399533379765], [75.88421847893588, 22.684029832637627], [75.88523752037723, 22.68409538149631], [75.8860291344783, 22.684171486718217], [75.88690472919939, 22.68430357927366], [75.88684402606246, 22.684673005547108], [75.88685819645399, 22.684742120128107], [75.88689599720627, 22.684807400250836], [75.88696313376728, 22.684862942812156], [75.8870363233186, 22.684906076541736], [75.88728375286111, 22.68505366017329], [75.88747022158559, 22.685152351307256], [75.88755340319454, 22.685205185078352], [75.88777428235993, 22.685416959347112], [75.88786841867254, 22.68555337811354], [75.88795593110852, 22.685749541927976], [75.88819628743137, 22.68620401551465], [75.88881537074803, 22.685669165994373], [75.88911975998546, 22.685471007196668], [75.88933009486583, 22.685405975306804], [75.88941557102991, 22.685391860556553], [75.8895320126171, 22.685394284815484], [75.88964974066107, 22.685415038898594], [75.88996607260648, 22.68555916411648], [75.89033847735577, 22.68576367881646], [75.89108453816537, 22.686230238951055], [75.8919434572929, 22.68683653991167], [75.89262655474369, 22.687229372501125], [75.89269547254547, 22.687258797170365], [75.89321482403845, 22.68742454665096], [75.89416885923833, 22.687654259598297], [75.89488326049418, 22.68779913158514], [75.89606963822776, 22.68803891557176], [75.89629696025786, 22.688056160569907], [75.89644858627305, 22.688049711020746], [75.89684554485333, 22.68798588226249], [75.89777118312325, 22.687770224171565], [75.89895473158991, 22.687515896598626], [75.8997273047093, 22.687400269355354], [75.90014053016307, 22.687338509000817], [75.90170285975614, 22.687115814367306], [75.90305195811112, 22.686917341829513], [75.9035256774995, 22.686847553475193], [75.90387952302855, 22.686816288940182], [75.9041296280124, 22.686819483366186], [75.9049226893174, 22.686890066433868], [75.90584268813441, 22.686974922074764], [75.90602883110644, 22.686992115292142], [75.90616025228302, 22.686992545692572], [75.90626638373996, 22.686981285929186], [75.90639034132788, 22.68694219384368], [75.9066511213304, 22.68682193306562], [75.9071135471175, 22.68658960408072], [75.90720242792868, 22.686545741992653], [75.90908036343185, 22.685545523337492]]]]}}, {"type": "Feature", "properties": {"tessellate": -1, "extrude": 0, "visibility": -1, "objectid": 1.0, "townname": "Indore", "towncensuscode2011": "802273", "town_lgd_code": 250901.0, "ward_lgd_code": 903122.0, "ward_lgd_name": "Mundlaa Naayta", "sourcewardcode": "76", "state": "Madhya Pradesh", "topology_cleaned": true, "cleaning_method": "vertex_cluster_snap_5m"}, "geometry": {"type": "MultiPolygon", "coordinates": [[[[75.9201801564897, 22.714683961288276], [75.92070283453697, 22.71539961424536], [75.92215508414489, 22.71768489135999], [75.9221499673787, 22.71802564338825], [75.92216455065049, 22.71851640925705], [75.9222262302424, 22.718857317997074], [75.92229486483252, 22.719015540548153], [75.92346023107267, 22.72061920642978], [75.92356285483967, 22.720691057830564], [75.92384845572309, 22.720838089995738], [75.923924624589, 22.720914339485628], [75.92400256976472, 22.721023097232823], [75.92405755466436, 22.7211346975145], [75.92407997662308, 22.72121116720483], [75.9241574149485, 22.721447382480886], [75.92421947461152, 22.721582969401652], [75.92440159149254, 22.721776305284404], [75.92506822884742, 22.722331768715854], [75.92571695313188, 22.722915876955536], [75.9261383366485, 22.72367626727945], [75.92783270348049, 22.72357349425554], [75.92787429929045, 22.726867830583558], [75.93036065565394, 22.72699609958428], [75.93056959444279, 22.727049622901184], [75.93297561919552, 22.728182597635637], [75.93365071507445, 22.732025770828823], [75.93374198796201, 22.73367943319938], [75.93428491093287, 22.744947416525502], [75.93428316623853, 22.745392748142336], [75.93728083181597, 22.74547482183356], [75.93694987342207, 22.750640409459276], [75.93853831946561, 22.751437809875572], [75.9394907702052, 22.751958646186313], [75.93990793063129, 22.75213377810299], [75.94082623509952, 22.752459697103674], [75.94167989972351, 22.75270397338523], [75.94258648470957, 22.753052442947624], [75.94358314004914, 22.753525209268677], [75.94422327196419, 22.753846157417364], [75.94383000445231, 22.751819971962092], [75.95175996128273, 22.749669977075516], [75.95767996152559, 22.74885000065059], [75.96214002522217, 22.7477799966644], [75.964040022133, 22.74748003291446], [75.96446998793881, 22.747409962287005], [75.96605997510099, 22.747329988961294], [75.97103997104547, 22.74756996627745], [75.97202001051703, 22.74749002708498], [75.97409996425719, 22.746340035797296], [75.97451000011193, 22.744009959464318], [75.97628997139293, 22.74025995878688], [75.97650002021057, 22.739929971057627], [75.97911998681346, 22.73591998930692], [75.9833300275405, 22.73218996478872], [75.98482127865046, 22.731199277900103], [75.98615996527, 22.73030996378636], [75.98538998235072, 22.724950034787323], [75.98441004095689, 22.725360019561887], [75.98317001731058, 22.725730047256306], [75.98151002204817, 22.725049959482703], [75.98015999271092, 22.72429000054565], [75.97963999693012, 22.72351997772418], [75.98007002775566, 22.72126997436153], [75.97961996083133, 22.720869958606514], [75.97796997437082, 22.720190041112506], [75.97382002838502, 22.71977998698134], [75.97008999564241, 22.7165299680721], [75.96497996536388, 22.711649987315614], [75.96515003938642, 22.711300021383746], [75.96161995758891, 22.710659987413393], [75.96026001591336, 22.71022997286475], [75.96002001648014, 22.710159963459898], [75.9561799608623, 22.71061004048251], [75.95365996166595, 22.710699968199673], [75.95181004651504, 22.710569983947806], [75.95054001506736, 22.710099967336884], [75.94744927750156, 22.70982175478753], [75.94661918535941, 22.709852774681835], [75.94621309450149, 22.709868004218404], [75.9445730904979, 22.708216997084275], [75.94448534608362, 22.708128631355507], [75.9420053037296, 22.705359039589638], [75.94331365194276, 22.702919488107522], [75.94243908226488, 22.7017517175088], [75.94215748798352, 22.701219439929112], [75.94210464306784, 22.700894927191953], [75.94209172220798, 22.700685439452187], [75.94171093646068, 22.699670483437664], [75.94135533434293, 22.698279698640846], [75.94123434950576, 22.697571144838726], [75.94125254458554, 22.69739868953931], [75.94154391960002, 22.696372460615404], [75.9416630594047, 22.695799794507025], [75.9416935661506, 22.695021608740614], [75.94160736011322, 22.694686723273225], [75.94152102296184, 22.694475047688222], [75.94115026181817, 22.693983669111088], [75.94091541919614, 22.6934658370023], [75.94106838741533, 22.689307800045505], [75.94095070920028, 22.68692885435774], [75.94088542601571, 22.68674875993043], [75.9407944735529, 22.686672875812427], [75.94068601637701, 22.686628077493847], [75.94058768412422, 22.686597672314534], [75.94038982278146, 22.686589711512102], [75.93901985562641, 22.686644363583312], [75.935648898689, 22.68695144027858], [75.93375617656548, 22.687221918475746], [75.93258081805592, 22.687351979807953], [75.93241126719134, 22.687341585982324], [75.9314889624035, 22.6871768650238], [75.93110623101123, 22.687066812029602], [75.93038923962764, 22.686830975164334], [75.92902780901662, 22.68653591660188], [75.92804463775875, 22.686279392502644], [75.92732289512435, 22.686131821242753], [75.92703948708241, 22.68608332975705], [75.92589195665634, 22.685935868583726], [75.92264920704183, 22.685475662935016], [75.92200711724016, 22.685432210184846], [75.92132403650217, 22.68546026095752], [75.91945353677607, 22.685766032291127], [75.91921459173317, 22.68585945058959], [75.91788979977908, 22.694802474554574], [75.91762184722393, 22.695658982148746], [75.91763256774236, 22.69598230110782], [75.91755835345303, 22.697220063186922], [75.91750915451443, 22.69806257951784], [75.91737741299828, 22.698059450672243], [75.91716346673451, 22.70192534263331], [75.91722595874603, 22.703107760998567], [75.9172948053183, 22.703460735885876], [75.9176616480066, 22.704366083709967], [75.9177793097159, 22.70495824211371], [75.91802787204732, 22.70653604857447], [75.91807304858995, 22.70717875540588], [75.91820156791178, 22.707850792552296], [75.91847560323728, 22.708706356686672], [75.91853254809777, 22.70896726281728], [75.91864571113891, 22.710080466764317], [75.91864112630982, 22.71021047732466], [75.91862250187337, 22.7103084111957], [75.91860256932746, 22.710356219675333], [75.91854737977327, 22.710424193460582], [75.91850823976532, 22.710475273766473], [75.91848007330344, 22.710536678947967], [75.91847559854139, 22.71064672603812], [75.91850329916004, 22.71084384670547], [75.91851674024795, 22.71230385621174], [75.91855377358429, 22.712469578875016], [75.91861650044332, 22.712589898858358], [75.91866639837916, 22.712669915203886], [75.91985195926237, 22.71407567366494], [75.91994711405907, 22.714385859770136], [75.9201801564897, 22.714683961288276]]]]}}, {"type": "Feature", "properties": {"tessellate": -1, "extrude": 0, "visibility": -1, "objectid": 22.0, "townname": "Indore", "towncensuscode2011": "802273", "town_lgd_code": 250901.0, "ward_lgd_code": 903123.0, "ward_lgd_name": "Billavali", "sourcewardcode": "77", "state": "Madhya Pradesh", "topology_cleaned": true, "cleaning_method": "vertex_cluster_snap_5m"}, "geometry": {"type": "MultiPolygon", "coordinates": [[[[75.85835983040081, 22.68060737161826], [75.85960988519342, 22.68030627687222], [75.85988209696355, 22.68032839158688], [75.8602246628937, 22.680284095988785], [75.86032134873729, 22.680272375482446], [75.86041382115617, 22.680240624102026], [75.86059804177704, 22.68009230437145], [75.86088068157693, 22.679695497023253], [75.86121558245539, 22.679234724843035], [75.86159950016723, 22.678471350764294], [75.8618028738904, 22.67800839448785], [75.86190209991366, 22.677624676779562], [75.86203008669962, 22.67713927225376], [75.8620964775663, 22.67693756727174], [75.862331920744, 22.676560161712022], [75.86246918570332, 22.676469181915703], [75.86269097836302, 22.676399606736624], [75.86304067555345, 22.67631443738403], [75.86315980573492, 22.676218857538593], [75.86326819236531, 22.676039779451532], [75.86331422016002, 22.675928695319705], [75.86337904571081, 22.67581940677872], [75.86344119933769, 22.675749787879777], [75.86371280181282, 22.67561382054224], [75.86448915310714, 22.675205310455024], [75.86463496184632, 22.675173359129747], [75.86500617184682, 22.675135583468265], [75.8673995933389, 22.675049560043316], [75.86801272969572, 22.675049038156903], [75.86844484393691, 22.67506855548916], [75.87000440135121, 22.6750050791333], [75.87243251343943, 22.67503396384073], [75.8727420445444, 22.675032819265336], [75.87306611441913, 22.675067998116663], [75.87349509370247, 22.675176494654117], [75.87393509667521, 22.675258011310948], [75.87404675568614, 22.674845042196626], [75.8752071601732, 22.674879985824248], [75.87649441882189, 22.674872313350967], [75.87685017871308, 22.674824206862574], [75.8782066744819, 22.674897710102126], [75.87826665294692, 22.674304360455398], [75.87870387620849, 22.674331590539207], [75.87964992145751, 22.674394596585703], [75.88023143565545, 22.67444252855113], [75.88207788402373, 22.674478257051966], [75.88466247137424, 22.67459308282889], [75.88748349750438, 22.674692826425396], [75.89111276969409, 22.674783869631366], [75.89196594767918, 22.674814800441137], [75.89202862195316, 22.674782880870435], [75.89207717653788, 22.674735051446305], [75.89215886412262, 22.674602804321772], [75.8922370193383, 22.674285670483048], [75.89231179394308, 22.673912460250957], [75.89232688123093, 22.67383722128131], [75.8953492771357, 22.673650802451878], [75.89550253970441, 22.67361399405645], [75.89672768273167, 22.673681751724846], [75.89937060394675, 22.673638296802082], [75.90412240755106, 22.67329339830125], [75.90319914932499, 22.66887621904129], [75.90291704215454, 22.665599271122915], [75.9028803338174, 22.66308323615355], [75.90157486101457, 22.663770956344386], [75.89993413911755, 22.659200790320362], [75.89969272757523, 22.658896106455217], [75.89953309239236, 22.65872898806576], [75.89933853101257, 22.65859386185844], [75.89912641826476, 22.658603091644704], [75.89708316565357, 22.659221835922324], [75.89697629128675, 22.659250436697693], [75.8967099891104, 22.659293208284016], [75.88566410297909, 22.654715891207495], [75.88649297852128, 22.6504205071803], [75.88743010538971, 22.645471155994322], [75.88794608383719, 22.642746089212356], [75.88814518063097, 22.64153337885645], [75.88821542397031, 22.64112189404694], [75.88826587944921, 22.640826413307444], [75.88834652455903, 22.640186333734615], [75.88837700917676, 22.639781663249842], [75.88837243634765, 22.639433734105836], [75.88823658142186, 22.63775279684978], [75.88799666034441, 22.634232665557942], [75.88779004224085, 22.632152945919533], [75.88753756127774, 22.63017329484863], [75.8865114735397, 22.630191073846625], [75.8835097311446, 22.630265900434324], [75.88230576098523, 22.630222303873467], [75.8804938748706, 22.630050604894393], [75.87765873856559, 22.62962279836213], [75.87653009810286, 22.629457702246224], [75.87540363650822, 22.629375058604126], [75.87424871224657, 22.62916140122197], [75.86954413496792, 22.628884635719455], [75.8525747876104, 22.629149709681496], [75.84894304433695, 22.62918974887945], [75.84842699910207, 22.629138099679626], [75.84638983555932, 22.62854400131613], [75.84482279779004, 22.627348411515282], [75.84442848804515, 22.62841143395033], [75.84548938800499, 22.63013967206601], [75.84649576419086, 22.632192119222065], [75.84679862789208, 22.63275400921167], [75.84694665218828, 22.63296306796755], [75.84709381224619, 22.633110434630616], [75.84723328031643, 22.633193525664158], [75.84741998822207, 22.63326796612312], [75.84776844426096, 22.633377142071733], [75.84978143739437, 22.633857621235922], [75.84987504229947, 22.633903826639855], [75.84994663229801, 22.63397797078976], [75.85000721814467, 22.634082434307206], [75.85024751514263, 22.635053218448014], [75.85033719843742, 22.63599589465863], [75.85038684742163, 22.638734483384475], [75.8504418322802, 22.6390352666967], [75.85048512172564, 22.63919085894333], [75.85054176680912, 22.639334456568893], [75.85063443498899, 22.639496561686045], [75.8517109658971, 22.640907696128142], [75.8517547614558, 22.64097141815409], [75.85176904357802, 22.641030780386522], [75.85179018776957, 22.641161377687798], [75.85199905963758, 22.642933835616763], [75.8520183669553, 22.644060256348123], [75.85190540550093, 22.64521601492206], [75.85187858132248, 22.646200047227193], [75.85176933207316, 22.64753202230455], [75.85178656968982, 22.64799153683453], [75.85172332260392, 22.648308936088153], [75.85158333875742, 22.64877642211969], [75.85144409850922, 22.649112110588725], [75.85134921579609, 22.649444492077066], [75.8517416542033, 22.649450717671165], [75.85191149626368, 22.649453337983157], [75.85227775952526, 22.64953910265066], [75.85245782395859, 22.649605351635298], [75.85261071274968, 22.649667860723333], [75.85265036067925, 22.64972130664337], [75.85266740762538, 22.649786886855395], [75.85267252600772, 22.649906548672455], [75.8526612489745, 22.650160710760087], [75.85266593568181, 22.650241984044076], [75.85269755553954, 22.650397998732924], [75.85271506808348, 22.65052319514399], [75.85272063895674, 22.65071611326062], [75.8527267129315, 22.650927456289324], [75.85270859889597, 22.65105157759296], [75.852677105213, 22.651168182241722], [75.85266177180023, 22.651269796241706], [75.85265148369716, 22.651416187742853], [75.85265209085125, 22.651498747355525], [75.85265764734962, 22.65156325953533], [75.85269886096786, 22.651641628535746], [75.85277871670442, 22.65170502274938], [75.8528553698791, 22.651714731986154], [75.85365235438171, 22.651684292967175], [75.85384767502404, 22.65169897017641], [75.85394920122017, 22.651717669839197], [75.85401625601617, 22.651749018842494], [75.85407425720636, 22.651795682054047], [75.85409703087889, 22.651842894300714], [75.85411130961057, 22.651917070544208], [75.85431360457679, 22.65338387593659], [75.85436459502685, 22.653419375305795], [75.85503836094995, 22.653449294958538], [75.85511995846521, 22.653466203204008], [75.85532924452376, 22.65493866027094], [75.85547240160058, 22.65547130216564], [75.85558891656267, 22.65594500948641], [75.85575566770193, 22.657017705777864], [75.85432275957267, 22.657321818720135], [75.8533157733189, 22.65753548812875], [75.85310241010768, 22.65754764460096], [75.85252875024368, 22.65752965047401], [75.8523290172838, 22.657479495150866], [75.85213311273002, 22.657418840787518], [75.85175913721922, 22.65730114011818], [75.85159836458736, 22.657224129040724], [75.85146600098177, 22.65717695683544], [75.85139736047664, 22.65717289531416], [75.85071397458745, 22.657179957379853], [75.84992154865881, 22.657149926750844], [75.8498063880099, 22.657146201610804], [75.84880044704498, 22.65716688950455], [75.8484896728483, 22.65716537375925], [75.84827853448631, 22.657143637767444], [75.84807254490497, 22.65712033861337], [75.847821271321, 22.65710847987652], [75.84587255301874, 22.65710215737091], [75.84520990303032, 22.657157865450777], [75.84458457275697, 22.657228730447592], [75.84452843850353, 22.657208701734326], [75.84448046900371, 22.657178964512163], [75.8444392371105, 22.65712100836964], [75.84438552741176, 22.656932498742147], [75.8443559153539, 22.65686481588294], [75.84430831964482, 22.65681660385981], [75.84398228325874, 22.6566428525732], [75.84388555873556, 22.65662990258794], [75.84379187994082, 22.656685317396487], [75.84364481244629, 22.65679566374944], [75.84353405308039, 22.65690690282613], [75.84342060433856, 22.65707181285299], [75.84337979859347, 22.657115386708462], [75.84330795553097, 22.657144670867098], [75.84290478852515, 22.65718617659587], [75.84150984801515, 22.657273903116646], [75.84090148017748, 22.657325785440968], [75.84060528177662, 22.657320564658463], [75.84053338510793, 22.657309198707885], [75.84046837040836, 22.657293189724008], [75.8403372680035, 22.65724478213979], [75.84028536157346, 22.65719970793364], [75.84011699699742, 22.656793782880182], [75.84000040685481, 22.656611066326327], [75.83985782249101, 22.656730915749574], [75.83957565357542, 22.65696788856693], [75.83936454303169, 22.6570945552844], [75.83921336716014, 22.657154152882185], [75.83893647994681, 22.657203568756806], [75.83871948194806, 22.657258451922466], [75.837866656735, 22.657459565084796], [75.83766411622364, 22.657459178686807], [75.83724727697106, 22.657413300795632], [75.83671486704635, 22.657360256800104], [75.83627682824392, 22.657349355036136], [75.83599583363291, 22.657363648326992], [75.83488800909868, 22.657436630767506], [75.83332771208198, 22.657590909074848], [75.8328646724216, 22.657678950770688], [75.83236460464848, 22.657808284365878], [75.83195034362569, 22.657931751046718], [75.83183153195411, 22.658016737583804], [75.83174818948406, 22.65812484548488], [75.8317110419387, 22.65822702268641], [75.83166862909187, 22.658343770596197], [75.83166975359586, 22.65844963340148], [75.83168933243118, 22.65856533689755], [75.831760201275, 22.658696853182768], [75.83234497692214, 22.659750425182285], [75.83315583033902, 22.66113785898713], [75.83331490468244, 22.661353556439355], [75.83380088385368, 22.66188678444151], [75.83598748127706, 22.66462923565197], [75.83605370599831, 22.6646838115879], [75.83621166675172, 22.664778557841316], [75.83627446144325, 22.664813188332207], [75.83649994580455, 22.664984002205284], [75.83663322396984, 22.665101279103638], [75.83686291412992, 22.665227175743784], [75.8370022155735, 22.665326444895882], [75.83715754814621, 22.665420932911758], [75.8372614617537, 22.665478834290187], [75.83739615637836, 22.665540639615404], [75.83753816595478, 22.66558885686562], [75.83766737275073, 22.66562846911605], [75.83783242528689, 22.665656512030786], [75.8379574595641, 22.665666155833055], [75.83802937964141, 22.66568068430215], [75.83816016115077, 22.66570709952395], [75.83839438169302, 22.665761247051883], [75.83856060779964, 22.665806175040114], [75.83877708038153, 22.66587080301389], [75.8389499691224, 22.6659229222179], [75.83940623798254, 22.66609405868082], [75.83952646057321, 22.66612865792208], [75.83989522305662, 22.666235032264254], [75.84003944608436, 22.666286848902892], [75.84014766604146, 22.666348339029007], [75.84020958952603, 22.666423440954414], [75.84024048139291, 22.66649346640374], [75.84033563794215, 22.6669510376508], [75.8403681022023, 22.667039482417053], [75.84043067210521, 22.667148726105236], [75.84057510839251, 22.667339199749584], [75.8407615413992, 22.667585006613276], [75.84089396053936, 22.667759960852607], [75.84099951926613, 22.66793550765184], [75.84117769248799, 22.668326971462935], [75.84120540765191, 22.668418602559186], [75.84125925048912, 22.66859690484538], [75.84126412892172, 22.66867862908339], [75.84125759439112, 22.668724371058378], [75.84121913193097, 22.66880171601746], [75.84113156763014, 22.668919606594176], [75.84110384284504, 22.668986055380437], [75.84109016817918, 22.669074019574847], [75.8410953059298, 22.669198288511538], [75.84125943240193, 22.670334607631755], [75.84124071101192, 22.67050479983013], [75.84115374622462, 22.670625397211765], [75.84109995154891, 22.670790353702802], [75.84109597711874, 22.670936711303316], [75.84122471542615, 22.671090050087155], [75.84231502256476, 22.671813383716817], [75.84415517745954, 22.67316399379876], [75.84432061741151, 22.673110548924296], [75.84487292478583, 22.673032751688563], [75.84496963204552, 22.673009207035715], [75.84501649323212, 22.672984209037406], [75.8450611112693, 22.672958500211852], [75.84538354119564, 22.67271191065126], [75.84569588385126, 22.672360228185273], [75.84595624659183, 22.672151362362587], [75.84636614441514, 22.67194667420911], [75.84713388490061, 22.671747228897623], [75.84781233089959, 22.67166893512945], [75.84924458833407, 22.671596128083056], [75.85040845584827, 22.671644783633642], [75.85079947489416, 22.671726263301654], [75.85101242288054, 22.671785202172032], [75.85193822271349, 22.67189969807858], [75.85309803485207, 22.672063347054632], [75.85310869137025, 22.672401399604237], [75.85315009213589, 22.673209190710296], [75.85323291989263, 22.673931849793487], [75.85332365761407, 22.674438214014256], [75.85342850383525, 22.675022187667], [75.85367407631139, 22.6761834394715], [75.85378454120946, 22.676935488806055], [75.85400484345543, 22.678337606574786], [75.85413026664446, 22.679476643966428], [75.85416395208631, 22.679744566689504], [75.85427388708726, 22.680849992874325], [75.85428159926195, 22.68121488890443], [75.85430738477929, 22.68132314850003], [75.85435292592263, 22.68139914484454], [75.85441715872096, 22.68145968516172], [75.85479638613074, 22.68181681691597], [75.85502247898579, 22.682140349479063], [75.85550168331544, 22.683360328652217], [75.85557132797445, 22.683210368451093], [75.85562775724507, 22.68312696242006], [75.85570831286168, 22.683056796399903], [75.85584945233133, 22.682976641079627], [75.85670907349882, 22.68294006636179], [75.85692116394078, 22.682920503807626], [75.85707801439729, 22.68289364890506], [75.85722467009673, 22.682839749161218], [75.85759374666871, 22.682596137420788], [75.85784522946182, 22.68230555058016], [75.85795696720508, 22.682099991011125], [75.858190608999, 22.680835731976945], [75.85822941568354, 22.68070526678249], [75.85835983040081, 22.68060737161826]]]]}}, {"type": "Feature", "properties": {"tessellate": -1, "extrude": 0, "visibility": -1, "objectid": 21.0, "townname": "Indore", "towncensuscode2011": "802273", "town_lgd_code": 250901.0, "ward_lgd_code": 903124.0, "ward_lgd_name": "Choithram", "sourcewardcode": "78", "state": "Madhya Pradesh", "topology_cleaned": true, "cleaning_method": "vertex_cluster_snap_5m"}, "geometry": {"type": "MultiPolygon", "coordinates": [[[[75.83338977582467, 22.664903195965103], [75.83323708566928, 22.665181307934485], [75.8331174353559, 22.665305594052338], [75.83306660955685, 22.66533485477824], [75.83292277912362, 22.665355565924624], [75.8328132736856, 22.665354599604186], [75.83270951943454, 22.665355048618572], [75.8326384876615, 22.665358579427373], [75.83251496093605, 22.665372861473003], [75.83246083698393, 22.665387866770462], [75.83204007778757, 22.665559243603884], [75.83113299009015, 22.665916154947787], [75.83086075402153, 22.666030210565584], [75.83068365505139, 22.666086682896736], [75.83046778792779, 22.666138297452605], [75.83031931095897, 22.666163456622865], [75.83020995543116, 22.666171340252106], [75.83014827230593, 22.666175724833664], [75.83003969322564, 22.666183242997267], [75.82991206714229, 22.666211997346977], [75.82964388275792, 22.666287910026337], [75.82925663971838, 22.666425412427117], [75.82905374234458, 22.66649746322487], [75.82880274823539, 22.666599662367343], [75.8287509378258, 22.666635385554244], [75.82868088027298, 22.666712123317282], [75.82865083969655, 22.666799087347652], [75.82862163220673, 22.666878910869727], [75.8285977647901, 22.66692410977676], [75.82856862899818, 22.666967258304748], [75.8285378038414, 22.667004634345535], [75.82850318654721, 22.66704266231461], [75.82839701541238, 22.66715955845084], [75.82809433027221, 22.66740691565265], [75.82796541086728, 22.667512366669396], [75.8278375719818, 22.66760326861967], [75.82754733604514, 22.66778443777686], [75.82790235787435, 22.668180694464212], [75.83169133619471, 22.672784773160792], [75.8318284106025, 22.672965988808457], [75.83274494720018, 22.674013677237586], [75.83410289994904, 22.675683431960863], [75.83516179696944, 22.676909942467592], [75.83645363081982, 22.678469906205034], [75.83774217366123, 22.679980012852038], [75.8390434815456, 22.681583534074832], [75.83996448740854, 22.68265915653255], [75.84137986345429, 22.68439421292876], [75.84209988987874, 22.68523159078985], [75.84271903660283, 22.685951523747885], [75.84919423005486, 22.693762731671175], [75.8494451804944, 22.693490226472534], [75.84969870789872, 22.693304244241773], [75.85016751751533, 22.693029587517703], [75.8506390021095, 22.692683915140474], [75.85105084496895, 22.693226963057626], [75.85139887820847, 22.692186848575965], [75.8514174607442, 22.692137700040007], [75.85144255388485, 22.692086619917713], [75.85147745685924, 22.692031874366947], [75.85153438228036, 22.691980534548243], [75.85161122887462, 22.691923397866542], [75.85175908078344, 22.691824873059904], [75.85210711265533, 22.691604600419424], [75.85216420163677, 22.69154829131388], [75.85222350681754, 22.691472549244125], [75.85226729214693, 22.69140592288531], [75.85230820979778, 22.691379328376026], [75.85235463813142, 22.691362279585878], [75.85242502462388, 22.691346819474514], [75.85248854858135, 22.691339345003346], [75.85256067378269, 22.69133742520716], [75.85264812896904, 22.69134292117765], [75.85318097573906, 22.69142878663305], [75.85342666314014, 22.691471648594717], [75.85360321299015, 22.69151153667295], [75.85383286727675, 22.6915277455714], [75.85405872827396, 22.691513081221657], [75.8542124023072, 22.691474683491435], [75.85473012451608, 22.691303542833566], [75.85495618313524, 22.691242355779753], [75.85506064426828, 22.691227254485515], [75.85529213148102, 22.691193769535154], [75.8554223463401, 22.69120291971458], [75.85545764994434, 22.690679805704935], [75.85526510809595, 22.687168679661536], [75.85526294425586, 22.68554914834334], [75.85540077514909, 22.683821555614657], [75.85550168331544, 22.683360328652217], [75.85502247898579, 22.682140349479063], [75.85479638613074, 22.68181681691597], [75.85441715872096, 22.68145968516172], [75.85435292592263, 22.68139914484454], [75.85430738477929, 22.68132314850003], [75.85428159926195, 22.68121488890443], [75.85427388708726, 22.680849992874325], [75.85416395208631, 22.679744566689504], [75.85413026664446, 22.679476643966428], [75.85400484345543, 22.678337606574786], [75.85378454120946, 22.676935488806055], [75.85367407631139, 22.6761834394715], [75.85342850383525, 22.675022187667], [75.85332365761407, 22.674438214014256], [75.85323291989263, 22.673931849793487], [75.85315009213589, 22.673209190710296], [75.85310869137025, 22.672401399604237], [75.85309803485207, 22.672063347054632], [75.85193822271349, 22.67189969807858], [75.85101242288054, 22.671785202172032], [75.85079947489416, 22.671726263301654], [75.85040845584827, 22.671644783633642], [75.84924458833407, 22.671596128083056], [75.84781233089959, 22.67166893512945], [75.84713388490061, 22.671747228897623], [75.84636614441514, 22.67194667420911], [75.84595624659183, 22.672151362362587], [75.84569588385126, 22.672360228185273], [75.84538354119564, 22.67271191065126], [75.8450611112693, 22.672958500211852], [75.84501649323212, 22.672984209037406], [75.84496963204552, 22.673009207035715], [75.84487292478583, 22.673032751688563], [75.84432061741151, 22.673110548924296], [75.84415517745954, 22.67316399379876], [75.84231502256476, 22.671813383716817], [75.84122471542615, 22.671090050087155], [75.84109597711874, 22.670936711303316], [75.84109995154891, 22.670790353702802], [75.84115374622462, 22.670625397211765], [75.84124071101192, 22.67050479983013], [75.84125943240193, 22.670334607631755], [75.8410953059298, 22.669198288511538], [75.84109016817918, 22.669074019574847], [75.84110384284504, 22.668986055380437], [75.84113156763014, 22.668919606594176], [75.84121913193097, 22.66880171601746], [75.84125759439112, 22.668724371058378], [75.84126412892172, 22.66867862908339], [75.84125925048912, 22.66859690484538], [75.84120540765191, 22.668418602559186], [75.84117769248799, 22.668326971462935], [75.84099951926613, 22.66793550765184], [75.84089396053936, 22.667759960852607], [75.8407615413992, 22.667585006613276], [75.84057510839251, 22.667339199749584], [75.84043067210521, 22.667148726105236], [75.8403681022023, 22.667039482417053], [75.84033563794215, 22.6669510376508], [75.84024048139291, 22.66649346640374], [75.84020958952603, 22.666423440954414], [75.84014766604146, 22.666348339029007], [75.84003944608436, 22.666286848902892], [75.83989522305662, 22.666235032264254], [75.83952646057321, 22.66612865792208], [75.83940623798254, 22.66609405868082], [75.8389499691224, 22.6659229222179], [75.83877708038153, 22.66587080301389], [75.83856060779964, 22.665806175040114], [75.83839438169302, 22.665761247051883], [75.83816016115077, 22.66570709952395], [75.83802937964141, 22.66568068430215], [75.8379574595641, 22.665666155833055], [75.83783242528689, 22.665656512030786], [75.83766737275073, 22.66562846911605], [75.83753816595478, 22.66558885686562], [75.83739615637836, 22.665540639615404], [75.8372614617537, 22.665478834290187], [75.83715754814621, 22.665420932911758], [75.8370022155735, 22.665326444895882], [75.83686291412992, 22.665227175743784], [75.83663322396984, 22.665101279103638], [75.83649994580455, 22.664984002205284], [75.83627446144325, 22.664813188332207], [75.83621166675172, 22.664778557841316], [75.83605370599831, 22.6646838115879], [75.83598748127706, 22.66462923565197], [75.83380088385368, 22.66188678444151], [75.8336765695531, 22.661915163127087], [75.83362577477077, 22.661933222736945], [75.83355290933284, 22.661971270095886], [75.83349233254793, 22.662029578089747], [75.83344675998404, 22.66209042762491], [75.83340808300493, 22.66218105068538], [75.83338610293892, 22.662248281350102], [75.83338057670086, 22.662316329741355], [75.83339569286179, 22.66245021277639], [75.83352795749889, 22.663206231913172], [75.83360156382027, 22.66348407002496], [75.83362546945565, 22.663574457817344], [75.83365370923659, 22.66368948355505], [75.83366139686223, 22.66380199661849], [75.8336660855075, 22.663901427216217], [75.83364707790041, 22.664041810962885], [75.83362668684232, 22.66427542402243], [75.83355297830437, 22.664560803458254], [75.83338977582467, 22.664903195965103]]]]}}, {"type": "Feature", "properties": {"tessellate": -1, "extrude": 0, "visibility": -1, "objectid": 23.0, "townname": "Indore", "towncensuscode2011": "802273", "town_lgd_code": 250901.0, "ward_lgd_code": 903125.0, "ward_lgd_name": "Sukhniwas", "sourcewardcode": "79", "state": "Madhya Pradesh", "topology_cleaned": true, "cleaning_method": "vertex_cluster_snap_5m"}, "geometry": {"type": "MultiPolygon", "coordinates": [[[[75.81560399711552, 22.684859392120465], [75.81573613903932, 22.682662035464453], [75.82152054227032, 22.68294636114568], [75.82145116021924, 22.681905014231983], [75.82143790150654, 22.68170563027845], [75.8214301131488, 22.68159112987693], [75.82141404444643, 22.681508287984503], [75.82139124903624, 22.681440114304056], [75.82136098956435, 22.681377218137744], [75.82036636502951, 22.679699079454988], [75.82009712615621, 22.67921022928724], [75.81810805033159, 22.67558934446537], [75.81475127745878, 22.669478082826284], [75.81472913013341, 22.669386870074266], [75.81479099628795, 22.669297759268865], [75.81556991006255, 22.66923706686056], [75.81621323109705, 22.669192327734724], [75.81663090487505, 22.669127418314357], [75.8172412228218, 22.66898320744638], [75.8233047217112, 22.66759140074347], [75.82665980197719, 22.666673877014055], [75.82754733604514, 22.66778443777686], [75.8278375719818, 22.66760326861967], [75.82796541086728, 22.667512366669396], [75.82809433027221, 22.66740691565265], [75.82839701541238, 22.66715955845084], [75.82850318654721, 22.66704266231461], [75.8285378038414, 22.667004634345535], [75.82856862899818, 22.666967258304748], [75.8285977647901, 22.66692410977676], [75.82862163220673, 22.666878910869727], [75.82865083969655, 22.666799087347652], [75.82868088027298, 22.666712123317282], [75.8287509378258, 22.666635385554244], [75.82880274823539, 22.666599662367343], [75.82905374234458, 22.66649746322487], [75.82925663971838, 22.666425412427117], [75.82964388275792, 22.666287910026337], [75.82991206714229, 22.666211997346977], [75.83003969322564, 22.666183242997267], [75.83014827230593, 22.666175724833664], [75.83020995543116, 22.666171340252106], [75.83031931095897, 22.666163456622865], [75.83046778792779, 22.666138297452605], [75.83068365505139, 22.666086682896736], [75.83086075402153, 22.666030210565584], [75.83113299009015, 22.665916154947787], [75.83204007778757, 22.665559243603884], [75.83246083698393, 22.665387866770462], [75.83251496093605, 22.665372861473003], [75.8326384876615, 22.665358579427373], [75.83270951943454, 22.665355048618572], [75.8328132736856, 22.665354599604186], [75.83292277912362, 22.665355565924624], [75.83306660955685, 22.66533485477824], [75.8331174353559, 22.665305594052338], [75.83323708566928, 22.665181307934485], [75.83338977582467, 22.664903195965103], [75.83355297830437, 22.664560803458254], [75.83362668684232, 22.66427542402243], [75.83364707790041, 22.664041810962885], [75.8336660855075, 22.663901427216217], [75.83366139686223, 22.66380199661849], [75.83365370923659, 22.66368948355505], [75.83362546945565, 22.663574457817344], [75.83360156382027, 22.66348407002496], [75.83352795749889, 22.663206231913172], [75.83339569286179, 22.66245021277639], [75.83338057670086, 22.662316329741355], [75.83338610293892, 22.662248281350102], [75.83340808300493, 22.66218105068538], [75.83344675998404, 22.66209042762491], [75.83349233254793, 22.662029578089747], [75.83355290933284, 22.661971270095886], [75.83362577477077, 22.661933222736945], [75.8336765695531, 22.661915163127087], [75.83380088385368, 22.66188678444151], [75.83331490468244, 22.661353556439355], [75.83315583033902, 22.66113785898713], [75.83234497692214, 22.659750425182285], [75.831760201275, 22.658696853182768], [75.83168933243118, 22.65856533689755], [75.83166975359586, 22.65844963340148], [75.83166862909187, 22.658343770596197], [75.8317110419387, 22.65822702268641], [75.83174818948406, 22.65812484548488], [75.83183153195411, 22.658016737583804], [75.83195034362569, 22.657931751046718], [75.83236460464848, 22.657808284365878], [75.8328646724216, 22.657678950770688], [75.83332771208198, 22.657590909074848], [75.83488800909868, 22.657436630767506], [75.83599583363291, 22.657363648326992], [75.83627682824392, 22.657349355036136], [75.83671486704635, 22.657360256800104], [75.83724727697106, 22.657413300795632], [75.83766411622364, 22.657459178686807], [75.837866656735, 22.657459565084796], [75.83871948194806, 22.657258451922466], [75.83893647994681, 22.657203568756806], [75.83921336716014, 22.657154152882185], [75.83936454303169, 22.6570945552844], [75.83957565357542, 22.65696788856693], [75.83985782249101, 22.656730915749574], [75.84000040685481, 22.656611066326327], [75.84011699699742, 22.656793782880182], [75.84028536157346, 22.65719970793364], [75.8403372680035, 22.65724478213979], [75.84046837040836, 22.657293189724008], [75.84053338510793, 22.657309198707885], [75.84060528177662, 22.657320564658463], [75.84090148017748, 22.657325785440968], [75.84150984801515, 22.657273903116646], [75.84290478852515, 22.65718617659587], [75.84330795553097, 22.657144670867098], [75.84337979859347, 22.657115386708462], [75.84342060433856, 22.65707181285299], [75.84353405308039, 22.65690690282613], [75.84364481244629, 22.65679566374944], [75.84379187994082, 22.656685317396487], [75.84388555873556, 22.65662990258794], [75.84398228325874, 22.6566428525732], [75.84430831964482, 22.65681660385981], [75.8443559153539, 22.65686481588294], [75.84438552741176, 22.656932498742147], [75.8444392371105, 22.65712100836964], [75.84448046900371, 22.657178964512163], [75.84452843850353, 22.657208701734326], [75.84458457275697, 22.657228730447592], [75.84520990303032, 22.657157865450777], [75.84587255301874, 22.65710215737091], [75.847821271321, 22.65710847987652], [75.84807254490497, 22.65712033861337], [75.84827853448631, 22.657143637767444], [75.8484896728483, 22.65716537375925], [75.84880044704498, 22.65716688950455], [75.8498063880099, 22.657146201610804], [75.84992154865881, 22.657149926750844], [75.85071397458745, 22.657179957379853], [75.85139736047664, 22.65717289531416], [75.85146600098177, 22.65717695683544], [75.85159836458736, 22.657224129040724], [75.85175913721922, 22.65730114011818], [75.85213311273002, 22.657418840787518], [75.8523290172838, 22.657479495150866], [75.85252875024368, 22.65752965047401], [75.85310241010768, 22.65754764460096], [75.8533157733189, 22.65753548812875], [75.85432275957267, 22.657321818720135], [75.85575566770193, 22.657017705777864], [75.85558891656267, 22.65594500948641], [75.85547240160058, 22.65547130216564], [75.85532924452376, 22.65493866027094], [75.85511995846521, 22.653466203204008], [75.85503836094995, 22.653449294958538], [75.85436459502685, 22.653419375305795], [75.85431360457679, 22.65338387593659], [75.85411130961057, 22.651917070544208], [75.85409703087889, 22.651842894300714], [75.85407425720636, 22.651795682054047], [75.85401625601617, 22.651749018842494], [75.85394920122017, 22.651717669839197], [75.85384767502404, 22.65169897017641], [75.85365235438171, 22.651684292967175], [75.8528553698791, 22.651714731986154], [75.85277871670442, 22.65170502274938], [75.85269886096786, 22.651641628535746], [75.85265764734962, 22.65156325953533], [75.85265209085125, 22.651498747355525], [75.85265148369716, 22.651416187742853], [75.85266177180023, 22.651269796241706], [75.852677105213, 22.651168182241722], [75.85270859889597, 22.65105157759296], [75.8527267129315, 22.650927456289324], [75.85272063895674, 22.65071611326062], [75.85271506808348, 22.65052319514399], [75.85269755553954, 22.650397998732924], [75.85266593568181, 22.650241984044076], [75.8526612489745, 22.650160710760087], [75.85267252600772, 22.649906548672455], [75.85266740762538, 22.649786886855395], [75.85265036067925, 22.64972130664337], [75.85261071274968, 22.649667860723333], [75.85245782395859, 22.649605351635298], [75.85227775952526, 22.64953910265066], [75.85191149626368, 22.649453337983157], [75.8517416542033, 22.649450717671165], [75.85134921579609, 22.649444492077066], [75.85144409850922, 22.649112110588725], [75.85158333875742, 22.64877642211969], [75.85172332260392, 22.648308936088153], [75.85178656968982, 22.64799153683453], [75.85176933207316, 22.64753202230455], [75.85187858132248, 22.646200047227193], [75.85190540550093, 22.64521601492206], [75.8520183669553, 22.644060256348123], [75.85199905963758, 22.642933835616763], [75.85179018776957, 22.641161377687798], [75.85176904357802, 22.641030780386522], [75.8517547614558, 22.64097141815409], [75.8517109658971, 22.640907696128142], [75.85063443498899, 22.639496561686045], [75.85054176680912, 22.639334456568893], [75.85048512172564, 22.63919085894333], [75.8504418322802, 22.6390352666967], [75.85038684742163, 22.638734483384475], [75.85033719843742, 22.63599589465863], [75.85024751514263, 22.635053218448014], [75.85000721814467, 22.634082434307206], [75.84994663229801, 22.63397797078976], [75.84987504229947, 22.633903826639855], [75.84978143739437, 22.633857621235922], [75.84776844426096, 22.633377142071733], [75.84741998822207, 22.63326796612312], [75.84723328031643, 22.633193525664158], [75.84709381224619, 22.633110434630616], [75.84694665218828, 22.63296306796755], [75.84679862789208, 22.63275400921167], [75.84649576419086, 22.632192119222065], [75.84548938800499, 22.63013967206601], [75.84442848804515, 22.62841143395033], [75.84482279779004, 22.627348411515282], [75.84454032096362, 22.627301029516882], [75.84432956736278, 22.627223189038826], [75.84275469845679, 22.62642959564473], [75.8419379836713, 22.62599315547255], [75.84178794898183, 22.62599475584063], [75.84091438663201, 22.626513686828847], [75.8406483404584, 22.626639558503925], [75.83927717929663, 22.627163797660597], [75.83834348851252, 22.627574360384713], [75.83814014203664, 22.62769059610906], [75.83770630761943, 22.628004687873794], [75.83759014122667, 22.628120015945804], [75.83754535856728, 22.6281887213203], [75.83752600343182, 22.628278521901354], [75.83750718630479, 22.628465155404214], [75.8374766461442, 22.628724476908015], [75.8374555871928, 22.62892656884682], [75.83743255355868, 22.62902758976581], [75.83734136552323, 22.629250643469028], [75.83708402986271, 22.62977184637193], [75.83700893969745, 22.62995380522606], [75.83695230945281, 22.6301471398633], [75.83689914072319, 22.63041398652749], [75.83685916017515, 22.630753662143572], [75.83682961731267, 22.630856523571357], [75.83673666191612, 22.631029090666694], [75.83665310118492, 22.63117830309305], [75.83654422329461, 22.631372994104705], [75.83621387217396, 22.63193802608183], [75.83574503210588, 22.63267766789691], [75.83560642220708, 22.63289627050042], [75.83538976145994, 22.633226297379586], [75.83533306799005, 22.633297051504513], [75.83527044484933, 22.63335275107893], [75.83520777156956, 22.633384061298493], [75.83511181040876, 22.633414099526426], [75.83486436789066, 22.63346538649557], [75.8341539146543, 22.63367671106501], [75.83402804308716, 22.633733100458162], [75.83395111335041, 22.633788602938324], [75.83389958714157, 22.633828887875225], [75.83385544811328, 22.633867779409133], [75.83379426967618, 22.63392920698451], [75.83373459167413, 22.633997401625127], [75.83367222803389, 22.63409627786549], [75.83363289967582, 22.63415835961589], [75.83345426657979, 22.634437600484357], [75.83335485699516, 22.634541456720854], [75.83310869889021, 22.634709397941823], [75.83229452177352, 22.6353117127101], [75.83153009799487, 22.635677096029305], [75.83084496902217, 22.635943603238836], [75.83076913830791, 22.635971908653268], [75.83059738720183, 22.63600513714726], [75.8305016619948, 22.636010149525816], [75.83032909010429, 22.636020166694216], [75.83009883020593, 22.6360170228569], [75.82977443334876, 22.63599169251769], [75.82952758450801, 22.63596469574544], [75.82929917057481, 22.635944829807947], [75.82906869989661, 22.635938975620522], [75.82889624150228, 22.635951700617138], [75.8287654887612, 22.63600621422802], [75.82870602414776, 22.63605376512137], [75.82861960319565, 22.636149873183992], [75.8283352159445, 22.636662620994585], [75.82830510792941, 22.636737390665264], [75.82814862732302, 22.63725670396871], [75.82809752754895, 22.63751477509381], [75.82785059426232, 22.63895205617352], [75.82782716604719, 22.63911856845556], [75.82783152874235, 22.6395705666478], [75.82783770598276, 22.639813798491115], [75.82781723323136, 22.639864535205515], [75.82778048103337, 22.639886269100806], [75.82771628296696, 22.639899382481687], [75.8265008775313, 22.640080308845594], [75.82631378729782, 22.640104443266125], [75.82627173255112, 22.640142689719898], [75.82626721623852, 22.640192982692724], [75.82629556610031, 22.640312074693277], [75.82659327673004, 22.641291725067536], [75.82660721459725, 22.641344136029804], [75.82676660909904, 22.64200924071376], [75.82683963125898, 22.6423889806182], [75.8268868115793, 22.642808599762308], [75.82696343012873, 22.643707638791078], [75.82697450455376, 22.64399691455542], [75.8269807270858, 22.644158486117583], [75.82695699231752, 22.64437161102332], [75.82693538280108, 22.644614624796386], [75.8269332627008, 22.64478066564178], [75.82692921664022, 22.64542150050591], [75.8270260920639, 22.646030017892407], [75.82705648548048, 22.646164997484448], [75.82706969876193, 22.646291303520915], [75.8270088457094, 22.64633533807137], [75.82692851193609, 22.646360322747423], [75.82675433131814, 22.64639645057411], [75.82631472178437, 22.646475047617905], [75.82619188736955, 22.646504767593303], [75.82609622266409, 22.646537418745165], [75.82600384932407, 22.64658342199173], [75.82591338265904, 22.646655340597366], [75.82583467117541, 22.646740116045763], [75.82574644942767, 22.646845716767334], [75.82563581996132, 22.646996147111278], [75.8253499780877, 22.647384871661842], [75.82523958250538, 22.647525725365465], [75.82516550213182, 22.647587622703725], [75.82510092499503, 22.64762752045808], [75.825034653487, 22.647660742352457], [75.8249316993889, 22.647695191819533], [75.82457270141101, 22.64779599745282], [75.8235950781341, 22.64806732172829], [75.8227233698848, 22.64829527923577], [75.82167872485343, 22.648589699598105], [75.82148441484335, 22.648629267254396], [75.82132127632305, 22.64864094307291], [75.82116754498979, 22.648630710218], [75.82102892284706, 22.648608205020505], [75.82081247770147, 22.648591427813972], [75.82067938799044, 22.648599155164767], [75.8203238547722, 22.648645237699988], [75.81921597735858, 22.648847104576372], [75.81907330507572, 22.648896522587815], [75.81883226802704, 22.64904906005259], [75.8181827417027, 22.64957449533535], [75.81813363475861, 22.64961422104389], [75.81796026649606, 22.649755752660905], [75.81771099359143, 22.64991492474887], [75.81740693562924, 22.65002613861092], [75.81559890403996, 22.65068944258632], [75.81522689315278, 22.650847067451036], [75.81490107320963, 22.65106443704708], [75.81445171285651, 22.651440695414276], [75.81422344196402, 22.651729743181267], [75.81316609590064, 22.653097678611477], [75.81270712273177, 22.653595387199815], [75.81008376862135, 22.655526688089758], [75.80884198121585, 22.656407193597474], [75.80799373790767, 22.657015974548198], [75.80664182732504, 22.65804326625373], [75.80584920449022, 22.658613274756863], [75.80541189769816, 22.658878610603583], [75.8051821385518, 22.659017973301747], [75.8047568948827, 22.65926608370548], [75.80379773158, 22.65978687474601], [75.80345849761117, 22.659930397460833], [75.80153380987667, 22.66056838694328], [75.80056398470309, 22.66081532553917], [75.79938698285902, 22.66105299426118], [75.7982947365627, 22.66118707289538], [75.79694199500442, 22.6613149424756], [75.79658865577191, 22.661293122904652], [75.79624204619601, 22.661256815966226], [75.79582822806537, 22.661245502788393], [75.79540157574581, 22.661270294781268], [75.79477682379819, 22.66130654696092], [75.79396934550847, 22.661353458178617], [75.79325313225561, 22.66139503557583], [75.7918337344979, 22.661442164187378], [75.7906657548964, 22.6614746705645], [75.78996033986594, 22.66151563799493], [75.78983531079159, 22.661522848647422], [75.78942456063704, 22.66157157474684], [75.78916040886656, 22.661623462087803], [75.78887025394341, 22.661723714449028], [75.78864189364259, 22.661839199282355], [75.78837128301576, 22.662038449030202], [75.78805573967493, 22.66234613738631], [75.78786402399857, 22.66267489600159], [75.78760003082604, 22.66340309759499], [75.78750939764247, 22.66398004350309], [75.78746100232938, 22.664505111689977], [75.78756768510222, 22.666109068249614], [75.7886015212239, 22.67206030472666], [75.79053222498061, 22.67737495931415], [75.7920273276619, 22.681480297090534], [75.79207520578079, 22.68181645651695], [75.79212329235484, 22.68420495694438], [75.79230924155834, 22.687933751535972], [75.79542131952499, 22.68844088750579], [75.79585222447884, 22.688598542729306], [75.79612891714521, 22.68872065043415], [75.79626853788864, 22.68880848115049], [75.79635795415311, 22.688901168441223], [75.79641726510354, 22.688955975769275], [75.7965159765363, 22.689023052811134], [75.79662005546717, 22.689075559653382], [75.7968282404055, 22.68916837819795], [75.79713927230084, 22.689268904513796], [75.79724507741138, 22.689299993702548], [75.7973195863967, 22.689323018518998], [75.79740049251805, 22.689358025562296], [75.7974668677302, 22.689388588367976], [75.79758241445755, 22.68943760482444], [75.79773459341983, 22.689474695499023], [75.79815854190737, 22.68952280655779], [75.79841771736561, 22.68957806169127], [75.79869786103067, 22.689639805994027], [75.80011677596887, 22.689946532129195], [75.80056096677058, 22.690043405056173], [75.8008471459507, 22.690088042660705], [75.80146988670347, 22.690152674484228], [75.80224049907237, 22.690166248030103], [75.80291235407061, 22.690122229990514], [75.8035449618157, 22.69004236382293], [75.8043059461523, 22.689974315916402], [75.80631409766443, 22.689824288804758], [75.80683824395027, 22.689776120444172], [75.80777116933217, 22.68957918940153], [75.80924800343608, 22.689202454093824], [75.81049186045824, 22.68877431215282], [75.81085489469415, 22.688562000934773], [75.81310673360576, 22.68682000582826], [75.81560399711552, 22.684859392120465]]]]}}, {"type": "Feature", "properties": {"tessellate": -1, "extrude": 0, "visibility": -1, "objectid": 27.0, "townname": "Indore", "towncensuscode2011": "802273", "town_lgd_code": 250901.0, "ward_lgd_code": 903126.0, "ward_lgd_name": "Dr Rajendra Prasaad", "sourcewardcode": "80", "state": "Madhya Pradesh", "topology_cleaned": true, "cleaning_method": "vertex_cluster_snap_5m"}, "geometry": {"type": "MultiPolygon", "coordinates": [[[[75.83377220532022, 22.67667672155774], [75.83373356554354, 22.676532573205325], [75.83368071004253, 22.676403855180606], [75.83358394749027, 22.676241852752415], [75.83324770655065, 22.675802514508106], [75.8331683156525, 22.675696155873027], [75.83298113891605, 22.67534303051688], [75.83277486166413, 22.674953871666933], [75.83263213975168, 22.67456329810631], [75.83260241205247, 22.674347199258705], [75.83266850519675, 22.67413755774472], [75.83274494720018, 22.674013677237586], [75.8318284106025, 22.672965988808457], [75.83169133619471, 22.672784773160792], [75.82790235787435, 22.668180694464212], [75.82754733604514, 22.66778443777686], [75.82665980197719, 22.666673877014055], [75.8233047217112, 22.66759140074347], [75.8172412228218, 22.66898320744638], [75.81663090487505, 22.669127418314357], [75.81621323109705, 22.669192327734724], [75.81556991006255, 22.66923706686056], [75.81479099628795, 22.669297759268865], [75.81472913013341, 22.669386870074266], [75.81475127745878, 22.669478082826284], [75.81810805033159, 22.67558934446537], [75.81893142111886, 22.675420009857678], [75.8208551786932, 22.675390829764595], [75.8208807574627, 22.67577966647684], [75.82302029605884, 22.675664442365044], [75.823138161153, 22.677260265948068], [75.8244352877807, 22.67723615905595], [75.82465388588759, 22.677214708880793], [75.82698218210493, 22.676579233870054], [75.82822858108383, 22.677818463093782], [75.82843439340112, 22.67808297289464], [75.82869755336291, 22.678511498500967], [75.82876680865522, 22.67864853417567], [75.82888932772482, 22.679225659790283], [75.82912196560768, 22.68077779424684], [75.82944781621231, 22.683745479617098], [75.8310731620762, 22.683803353826523], [75.83362627833961, 22.683823141354704], [75.83571989316896, 22.683758027439666], [75.8353323654658, 22.682393518384576], [75.83497244499797, 22.6811499079504], [75.83462186905082, 22.679776441540213], [75.83410216025996, 22.67795906350596], [75.83380337497893, 22.676792815736942], [75.83377220532022, 22.67667672155774]]]]}}, {"type": "Feature", "properties": {"tessellate": -1, "extrude": 0, "visibility": -1, "objectid": 35.0, "townname": "Indore", "towncensuscode2011": "802273", "town_lgd_code": 250901.0, "ward_lgd_code": 903127.0, "ward_lgd_name": "Annapurna", "sourcewardcode": "81", "state": "Madhya Pradesh", "topology_cleaned": true, "cleaning_method": "vertex_cluster_snap_5m"}, "geometry": {"type": "MultiPolygon", "coordinates": [[[[75.82807515492512, 22.68405591812282], [75.82859437397673, 22.684051605722406], [75.82850745614114, 22.684750136377083], [75.82910294711608, 22.6847859863018], [75.82909041616787, 22.684919922266683], [75.82902811193433, 22.68558318671164], [75.82900655859726, 22.68601363685963], [75.82966721441987, 22.686135955479696], [75.83005575350106, 22.68618850145191], [75.83021648926717, 22.68622325847719], [75.83101973901435, 22.68619650787309], [75.83105739693107, 22.686532977161406], [75.83158579615088, 22.68649979148746], [75.83262278855648, 22.686458449374037], [75.83261875665451, 22.68683849403309], [75.83307644597025, 22.686831596257246], [75.83314713396211, 22.688460352626773], [75.83388128532273, 22.688434850302276], [75.83471208282097, 22.68832546495213], [75.83515542479648, 22.688215297011862], [75.83565710035005, 22.689890942221865], [75.83682608521636, 22.689618899954244], [75.83725911781421, 22.691368698647665], [75.83784683413369, 22.691353789810016], [75.8379658762372, 22.691750984941503], [75.83878778377175, 22.691873775584927], [75.84034455745555, 22.692149158728185], [75.84044668737553, 22.692166417689215], [75.84055763747867, 22.692177307086446], [75.84164925226135, 22.692131011751947], [75.84164334853868, 22.69200918618182], [75.84150035977625, 22.690721274823538], [75.84137354176838, 22.69069430019816], [75.84046075148223, 22.690457956921346], [75.84035363983402, 22.689759220996855], [75.84005842581819, 22.68709997663883], [75.84002585672454, 22.6867715228103], [75.84000301877062, 22.68660218139923], [75.84015727550229, 22.686595681023643], [75.84015349246208, 22.686214593720656], [75.84253304173023, 22.686100736127436], [75.84271903660283, 22.685951523747885], [75.84209988987874, 22.68523159078985], [75.84137986345429, 22.68439421292876], [75.83996448740854, 22.68265915653255], [75.8390434815456, 22.681583534074832], [75.83774217366123, 22.679980012852038], [75.83645363081982, 22.678469906205034], [75.83516179696944, 22.676909942467592], [75.83410289994904, 22.675683431960863], [75.83274494720018, 22.674013677237586], [75.83266850519675, 22.67413755774472], [75.83260241205247, 22.674347199258705], [75.83263213975168, 22.67456329810631], [75.83277486166413, 22.674953871666933], [75.83298113891605, 22.67534303051688], [75.8331683156525, 22.675696155873027], [75.83324770655065, 22.675802514508106], [75.83358394749027, 22.676241852752415], [75.83368071004253, 22.676403855180606], [75.83373356554354, 22.676532573205325], [75.83377220532022, 22.67667672155774], [75.83380337497893, 22.676792815736942], [75.83410216025996, 22.67795906350596], [75.83462186905082, 22.679776441540213], [75.83497244499797, 22.6811499079504], [75.8353323654658, 22.682393518384576], [75.83571989316896, 22.683758027439666], [75.83362627833961, 22.683823141354704], [75.8310731620762, 22.683803353826523], [75.82944781621231, 22.683745479617098], [75.82912196560768, 22.68077779424684], [75.82888932772482, 22.679225659790283], [75.82876680865522, 22.67864853417567], [75.82869755336291, 22.678511498500967], [75.82843439340112, 22.67808297289464], [75.82822858108383, 22.677818463093782], [75.82698218210493, 22.676579233870054], [75.82465388588759, 22.677214708880793], [75.8244352877807, 22.67723615905595], [75.823138161153, 22.677260265948068], [75.82302029605884, 22.675664442365044], [75.8208807574627, 22.67577966647684], [75.8208551786932, 22.675390829764595], [75.81893142111886, 22.675420009857678], [75.81810805033159, 22.67558934446537], [75.82009712615621, 22.67921022928724], [75.82036636502951, 22.679699079454988], [75.82136098956435, 22.681377218137744], [75.82139124903624, 22.681440114304056], [75.82141404444643, 22.681508287984503], [75.8214301131488, 22.68159112987693], [75.82143790150654, 22.68170563027845], [75.82145116021924, 22.681905014231983], [75.8225209783427, 22.682231038411725], [75.82269340127144, 22.68226782075175], [75.8230116139863, 22.68225010631645], [75.82436543784856, 22.682094997773877], [75.8244453120837, 22.682445433878737], [75.82584781215543, 22.68225844613175], [75.82587189613461, 22.68239508369412], [75.82709739738722, 22.682285418346158], [75.82721974306519, 22.683434434090874], [75.82800134448314, 22.683387757297744], [75.82807515492512, 22.68405591812282]]]]}}, {"type": "Feature", "properties": {"tessellate": -1, "extrude": 0, "visibility": -1, "objectid": 26.0, "townname": "Indore", "towncensuscode2011": "802273", "town_lgd_code": 250901.0, "ward_lgd_code": 903128.0, "ward_lgd_name": "Sudaama Nagar", "sourcewardcode": "82", "state": "Madhya Pradesh", "topology_cleaned": true, "cleaning_method": "vertex_cluster_snap_5m"}, "geometry": {"type": "MultiPolygon", "coordinates": [[[[75.82393814141531, 22.685490769198353], [75.82438128543565, 22.686063627976775], [75.82517047005882, 22.687134595987832], [75.82531780699958, 22.687435362609012], [75.82541443060404, 22.68772067291349], [75.82552347862573, 22.688633722118542], [75.82556171188548, 22.68932835380728], [75.82567326423823, 22.689667785660994], [75.82603220836302, 22.690709531731432], [75.82618290496922, 22.691358597563124], [75.82618675312011, 22.69144836704129], [75.82792559630207, 22.691683186065113], [75.82792070130813, 22.691840658838032], [75.82791857346733, 22.691907785998318], [75.82859110912493, 22.69194504511001], [75.82854217151645, 22.692549163075952], [75.83181714817427, 22.692428023766258], [75.83475493895102, 22.692298911102803], [75.83806464900744, 22.692080718399417], [75.8379658762372, 22.691750984941503], [75.83784683413369, 22.691353789810016], [75.83725911781421, 22.691368698647665], [75.83682608521636, 22.689618899954244], [75.83565710035005, 22.689890942221865], [75.83515542479648, 22.688215297011862], [75.83471208282097, 22.68832546495213], [75.83388128532273, 22.688434850302276], [75.83314713396211, 22.688460352626773], [75.83307644597025, 22.686831596257246], [75.83261875665451, 22.68683849403309], [75.83262278855648, 22.686458449374037], [75.83158579615088, 22.68649979148746], [75.83105739693107, 22.686532977161406], [75.83101973901435, 22.68619650787309], [75.83021648926717, 22.68622325847719], [75.83005575350106, 22.68618850145191], [75.82966721441987, 22.686135955479696], [75.82900655859726, 22.68601363685963], [75.82902811193433, 22.68558318671164], [75.82909041616787, 22.684919922266683], [75.82910294711608, 22.6847859863018], [75.82850745614114, 22.684750136377083], [75.82859437397673, 22.684051605722406], [75.82807515492512, 22.68405591812282], [75.82800134448314, 22.683387757297744], [75.82721974306519, 22.683434434090874], [75.82709739738722, 22.682285418346158], [75.82587189613461, 22.68239508369412], [75.82584781215543, 22.68225844613175], [75.8244453120837, 22.682445433878737], [75.82436543784856, 22.682094997773877], [75.8230116139863, 22.68225010631645], [75.82269340127144, 22.68226782075175], [75.8225209783427, 22.682231038411725], [75.82145116021924, 22.681905014231983], [75.82152054227032, 22.68294636114568], [75.81573613903932, 22.682662035464453], [75.81560399711552, 22.684859392120465], [75.81559628613324, 22.68604051661338], [75.81796765258714, 22.686183516721684], [75.81793330454836, 22.68725249469119], [75.8193317746725, 22.687327454313944], [75.81961392889303, 22.687333778415304], [75.8197842707562, 22.68729794787724], [75.82393814141531, 22.685490769198353]]]]}}, {"type": "Feature", "properties": {"tessellate": -1, "extrude": 0, "visibility": -1, "objectid": 85.0, "townname": "Indore", "towncensuscode2011": "802273", "town_lgd_code": 250901.0, "ward_lgd_code": 903129.0, "ward_lgd_name": "Gumaastaa Nagar", "sourcewardcode": "83", "state": "Madhya Pradesh", "topology_cleaned": true, "cleaning_method": "vertex_cluster_snap_5m"}, "geometry": {"type": "MultiPolygon", "coordinates": [[[[75.82440500868309, 22.707273837080205], [75.8272573005447, 22.70828708049577], [75.82774984131379, 22.70844559291302], [75.82898731812149, 22.708847661797346], [75.82964351589784, 22.707468517233654], [75.83118931264757, 22.708043850780257], [75.83157366267754, 22.70560282390546], [75.83297659086121, 22.705819907589056], [75.83323212932427, 22.70574965422955], [75.83358968998361, 22.70402066159465], [75.8336296865285, 22.703905010083368], [75.83373884418234, 22.70384346779444], [75.83577897831441, 22.703354339527753], [75.83612220375765, 22.703279468354058], [75.83610363236569, 22.702770278999555], [75.83551568558849, 22.702610844895094], [75.83560479045195, 22.702373621853337], [75.8359404768476, 22.702003407948393], [75.8359825403984, 22.701956035361786], [75.83601492458943, 22.70190193851212], [75.83598942751465, 22.701807495121344], [75.8352716366797, 22.699886650007343], [75.83560590534799, 22.699508224091684], [75.83332117065622, 22.697809086749714], [75.83449722908321, 22.696442842121936], [75.83485171976314, 22.696076868353586], [75.83563872397801, 22.6954491146143], [75.83495509472563, 22.694596343554462], [75.8347132047164, 22.694216227217723], [75.83447790716811, 22.69367058938766], [75.8340015241024, 22.693841720892628], [75.83352815938974, 22.693997027327754], [75.83265109147665, 22.6942848715117], [75.83257978957091, 22.694230050104245], [75.83256323548092, 22.694019935528356], [75.83243164476782, 22.692800335761557], [75.83182098963889, 22.69282248026232], [75.83181714817427, 22.692428023766258], [75.82854217151645, 22.692549163075952], [75.82859110912493, 22.69194504511001], [75.82791857346733, 22.691907785998318], [75.82792070130813, 22.691840658838032], [75.82792559630207, 22.691683186065113], [75.82618675312011, 22.69144836704129], [75.8262079478626, 22.69194706721807], [75.82611335407975, 22.69252079806111], [75.82609271919881, 22.69265134299262], [75.82616924404414, 22.69299330367187], [75.82633500651652, 22.693264435481147], [75.82643569737854, 22.693350272296346], [75.82653350706192, 22.693410198840176], [75.82676801747203, 22.693489201755142], [75.82685087956452, 22.693548437498883], [75.82687311198062, 22.693676096251394], [75.82659900697558, 22.696300973555772], [75.82655900884426, 22.696330477595783], [75.82611581492661, 22.696308557331065], [75.82605076026553, 22.69633743783351], [75.82600960297792, 22.696390132750537], [75.82598920222391, 22.69644615311167], [75.82597242893397, 22.69650640031734], [75.82596586040076, 22.696579963879397], [75.82581307210326, 22.698230201390412], [75.82577997321768, 22.69849043589805], [75.82568573316854, 22.698799222787603], [75.8254721013971, 22.69939515631952], [75.82510550374147, 22.700411105762292], [75.82675600614176, 22.70097790560418], [75.82680439572955, 22.7009945474984], [75.82613269573604, 22.702873202734157], [75.82555279698471, 22.70442826679066], [75.82488997637567, 22.706153037012783], [75.82440500868309, 22.707273837080205]]]]}}, {"type": "Feature", "properties": {"tessellate": -1, "extrude": 0, "visibility": -1, "objectid": 25.0, "townname": "Indore", "towncensuscode2011": "802273", "town_lgd_code": 250901.0, "ward_lgd_code": 903130.0, "ward_lgd_name": "Dawaarkapuri", "sourcewardcode": "84", "state": "Madhya Pradesh", "topology_cleaned": true, "cleaning_method": "vertex_cluster_snap_5m"}, "geometry": {"type": "MultiPolygon", "coordinates": [[[[75.82393814141531, 22.685490769198353], [75.8197842707562, 22.68729794787724], [75.81961392889303, 22.687333778415304], [75.8193317746725, 22.687327454313944], [75.81924389865682, 22.689117641602863], [75.8204452410045, 22.68910859790805], [75.82127453505888, 22.6909658047795], [75.8208231724662, 22.690991425638607], [75.82125888252476, 22.691982113433102], [75.82087441785947, 22.69196213519908], [75.82357970473011, 22.698065204307298], [75.82303132062128, 22.698003980874834], [75.82285485017536, 22.698710917913214], [75.82279682420013, 22.699036679972114], [75.82292601461249, 22.699345942293956], [75.82306748382774, 22.699510430600164], [75.82327253515939, 22.699610998419157], [75.82354392642998, 22.69975069930942], [75.82414630977217, 22.700081642836356], [75.82510550374147, 22.700411105762292], [75.8254721013971, 22.69939515631952], [75.82568573316854, 22.698799222787603], [75.82577997321768, 22.69849043589805], [75.82581307210326, 22.698230201390412], [75.82596586040076, 22.696579963879397], [75.82597242893397, 22.69650640031734], [75.82598920222391, 22.69644615311167], [75.82600960297792, 22.696390132750537], [75.82605076026553, 22.69633743783351], [75.82611581492661, 22.696308557331065], [75.82655900884426, 22.696330477595783], [75.82659900697558, 22.696300973555772], [75.82687311198062, 22.693676096251394], [75.82685087956452, 22.693548437498883], [75.82676801747203, 22.693489201755142], [75.82653350706192, 22.693410198840176], [75.82643569737854, 22.693350272296346], [75.82633500651652, 22.693264435481147], [75.82616924404414, 22.69299330367187], [75.82609271919881, 22.69265134299262], [75.82611335407975, 22.69252079806111], [75.8262079478626, 22.69194706721807], [75.82618675312011, 22.69144836704129], [75.82618290496922, 22.691358597563124], [75.82603220836302, 22.690709531731432], [75.82567326423823, 22.689667785660994], [75.82556171188548, 22.68932835380728], [75.82552347862573, 22.688633722118542], [75.82541443060404, 22.68772067291349], [75.82531780699958, 22.687435362609012], [75.82517047005882, 22.687134595987832], [75.82438128543565, 22.686063627976775], [75.82393814141531, 22.685490769198353]]]]}}, {"type": "Feature", "properties": {"tessellate": -1, "extrude": 0, "visibility": -1, "objectid": 24.0, "townname": "Indore", "towncensuscode2011": "802273", "town_lgd_code": 250901.0, "ward_lgd_code": 903131.0, "ward_lgd_name": "Prajaapat Nagar", "sourcewardcode": "85", "state": "Madhya Pradesh", "topology_cleaned": true, "cleaning_method": "vertex_cluster_snap_5m"}, "geometry": {"type": "MultiPolygon", "coordinates": [[[[75.80523549989672, 22.701942374814724], [75.81231992554237, 22.703953383329985], [75.81315361092337, 22.70423143380708], [75.8137419631469, 22.704511721544645], [75.81473331483048, 22.70499274913422], [75.8148293629153, 22.705034083382742], [75.81514588533813, 22.70516580000785], [75.8154167729157, 22.7052363232806], [75.81583234774321, 22.705242424708036], [75.81593566429588, 22.705212269121898], [75.81601101948507, 22.705129683255063], [75.81602374847463, 22.705026821261807], [75.8159972273426, 22.70483951900074], [75.81592296282867, 22.70464604670493], [75.81532326012044, 22.703962314766553], [75.81527873892163, 22.703908342829706], [75.81526756273632, 22.70384598080801], [75.8152880442887, 22.703802698043113], [75.81535819733831, 22.703795294685158], [75.81697902762885, 22.70410273413239], [75.81824445798983, 22.70432155342194], [75.81854234080427, 22.70439654023648], [75.81927829684903, 22.70464299079197], [75.81989660702841, 22.704834306460594], [75.82041885411657, 22.704981759701006], [75.820788558864, 22.70500217516683], [75.82109223439264, 22.704954186590356], [75.82121891069731, 22.704874135205152], [75.82158795773894, 22.70449059082403], [75.82221945056183, 22.703676984905496], [75.82261067282366, 22.70311130680805], [75.82406227539495, 22.700290740873367], [75.82414630977217, 22.700081642836356], [75.82354392642998, 22.69975069930942], [75.82327253515939, 22.699610998419157], [75.82306748382774, 22.699510430600164], [75.82292601461249, 22.699345942293956], [75.82279682420013, 22.699036679972114], [75.82285485017536, 22.698710917913214], [75.82303132062128, 22.698003980874834], [75.82357970473011, 22.698065204307298], [75.82087441785947, 22.69196213519908], [75.82125888252476, 22.691982113433102], [75.8208231724662, 22.690991425638607], [75.82127453505888, 22.6909658047795], [75.8204452410045, 22.68910859790805], [75.81924389865682, 22.689117641602863], [75.8193317746725, 22.687327454313944], [75.81793330454836, 22.68725249469119], [75.81796765258714, 22.686183516721684], [75.81559628613324, 22.68604051661338], [75.81560399711552, 22.684859392120465], [75.81310673360576, 22.68682000582826], [75.81085489469415, 22.688562000934773], [75.81049186045824, 22.68877431215282], [75.80924800343608, 22.689202454093824], [75.80777116933217, 22.68957918940153], [75.80683824395027, 22.689776120444172], [75.80631409766443, 22.689824288804758], [75.8043059461523, 22.689974315916402], [75.8035449618157, 22.69004236382293], [75.80291235407061, 22.690122229990514], [75.80224049907237, 22.690166248030103], [75.80146988670347, 22.690152674484228], [75.80198686046225, 22.69782005805749], [75.80232772472775, 22.70111626642744], [75.80523549989672, 22.701942374814724]]]]}}]}